Country Name,Country Code,Year,GDP Growth,Investment,Education Expenditure,Productivity Growth
Albania,ALB,1960,,,,
Albania,ALB,1961,,,,
Albania,ALB,1962,,,,
Albania,ALB,1963,,,,
Albania,ALB,1964,,,,
Albania,ALB,1965,,,,
Albania,ALB,1966,,,,
Albania,ALB,1967,,,,
Albania,ALB,1968,,,,
Albania,ALB,1969,,,,
Albania,ALB,1970,,,,
Albania,ALB,1971,,,,
Albania,ALB,1972,,,,
Albania,ALB,1973,,,,
Albania,ALB,1974,,,,
Albania,ALB,1975,,,,
Albania,ALB,1976,,,,
Albania,ALB,1977,,,,
Albania,ALB,1978,,,,
Albania,ALB,1979,,,,
Albania,ALB,1980,,35.805834723522,,0.21
Albania,ALB,1981,5.74563529228132,36.3861156517659,,2.19
Albania,ALB,1982,2.94859680118944,39.2829001338862,,-1.71
Albania,ALB,1983,1.10493826195055,37.373346292896,,-1.8
Albania,ALB,1984,-1.25159664405811,32.9255350791543,,-3.34
Albania,ALB,1985,1.78064395924895,33.9319591391124,,0.29
Albania,ALB,1986,5.63724317852117,32.0348354243886,,2.25
Albania,ALB,1987,-0.787842654927232,29.4538695223043,,-3.66
Albania,ALB,1988,-1.42003965566396,29.957542067619,,-3.1
Albania,ALB,1989,9.8365489718722,32.8770715994479,,7.84
Albania,ALB,1990,-9.57564016993408,30.360946807547,,-9.95
Albania,ALB,1991,-28.0021416538074,7.60311109567282,,-26.32
Albania,ALB,1992,-7.18711090964234,5.65668410228241,,19.03
Albania,ALB,1993,9.55941167111243,13.6761374504386,,14.68
Albania,ALB,1994,8.30286659699082,18.8965848987739,3.44697999954224,-2.48
Albania,ALB,1995,13.3223333268813,16.4271239839877,3.14191007614136,15.68
Albania,ALB,1996,7.33632894771891,21.1475152669262,3.05029988288879,11.26
Albania,ALB,1997,-11.7115732812278,19.7587807672594,3.3276801109314,-10.27
Albania,ALB,1998,8.3100252038309,22.7895725962923,3.46300005912781,11.09
Albania,ALB,1999,12.2507281968475,24.2715109633495,3.51434993743896,15.01
Albania,ALB,2000,7.46285871776054,34.0401392244169,3.3304500579834,6.64
Albania,ALB,2001,8.8637306604876,38.2280453184166,3.34198999404907,8.29
Albania,ALB,2002,4.62839587394552,38.5753358181086,3.00253009796143,4.59
Albania,ALB,2003,5.33326426009945,36.7221284326025,3.03534007072449,4.84
Albania,ALB,2004,5.26626173860785,36.3319472329288,3.1308000087738,4.94
Albania,ALB,2005,5.13082193056189,38.3843892451909,3.20023989677429,5.43
Albania,ALB,2006,6.0189812403864,37.3389564722485,3.10271000862122,5.57
Albania,ALB,2007,6.50009261158209,35.6688758642439,3.14638996124268,5.54
Albania,ALB,2008,6.90706230713707,33.3056707670518,,11.95
Albania,ALB,2009,2.69075152362146,32.4404588015772,,9.88
Albania,ALB,2010,2.97315442681247,32.4926226328977,,3.81
Albania,ALB,2011,2.46351683915714,33.8376091539876,3.17881310743026,0.21
Albania,ALB,2012,0.984129880204108,29.7150278852687,3.29533986928598,-2.18
Albania,ALB,2013,1.7072283175406,29.0566378899977,3.53355002403259,5.66
Albania,ALB,2014,2.24022695382642,28.3047822758213,3.18177734553254,0.86
Albania,ALB,2015,2.2277040745779,27.8134648405134,3.41300010681152,-2.76
Albania,ALB,2016,3.90893551362245,26.814346013014,3.91997003555298,-3.64
Albania,ALB,2017,3.28317593330073,27.657593194662,3.54673004150391,-1.21
Albania,ALB,2018,3.67141928098908,27.1252994132038,3.08201370407389,0.3
Andorra,AND,1960,,,,
Andorra,AND,1961,,,,
Andorra,AND,1962,,,,
Andorra,AND,1963,,,,
Andorra,AND,1964,,,,
Andorra,AND,1965,,,,
Andorra,AND,1966,,,,
Andorra,AND,1967,,,,
Andorra,AND,1968,,,,
Andorra,AND,1969,,,,
Andorra,AND,1970,,,,
Andorra,AND,1971,4.64946535556467,,,
Andorra,AND,1972,8.14974352749283,,,
Andorra,AND,1973,7.78846724532318,,,
Andorra,AND,1974,5.61878962739297,,,
Andorra,AND,1975,0.54220566972954,,,
Andorra,AND,1976,3.30378705328451,,,
Andorra,AND,1977,2.83857556906837,,,
Andorra,AND,1978,1.46300016981581,,,
Andorra,AND,1979,0.0415572233591206,,,
Andorra,AND,1980,2.20872761148199,,,
Andorra,AND,1981,-0.132474492519691,,,
Andorra,AND,1982,1.2464611381716,,,
Andorra,AND,1983,1.77011827083456,,,
Andorra,AND,1984,1.7846866722919,,,
Andorra,AND,1985,2.32143303428465,,,
Andorra,AND,1986,3.25332182847531,,,
Andorra,AND,1987,5.54712216113352,,,
Andorra,AND,1988,5.09432619448408,,,
Andorra,AND,1989,4.82703427244309,,,
Andorra,AND,1990,3.78138754899436,,,
Andorra,AND,1991,2.54600353080194,,,
Andorra,AND,1992,0.929214040125956,,,
Andorra,AND,1993,-1.03148438999895,,,
Andorra,AND,1994,2.3831822482118,,,
Andorra,AND,1995,2.75750161326249,,,
Andorra,AND,1996,4.64973866754707,,,
Andorra,AND,1997,9.06767205144135,,3.71327996253967,
Andorra,AND,1998,3.19479339289236,,,
Andorra,AND,1999,4.0990789217793,,,
Andorra,AND,2000,3.52836236122388,,,
Andorra,AND,2001,8.11935772169949,,,
Andorra,AND,2002,4.54636221364653,,1.65971004962921,
Andorra,AND,2003,8.69420371612468,,,
Andorra,AND,2004,8.13567633837351,,1.54411995410919,
Andorra,AND,2005,5.39779598500422,,1.64497005939484,
Andorra,AND,2006,4.80868869916921,,2.24489998817444,
Andorra,AND,2007,1.55318814103222,,2.10469007492065,
Andorra,AND,2008,-5.55918636850581,,2.87392997741699,
Andorra,AND,2009,-5.30284654348291,,3.14292001724243,
Andorra,AND,2010,-1.97495799965345,,2.97662997245789,
Andorra,AND,2011,-0.0080697534113909,,2.98706007003784,
Andorra,AND,2012,-4.97444371853503,,2.56577895521486,
Andorra,AND,2013,-3.54759651549344,,2.50616002082825,
Andorra,AND,2014,2.50446552114518,,3.07420992851257,
Andorra,AND,2015,1.43414039522716,,3.28034996986389,
Andorra,AND,2016,3.70967806978986,,3.23707008361816,
Andorra,AND,2017,0.346071889630295,,3.21708989143372,
Andorra,AND,2018,1.58876549046354,,3.2467200756073,
Austria,AUT,1960,,,,
Austria,AUT,1961,5.53797902513386,,,
Austria,AUT,1962,2.64867460443732,,,
Austria,AUT,1963,4.13826783091311,,,
Austria,AUT,1964,6.12435345300248,,,
Austria,AUT,1965,3.48017454307666,,,
Austria,AUT,1966,5.64286142932208,,,
Austria,AUT,1967,3.00804740763752,,,
Austria,AUT,1968,4.47231239659007,,,
Austria,AUT,1969,6.27586703858165,,,
Austria,AUT,1970,7.12287566074039,31.4333409830536,4.16346979141235,
Austria,AUT,1971,5.11496844003607,31.4265276695276,4.29919004440308,
Austria,AUT,1972,6.20786057271572,32.4057741283835,4.46764993667603,
Austria,AUT,1973,4.89043598428583,32.6547440551864,4.53321981430054,
Austria,AUT,1974,3.94213819626765,32.9382030442151,4.67425012588501,
Austria,AUT,1975,-0.363735781670002,27.5044114028849,5.14811992645264,
Austria,AUT,1976,4.57844491490252,28.8748157765454,5.2582597732544,
Austria,AUT,1977,5.0799812066944,30.0794196614993,4.9734902381897,
Austria,AUT,1978,-0.21065365212003,26.8655184002982,5.1800799369812,
Austria,AUT,1979,5.35669993923946,29.7181969744119,5.05797004699707,
Austria,AUT,1980,1.731485495966,29.1472905075519,5.02866983413696,0.81
Austria,AUT,1981,-0.144294731083647,27.2693239400671,5.38891983032227,0.25
Austria,AUT,1982,2.01125455462991,24.8931032241733,5.3840799331665,3.42
Austria,AUT,1983,2.97308783817583,23.3358170355813,5.32463979721069,3.66
Austria,AUT,1984,0.0512751573205321,24.0777118139373,5.31528997421265,0.14
Austria,AUT,1985,2.49867884980837,24.7605640221541,5.31804990768433,2.2
Austria,AUT,1986,2.30139279474186,24.0359568701897,5.52159023284912,2.0
Austria,AUT,1987,1.35716799468845,24.3638840312594,5.3972601890564,1.42
Austria,AUT,1988,3.2958798164712,25.930207426435,5.21114015579224,2.41
Austria,AUT,1989,3.88707478685015,26.8075731157937,5.0378999710083,2.57
Austria,AUT,1990,4.34564183768971,27.0291365800716,4.97673988342285,2.27
Austria,AUT,1991,3.44162748808654,27.2400245299165,5.12327003479004,2.18
Austria,AUT,1992,2.0935244262602,26.5363693813937,5.31782007217407,1.64
Austria,AUT,1993,0.526809769496765,25.5676488572243,5.27264022827148,1.07
Austria,AUT,1994,2.40211843259056,26.4142187207699,,2.42
Austria,AUT,1995,2.66798388882503,27.1040016269491,5.44969987869263,3.03
Austria,AUT,1996,2.21576713087359,26.4922454602716,5.28883981704712,1.95
Austria,AUT,1997,2.1458350552646,26.3834218161954,,1.35
Austria,AUT,1998,3.49288002962309,26.2499845729946,6.13726997375488,2.54
Austria,AUT,1999,3.76192435190464,26.2733169274141,6.13599014282227,2.01
Austria,AUT,2000,3.18952292988787,25.9400787116929,5.62036991119385,2.41
Austria,AUT,2001,1.31698749571339,25.4261245518381,5.60476016998291,0.54
Austria,AUT,2002,1.48436877605324,23.7779667439374,5.56255006790161,1.75
Austria,AUT,2003,1.14156504542775,24.4562050749722,5.39253997802734,0.29
Austria,AUT,2004,2.56525534067859,24.2036725711211,5.34223985671997,2.1
Austria,AUT,2005,2.32036514266782,23.9653234755669,5.28515005111694,1.03
Austria,AUT,2006,3.26933601506059,23.8292704822076,5.26367998123169,1.67
Austria,AUT,2007,3.77522468729185,24.7335259294195,5.17918014526367,1.87
Austria,AUT,2008,1.45330562142114,24.7047623915806,5.2985200881958,-0.44
Austria,AUT,2009,-3.58626472551299,23.0148012049122,5.76567983627319,-3.25
Austria,AUT,2010,1.80898243043663,22.8592812354211,5.73625993728638,1.07
Austria,AUT,2011,2.92746800169145,24.3521600435893,5.62787008285522,1.35
Austria,AUT,2012,0.628246239479637,24.2558827220405,5.51612997055054,-0.35
Austria,AUT,2013,-0.250726423318454,23.9413047862951,5.59404993057251,-0.32
Austria,AUT,2014,0.755798850316665,23.848669034824,5.49767017364502,-0.29
Austria,AUT,2015,1.30352331826198,24.012126686949,5.49143981933594,0.41
Austria,AUT,2016,2.11721964494312,24.4571707244108,5.50954008102417,0.78
Austria,AUT,2017,2.27224992038207,24.9780618382281,5.40181016921997,0.77
Austria,AUT,2018,2.48422114080024,25.8982762235252,5.25437021255493,0.71
Belarus,BLR,1960,,,,
Belarus,BLR,1961,,,,
Belarus,BLR,1962,,,,
Belarus,BLR,1963,,,,
Belarus,BLR,1964,,,,
Belarus,BLR,1965,,,,
Belarus,BLR,1966,,,,
Belarus,BLR,1967,,,,
Belarus,BLR,1968,,,,
Belarus,BLR,1969,,,,
Belarus,BLR,1970,,,,
Belarus,BLR,1971,,,,
Belarus,BLR,1972,,,,
Belarus,BLR,1973,,,,
Belarus,BLR,1974,,,,
Belarus,BLR,1975,,,,
Belarus,BLR,1976,,,,
Belarus,BLR,1977,,,,
Belarus,BLR,1978,,,,
Belarus,BLR,1979,,,,
Belarus,BLR,1980,,,,
Belarus,BLR,1981,,,,
Belarus,BLR,1982,,,,
Belarus,BLR,1983,,,,
Belarus,BLR,1984,,,,
Belarus,BLR,1985,,,,
Belarus,BLR,1986,,,,
Belarus,BLR,1987,,,,
Belarus,BLR,1988,,,,
Belarus,BLR,1989,,,,
Belarus,BLR,1990,,26.5588914549654,,
Belarus,BLR,1991,-1.1999957451749,33.3333333333333,,1.15
Belarus,BLR,1992,-9.60000108728426,31.5217391304348,,-7.22
Belarus,BLR,1993,-7.60000201957324,41.0152284263959,,-6.35
Belarus,BLR,1994,-11.7000038612152,32.9343000056202,,-9.3
Belarus,BLR,1995,-10.4000003781854,24.7498002520531,,-4.54
Belarus,BLR,1996,2.80000456599095,23.5192009966691,,3.86
Belarus,BLR,1997,11.4000054007553,26.8369544475643,,11.26
Belarus,BLR,1998,8.3999913697987,26.7119649197264,,7.25
Belarus,BLR,1999,3.3999992040046,23.7067689249137,6.00001001358032,2.81
Belarus,BLR,2000,5.80000327485702,25.3986730605006,6.19661998748779,5.77
Belarus,BLR,2001,4.72530605111095,23.7608599445648,,5.24
Belarus,BLR,2002,5.04526758311702,22.1768515932559,,5.9
Belarus,BLR,2003,7.04319246586394,24.9543276593883,,8.01
Belarus,BLR,2004,11.4497432088167,28.6673014374357,5.7122597694397,12.01
Belarus,BLR,2005,9.40000151584914,28.4604661956657,5.8710298538208,7.21
Belarus,BLR,2006,9.99999473022963,32.1841371566982,6.07696008682251,8.63
Belarus,BLR,2007,8.60000659811426,34.0919031794272,5.15210008621216,7.45
Belarus,BLR,2008,10.1999994860937,37.6416510261128,,8.0
Belarus,BLR,2009,0.199995231733979,36.8640444559238,4.3689398765564,-0.54
Belarus,BLR,2010,7.75001707500896,40.6563662623236,5.22003984451294,6.45
Belarus,BLR,2011,5.54997471638077,37.2175950788459,4.68479013442993,5.64
Belarus,BLR,2012,1.70785253368828,35.0942730563184,4.95964002609253,3.43
Belarus,BLR,2013,0.998719299661161,38.7980262073973,5.0094199180603,1.76
Belarus,BLR,2014,1.65112470228097,34.8410329356421,4.81830978393555,2.36
Belarus,BLR,2015,-3.82957056812593,29.0346959914608,4.78751993179321,-2.68
Belarus,BLR,2016,-2.5264464460425,26.4775827022928,4.94654989242554,-0.53
Belarus,BLR,2017,2.53218349471909,28.0303589091824,4.79500007629395,3.8
Belarus,BLR,2018,3.14919758275296,28.0788785453202,4.83656978607178,3.46
Belgium,BEL,1960,,,,
Belgium,BEL,1961,4.97842290203951,,,
Belgium,BEL,1962,5.21200316192976,,,
Belgium,BEL,1963,4.35158439272112,,,
Belgium,BEL,1964,6.95668500485647,,,
Belgium,BEL,1965,3.56066018685455,,,
Belgium,BEL,1966,3.15589488893686,,,
Belgium,BEL,1967,3.86814722361169,,,
Belgium,BEL,1968,4.19412943238677,,,
Belgium,BEL,1969,6.62980009162366,,,
Belgium,BEL,1970,6.35267229121293,29.6566888191858,,
Belgium,BEL,1971,3.98582719666759,28.5570889394491,,
Belgium,BEL,1972,5.29560467072521,26.5595358095269,,
Belgium,BEL,1973,6.38170179993882,27.5935750442645,,
Belgium,BEL,1974,4.56525850850306,30.2930162049949,,
Belgium,BEL,1975,-1.96594188277651,26.6322365651753,5.76281976699829,
Belgium,BEL,1976,5.65274606308233,26.9755800760862,5.73104000091553,
Belgium,BEL,1977,0.626154572057786,26.6342768857943,5.98883008956909,
Belgium,BEL,1978,2.84189681697329,26.4213414637772,5.43633985519409,
Belgium,BEL,1979,2.34107304540791,25.9575738619264,5.38035011291504,
Belgium,BEL,1980,4.44405389248001,26.5551106570398,5.31063985824585,4.58
Belgium,BEL,1981,-0.279283585394069,22.5730012588296,5.4353199005127,1.59
Belgium,BEL,1982,0.594986767578831,21.5987922902751,5.3167200088501,1.92
Belgium,BEL,1983,0.311843009473307,18.7590888145527,,1.65
Belgium,BEL,1984,2.46638245146747,19.8182689993281,,2.49
Belgium,BEL,1985,1.65179297063331,18.9772622333502,,1.18
Belgium,BEL,1986,1.82276203316596,18.5655923999919,4.8522801399231,1.18
Belgium,BEL,1987,2.30665968936027,19.6346877735902,4.57711982727051,1.56
Belgium,BEL,1988,4.72320872854138,21.8609744955767,4.30071020126343,2.74
Belgium,BEL,1989,3.46916697570174,23.5258653626574,,1.89
Belgium,BEL,1990,3.13740221731629,24.3463734360231,,2.04
Belgium,BEL,1991,1.83307441343001,22.8402761359904,,1.49
Belgium,BEL,1992,1.53065475142162,22.5925252624135,,1.66
Belgium,BEL,1993,-0.961873076923027,21.9318894363435,5.37233018875122,-0.32
Belgium,BEL,1994,3.22697145426247,22.0127684782659,5.41103982925415,3.66
Belgium,BEL,1995,2.38475724870135,21.7907720637316,2.98866009712219,0.93
Belgium,BEL,1996,1.32143214432601,21.6307467878374,3.04948997497559,1.05
Belgium,BEL,1997,3.79367165541437,22.3003415862901,,3.09
Belgium,BEL,1998,1.96183240455609,22.3486590795955,,0.2
Belgium,BEL,1999,3.54271798823922,22.6890118180362,,2.13
Belgium,BEL,2000,3.71670510672588,23.7829613022103,,1.67
Belgium,BEL,2001,1.09960362419645,22.6338254993949,,-0.27
Belgium,BEL,2002,1.70689430349601,20.7474019774138,,1.9
Belgium,BEL,2003,1.03795518162204,20.9647077064668,,1.12
Belgium,BEL,2004,3.57120671942319,22.6670601715452,,2.56
Belgium,BEL,2005,2.32173792911834,23.6810632000764,5.79584980010986,0.87
Belgium,BEL,2006,2.55234087322462,23.9705491132595,,1.42
Belgium,BEL,2007,3.67692462515802,24.6032741505197,,1.99
Belgium,BEL,2008,0.446905130727231,25.9367703303917,6.33294010162354,-1.34
Belgium,BEL,2009,-1.90644105515335,22.0264057475968,6.43465995788574,-1.86
Belgium,BEL,2010,2.71031150254662,22.3942744569467,6.44078016281128,2.21
Belgium,BEL,2011,1.93115502411325,24.4795580355563,6.38481998443604,0.32
Belgium,BEL,2012,0.215803612089744,23.5882360674433,6.56625986099243,0.3
Belgium,BEL,2013,0.305494549070232,22.7089453730117,6.60135984420776,0.79
Belgium,BEL,2014,1.76554038149924,23.2582959776352,6.55866003036499,1.14
Belgium,BEL,2015,1.47416433731927,23.3223676294346,6.46963977813721,1.13
Belgium,BEL,2016,1.19350273007754,24.1815766017974,6.48613023757935,0.23
Belgium,BEL,2017,1.47446761556785,24.3318331321638,6.44915008544922,0.57
Belgium,BEL,2018,1.87796847383565,25.5515767637203,6.38883018493652,0.22
Bosnia and Herzegovina,BIH,1960,,,,
Bosnia and Herzegovina,BIH,1961,,,,
Bosnia and Herzegovina,BIH,1962,,,,
Bosnia and Herzegovina,BIH,1963,,,,
Bosnia and Herzegovina,BIH,1964,,,,
Bosnia and Herzegovina,BIH,1965,,,,
Bosnia and Herzegovina,BIH,1966,,,,
Bosnia and Herzegovina,BIH,1967,,,,
Bosnia and Herzegovina,BIH,1968,,,,
Bosnia and Herzegovina,BIH,1969,,,,
Bosnia and Herzegovina,BIH,1970,,,,
Bosnia and Herzegovina,BIH,1971,,,,
Bosnia and Herzegovina,BIH,1972,,,,
Bosnia and Herzegovina,BIH,1973,,,,
Bosnia and Herzegovina,BIH,1974,,,,
Bosnia and Herzegovina,BIH,1975,,,,
Bosnia and Herzegovina,BIH,1976,,,,
Bosnia and Herzegovina,BIH,1977,,,,
Bosnia and Herzegovina,BIH,1978,,,,
Bosnia and Herzegovina,BIH,1979,,,,
Bosnia and Herzegovina,BIH,1980,,,,
Bosnia and Herzegovina,BIH,1981,,,,
Bosnia and Herzegovina,BIH,1982,,,,
Bosnia and Herzegovina,BIH,1983,,,,
Bosnia and Herzegovina,BIH,1984,,,,
Bosnia and Herzegovina,BIH,1985,,,,
Bosnia and Herzegovina,BIH,1986,,,,
Bosnia and Herzegovina,BIH,1987,,,,
Bosnia and Herzegovina,BIH,1988,,,,
Bosnia and Herzegovina,BIH,1989,,,,
Bosnia and Herzegovina,BIH,1990,,,,
Bosnia and Herzegovina,BIH,1991,-9.34802540730465,,,-8.83
Bosnia and Herzegovina,BIH,1992,-6.43690762214798,,,-2.54
Bosnia and Herzegovina,BIH,1993,-2.18134734859012,,,3.01
Bosnia and Herzegovina,BIH,1994,11.1319640352363,,,16.69
Bosnia and Herzegovina,BIH,1995,15.9683009303506,19.9831460781267,,25.88
Bosnia and Herzegovina,BIH,1996,54.199300436288,41.2139014001628,,94.02
Bosnia and Herzegovina,BIH,1997,36.6411285333574,41.9999993717899,,37.23
Bosnia and Herzegovina,BIH,1998,16.6163750921985,38.0000002760846,,16.94
Bosnia and Herzegovina,BIH,1999,9.52156995576404,27.9999793095576,,11.79
Bosnia and Herzegovina,BIH,2000,5.41431598814764,30.3063848486067,,6.47
Bosnia and Herzegovina,BIH,2001,2.42331312996704,31.5798435626332,,5.47
Bosnia and Herzegovina,BIH,2002,5.027444647203,31.4743870270505,,6.39
Bosnia and Herzegovina,BIH,2003,3.86713552011777,30.2984402640792,,4.49
Bosnia and Herzegovina,BIH,2004,6.32526794858342,30.5199983473086,,6.7
Bosnia and Herzegovina,BIH,2005,3.89718320544974,29.4542245809708,,8.66
Bosnia and Herzegovina,BIH,2006,5.41400299607282,25.812454778118,,6.02
Bosnia and Herzegovina,BIH,2007,5.85911689412598,30.4691927596175,,1.0
Bosnia and Herzegovina,BIH,2008,5.44184730165964,32.3119832270202,,0.69
Bosnia and Herzegovina,BIH,2009,-3.0044555389081,23.713209921992,,0.5
Bosnia and Herzegovina,BIH,2010,0.865667236280544,21.9146685888149,,2.68
Bosnia and Herzegovina,BIH,2011,0.959511709726897,22.6759067100927,,4.25
Bosnia and Herzegovina,BIH,2012,-0.821837252962993,22.8835705606596,,-0.46
Bosnia and Herzegovina,BIH,2013,2.34985873172397,21.6685850406414,,1.35
Bosnia and Herzegovina,BIH,2014,1.15384793371298,23.0340139751835,3.31473965674631,2.39
Bosnia and Herzegovina,BIH,2015,4.28413016137854,22.1698345771577,3.0181128667772,1.83
Bosnia and Herzegovina,BIH,2016,3.24225822231566,23.3303836437325,4.26451015472412,5.85
Bosnia and Herzegovina,BIH,2017,3.24409895306594,25.1642904731319,2.83868424239217,0.25
Bosnia and Herzegovina,BIH,2018,3.82900399349064,24.8120206694305,3.89297008514404,1.02
Bulgaria,BGR,1960,,,,
Bulgaria,BGR,1961,,,,
Bulgaria,BGR,1962,,,,
Bulgaria,BGR,1963,,,,
Bulgaria,BGR,1964,,,,
Bulgaria,BGR,1965,,,,
Bulgaria,BGR,1966,,,,
Bulgaria,BGR,1967,,,,
Bulgaria,BGR,1968,,,,
Bulgaria,BGR,1969,,,,
Bulgaria,BGR,1970,,,,
Bulgaria,BGR,1971,,,,
Bulgaria,BGR,1972,,,,
Bulgaria,BGR,1973,,,,
Bulgaria,BGR,1974,,,,
Bulgaria,BGR,1975,,,,
Bulgaria,BGR,1976,,,,
Bulgaria,BGR,1977,,,,
Bulgaria,BGR,1978,,,,
Bulgaria,BGR,1979,,,,
Bulgaria,BGR,1980,,33.9981798877597,3.52947998046875,5.31
Bulgaria,BGR,1981,4.90016371130524,35.4872732386443,,3.55
Bulgaria,BGR,1982,2.33456447524753,34.1333513112654,,1.55
Bulgaria,BGR,1983,3.43030746493757,32.8872269238339,,3.11
Bulgaria,BGR,1984,3.39644319100204,33.201581027668,,3.54
Bulgaria,BGR,1985,2.68343855608863,32.1992199219922,,2.68
Bulgaria,BGR,1986,4.20760266886673,35.875,,3.9
Bulgaria,BGR,1987,6.05451439469446,32.9067837447127,,5.72
Bulgaria,BGR,1988,10.9446917287804,34.4146901300689,,11.42
Bulgaria,BGR,1989,-3.28988230604452,33.1109463800346,,-1.01
Bulgaria,BGR,1990,-9.11737619878788,25.5871073383031,4.45406007766724,-3.17
Bulgaria,BGR,1991,-8.44535563764769,22.5976159933121,5.42961978912354,5.25
Bulgaria,BGR,1992,-7.27238740564677,19.8885663634061,5.26045989990234,0.94
Bulgaria,BGR,1993,-1.48021466527921,15.2823311542564,4.95048999786377,0.11
Bulgaria,BGR,1994,1.81801189464269,9.39115290580193,4.1706600189209,1.19
Bulgaria,BGR,1995,2.90231544397766,17.7285696544682,2.37207007408142,1.61
Bulgaria,BGR,1996,5.20547920578709,1.15732750526262,2.23007988929748,-1.98
Bulgaria,BGR,1997,-14.1153771596692,9.72740977629433,,2.05
Bulgaria,BGR,1998,3.7891144939896,18.7085980494502,2.73942995071411,7.45
Bulgaria,BGR,1999,-8.39608774026568,19.8436643838826,,-4.27
Bulgaria,BGR,2000,4.58722553234129,19.0461421311854,,7.32
Bulgaria,BGR,2001,3.82370222571771,21.3510606825964,3.38423991203308,4.56
Bulgaria,BGR,2002,5.87193134676191,20.529013802931,3.38608002662659,5.69
Bulgaria,BGR,2003,5.23715282493174,22.0741671260247,3.99845004081726,2.14
Bulgaria,BGR,2004,6.5104241389717,23.4333545983608,4.24988985061646,3.75
Bulgaria,BGR,2005,7.05634916258309,27.7396801127277,4.10879993438721,4.31
Bulgaria,BGR,2006,6.80259262432862,32.0563311507493,3.90346002578735,3.42
Bulgaria,BGR,2007,6.65438512368812,33.606222556895,3.680340051651,4.04
Bulgaria,BGR,2008,6.12955885899744,36.9245307045696,4.2190899848938,3.58
Bulgaria,BGR,2009,-3.34714308501542,28.5382141833642,4.27429008483887,-1.91
Bulgaria,BGR,2010,1.55536266288017,22.5179653399321,3.85746002197266,5.41
Bulgaria,BGR,2011,2.09017598337418,21.3581940338909,3.54690003395081,4.21
Bulgaria,BGR,2012,0.748814556346105,21.8870795265983,3.47650003433227,2.6
Bulgaria,BGR,2013,-0.542753400392826,21.0060147414226,4.05766010284424,0.93
Bulgaria,BGR,2014,0.949449772002041,21.5078429076067,4.19388008117676,1.46
Bulgaria,BGR,2015,3.39755351999294,20.999927047816,3.88469004631042,3.11
Bulgaria,BGR,2016,3.02662820096305,18.9624308573589,3.81435990333557,3.42
Bulgaria,BGR,2017,2.74592737750996,19.8169934625584,4.07754993438721,1.99
Bulgaria,BGR,2018,2.33015054210419,21.1661567293564,4.05201005935669,3.19
Croatia,HRV,1960,,,,
Croatia,HRV,1961,,,,
Croatia,HRV,1962,,,,
Croatia,HRV,1963,,,,
Croatia,HRV,1964,,,,
Croatia,HRV,1965,,,,
Croatia,HRV,1966,,,,
Croatia,HRV,1967,,,,
Croatia,HRV,1968,,,,
Croatia,HRV,1969,,,,
Croatia,HRV,1970,,,,
Croatia,HRV,1971,,,,
Croatia,HRV,1972,,,,
Croatia,HRV,1973,,,,
Croatia,HRV,1974,,,,
Croatia,HRV,1975,,,,
Croatia,HRV,1976,,,,
Croatia,HRV,1977,,,,
Croatia,HRV,1978,,,,
Croatia,HRV,1979,,,,
Croatia,HRV,1980,,,,
Croatia,HRV,1981,,,,
Croatia,HRV,1982,,,,
Croatia,HRV,1983,,,,
Croatia,HRV,1984,,,,
Croatia,HRV,1985,,,,
Croatia,HRV,1986,,,,
Croatia,HRV,1987,,,,
Croatia,HRV,1988,,,,
Croatia,HRV,1989,,,,
Croatia,HRV,1990,,,,
Croatia,HRV,1991,-21.0886706590035,,,-13.6
Croatia,HRV,1992,-11.7132905102592,,,0.3
Croatia,HRV,1993,-8.02558188400313,,,-6.34
Croatia,HRV,1994,5.87047464864034,,,8.28
Croatia,HRV,1995,6.74972166914642,16.1873250190888,,8.13
Croatia,HRV,1996,6.11143125777198,19.4848694848695,,5.85
Croatia,HRV,1997,6.16532327216601,24.6513994910941,,6.6
Croatia,HRV,1998,2.25345287133511,20.9284136915716,,2.25
Croatia,HRV,1999,-0.850447604002099,20.404321126003,,-0.85
Croatia,HRV,2000,2.94765913375998,19.3198414354267,,3.39
Croatia,HRV,2001,3.11089328552634,20.5000776518093,,4.02
Croatia,HRV,2002,5.80141595577015,23.7622362794643,3.82305002212524,4.21
Croatia,HRV,2003,5.56842901730823,27.2298359919119,3.87019991874695,3.08
Croatia,HRV,2004,4.17049297825163,26.025034935926,3.82386994361877,3.29
Croatia,HRV,2005,4.32819454299167,26.0799867333683,,3.26
Croatia,HRV,2006,5.06986521577841,28.0931881488985,,1.79
Croatia,HRV,2007,5.04884076732965,28.1517266885488,3.96898007392883,2.04
Croatia,HRV,2008,1.97176786914632,29.5499946300075,4.2783899307251,-0.37
Croatia,HRV,2009,-6.81168973851901,24.3749580320971,4.36217021942139,-6.66
Croatia,HRV,2010,-1.33616285467264,20.3682057276447,4.20651006698608,2.36
Croatia,HRV,2011,-0.111527124990047,18.9999778658226,4.10584020614624,3.68
Croatia,HRV,2012,-2.23702049605232,18.0237101203367,,1.42
Croatia,HRV,2013,-0.132561080066893,18.7253117926413,4.50127983093262,2.14
Croatia,HRV,2014,-0.559537666687092,18.0574128554872,,-2.7
Croatia,HRV,2015,2.32056679330526,19.4796153678806,,1.18
Croatia,HRV,2016,3.46613146011039,19.8965647731573,,3.19
Croatia,HRV,2017,3.2840626939789,20.839700796268,3.87207007408142,0.92
Croatia,HRV,2018,2.91107146210912,22.4888446291438,3.92432999610901,0.3
Cyprus,CYP,1960,,,,
Cyprus,CYP,1961,,,,
Cyprus,CYP,1962,,,,
Cyprus,CYP,1963,,,,
Cyprus,CYP,1964,,,,
Cyprus,CYP,1965,,,,
Cyprus,CYP,1966,,,,
Cyprus,CYP,1967,,,,
Cyprus,CYP,1968,,,,
Cyprus,CYP,1969,,,,
Cyprus,CYP,1970,,,,
Cyprus,CYP,1971,,,,
Cyprus,CYP,1972,,,,
Cyprus,CYP,1973,,,,
Cyprus,CYP,1974,,,,
Cyprus,CYP,1975,,22.5291760208021,4.33502006530762,
Cyprus,CYP,1976,20.2662921730549,26.5648323756972,3.81970000267029,
Cyprus,CYP,1977,16.3620009518905,34.8853722036776,3.38548994064331,
Cyprus,CYP,1978,7.77740335290346,37.2161940988201,3.31234002113342,
Cyprus,CYP,1979,9.90556937510574,38.726580211903,3.35313010215759,
Cyprus,CYP,1980,5.75324469989047,37.8140189709447,3.42600989341736,0.82
Cyprus,CYP,1981,2.51699845757433,33.8127814083843,3.79132008552551,-0.07
Cyprus,CYP,1982,6.02170898668292,31.7201665012892,3.73178005218506,3.92
Cyprus,CYP,1983,5.58218169389765,30.1134871336779,,3.03
Cyprus,CYP,1984,8.75789438628422,33.595031989419,3.60191011428833,5.2
Cyprus,CYP,1985,4.8825407627786,30.3400346189038,3.58696007728577,1.1
Cyprus,CYP,1986,3.70395029052595,25.9229188754433,3.48897004127502,2.78
Cyprus,CYP,1987,7.06525081643719,25.5308414288787,3.4487099647522,3.82
Cyprus,CYP,1988,8.6467778500465,27.4562850124496,3.37546992301941,3.71
Cyprus,CYP,1989,7.94742552608687,30.8919291059449,3.37627005577087,4.08
Cyprus,CYP,1990,7.40399951139527,27.0454275173864,3.33924007415771,4.9
Cyprus,CYP,1991,0.739501434263062,25.8421500253731,3.57539010047913,0.35
Cyprus,CYP,1992,9.39999830664647,28.6989594160607,3.78029990196228,4.93
Cyprus,CYP,1993,0.700000765065823,24.0877025597726,4.09555006027222,0.7
Cyprus,CYP,1994,5.89999928523103,25.5156537748794,4.15996980667114,3.97
Cyprus,CYP,1995,8.36246885710111,26.5338684333737,3.74123001098633,4.18
Cyprus,CYP,1996,1.24854147527125,24.2025436192963,,0.72
Cyprus,CYP,1997,2.64093066351474,24.0288125482553,,2.01
Cyprus,CYP,1998,6.11088294947106,19.0397138826455,,4.47
Cyprus,CYP,1999,4.99795469482918,19.8134523139147,4.7720799446106,3.09
Cyprus,CYP,2000,5.96530445494226,20.4291577976899,4.98954010009766,4.24
Cyprus,CYP,2001,3.95256258200938,17.7345535252016,5.11552000045776,1.75
Cyprus,CYP,2002,3.72297491128981,20.2817486986233,5.58166980743408,1.6
Cyprus,CYP,2003,2.62329962315329,19.49832670211,6.6702299118042,-0.94
Cyprus,CYP,2004,5.02627226665527,21.8649074462916,6.11772012710571,1.01
Cyprus,CYP,2005,4.85298762175586,22.2094374377754,6.28667020797729,1.18
Cyprus,CYP,2006,4.71378358593959,24.3137543872675,6.33027982711792,2.81
Cyprus,CYP,2007,5.09822614854798,24.0710075269171,6.28083992004395,0.64
Cyprus,CYP,2008,3.64698922103939,28.6449330178426,6.72277021408081,0.12
Cyprus,CYP,2009,-2.01508203683694,22.5317717896077,7.20547008514404,-2.05
Cyprus,CYP,2010,2.28267100119788,23.6867268786643,6.52559995651245,1.53
Cyprus,CYP,2011,0.416711868408683,18.5481211774998,6.52042007446289,0.38
Cyprus,CYP,2012,-3.44738151374587,15.8177899862593,,-0.27
Cyprus,CYP,2013,-6.58747751118347,12.5650583420074,6.46747016906738,-0.65
Cyprus,CYP,2014,-1.77605867728616,13.1877395604674,6.42111015319824,-0.05
Cyprus,CYP,2015,3.41892038889013,13.3226795380088,6.30491018295288,1.84
Cyprus,CYP,2016,6.57359080924678,17.0541463112928,6.11811017990112,2.09
Cyprus,CYP,2017,5.75083236554525,20.3824581997576,5.69961977005005,0.06
Cyprus,CYP,2018,6.27166360056404,18.9431273490169,,0.03
Czechia,CZE,1960,,,,
Czechia,CZE,1961,,,,
Czechia,CZE,1962,,,,
Czechia,CZE,1963,,,,
Czechia,CZE,1964,,,,
Czechia,CZE,1965,,,,
Czechia,CZE,1966,,,,
Czechia,CZE,1967,,,,
Czechia,CZE,1968,,,,
Czechia,CZE,1969,,,,
Czechia,CZE,1970,,,,
Czechia,CZE,1971,,,,
Czechia,CZE,1972,,,,
Czechia,CZE,1973,,,,
Czechia,CZE,1974,,,,
Czechia,CZE,1975,,,,
Czechia,CZE,1976,,,,
Czechia,CZE,1977,,,,
Czechia,CZE,1978,,,,
Czechia,CZE,1979,,,,
Czechia,CZE,1980,,,,
Czechia,CZE,1981,,,,
Czechia,CZE,1982,,,,
Czechia,CZE,1983,,,,
Czechia,CZE,1984,,,,
Czechia,CZE,1985,,,,
Czechia,CZE,1986,,,,
Czechia,CZE,1987,,,,
Czechia,CZE,1988,,,,
Czechia,CZE,1989,,,,
Czechia,CZE,1990,,24.3277286034708,,
Czechia,CZE,1991,-11.6149423646776,22.2724066655312,,-8.35
Czechia,CZE,1992,-0.506542343116848,25.3890238994575,3.72541999816894,-1.85
Czechia,CZE,1993,0.0619042423607254,26.4647230849772,4.12948989868164,0.26
Czechia,CZE,1994,2.90930948412982,29.7817050664405,4.61730003356934,1.8
Czechia,CZE,1995,6.22140598863832,33.8561860572745,4.48584985733032,5.46
Czechia,CZE,1996,4.16858426915319,35.8320529231384,4.2188401222229,3.69
Czechia,CZE,1997,-0.595838414214853,32.6953430221502,,0.11
Czechia,CZE,1998,-0.393150193750415,30.7431840522591,3.55989003181458,1.43
Czechia,CZE,1999,1.37836060943835,29.7451345778523,3.64439988136292,3.67
Czechia,CZE,2000,4.010669619984,31.8350210442972,3.61999011039734,5.13
Czechia,CZE,2001,2.9172195289956,32.0060318555442,3.71491003036499,3.18
Czechia,CZE,2002,1.51345949139996,30.4816181826653,3.9390299320221,1.02
Czechia,CZE,2003,3.300836832613,29.5495865624593,4.10311985015869,4.43
Czechia,CZE,2004,4.73633969683438,29.8242716361965,3.98130011558533,5.11
Czechia,CZE,2005,6.37502886086791,29.2856028582089,3.86250996589661,4.5
Czechia,CZE,2006,6.62317299177447,30.0796940275085,4.19625997543335,5.43
Czechia,CZE,2007,5.48882595164517,32.1072107272958,3.85006999969482,3.44
Czechia,CZE,2008,2.61226807205139,30.9994095449633,3.73207998275757,0.49
Czechia,CZE,2009,-4.79832416684926,26.3978882297703,4.1553201675415,-3.05
Czechia,CZE,2010,2.71466509907701,26.7312876523202,3.99341988563538,3.34
Czechia,CZE,2011,1.77238085338473,26.6053370220652,4.20787000656128,2.06
Czechia,CZE,2012,-0.770668190622743,25.6688421143623,4.19049978256226,-1.21
Czechia,CZE,2013,-0.0418124160447491,24.3768606031502,4.02132987976074,-0.8
Czechia,CZE,2014,2.24521219862635,25.3494353917128,3.93603992462158,2.15
Czechia,CZE,2015,4.95875848915604,26.9686249210792,5.71913003921509,3.83
Czechia,CZE,2016,2.58087013921376,25.0750046974725,5.50080013275146,0.85
Czechia,CZE,2017,5.17356529967881,25.0897410946251,3.75574994087219,2.76
Czechia,CZE,2018,2.83030588267866,25.6426079021172,4.21541023254395,1.37
Denmark,DNK,1960,,,,
Denmark,DNK,1961,6.37883241469532,,,
Denmark,DNK,1962,5.66682208755829,,,
Denmark,DNK,1963,0.637021221129984,,,
Denmark,DNK,1964,9.26993821028159,,,
Denmark,DNK,1965,4.5552548590879,,,
Denmark,DNK,1966,2.74091007045041,25.6442257679921,,
Denmark,DNK,1967,5.88623124121932,25.1538602173858,,
Denmark,DNK,1968,5.85299737649714,25.0453447340054,,
Denmark,DNK,1969,6.79912047392293,27.0378189002729,,
Denmark,DNK,1970,1.85600172758038,26.7461761278856,5.95552015304565,
Denmark,DNK,1971,3.17782168196071,25.9119088737487,6.39340019226074,
Denmark,DNK,1972,3.79759816845579,26.7081032129474,6.48179006576538,
Denmark,DNK,1973,4.71949291132046,27.5421286673335,6.268630027771,
Denmark,DNK,1974,-0.964267384329801,26.9472196406025,6.58820009231567,
Denmark,DNK,1975,-1.40989953291778,22.4820976446144,6.72235012054443,
Denmark,DNK,1976,5.99340195153275,25.4293850852667,,
Denmark,DNK,1977,1.98543025474245,24.418617559832,5.68040990829468,
Denmark,DNK,1978,2.41699354282181,23.1402004112756,5.75755977630615,
Denmark,DNK,1979,4.05329979126334,23.1153112796224,5.58436012268066,
Denmark,DNK,1980,-0.751430002361559,20.1462969309744,5.93732976913452,0.09
Denmark,DNK,1981,-0.740986389012875,17.0811078051372,,0.92
Denmark,DNK,1982,3.89211245643591,18.339599600925,,3.22
Denmark,DNK,1983,2.65480394401855,18.4312799359679,,2.52
Denmark,DNK,1984,4.33934505132922,20.6727305316566,,2.68
Denmark,DNK,1985,4.15308383294486,22.1699172073213,,1.64
Denmark,DNK,1986,4.73340611933794,23.8590635229867,5.86020994186401,2.4
Denmark,DNK,1987,0.462955829960563,22.0271392529802,6.09092998504639,-0.5
Denmark,DNK,1988,0.272951118976223,21.0574986406422,6.33601999282837,0.47
Denmark,DNK,1989,0.697173210370437,21.3244929978655,5.84318017959595,0.97
Denmark,DNK,1990,1.66026774169177,20.7926471394728,,1.9
Denmark,DNK,1991,1.45818005306188,19.6001118620312,5.59853982925415,2.39
Denmark,DNK,1992,2.0228112415746,18.923380103226,,2.79
Denmark,DNK,1993,-0.078900412805325,17.3548958584816,7.77740001678467,1.67
Denmark,DNK,1994,5.29469615156448,18.7158365815896,7.47797012329102,3.28
Denmark,DNK,1995,3.03802150461165,20.6446400534927,7.4773998260498,2.39
Denmark,DNK,1996,2.89575069230459,20.0192738426291,7.89128017425537,1.89
Denmark,DNK,1997,3.16848143784479,22.0150354063714,,1.85
Denmark,DNK,1998,2.32630274538961,22.5996961616985,8.11200046539307,0.8
Denmark,DNK,1999,2.96730536257029,20.8350374028012,7.93461990356445,2.1
Denmark,DNK,2000,3.72400899471576,22.2944061771116,8.09002017974854,2.98
Denmark,DNK,2001,0.95003224600012,21.7493884508849,8.21092987060547,-0.17
Denmark,DNK,2002,0.456530018779986,21.256815503883,8.20600032806396,0.4
Denmark,DNK,2003,0.441091006625101,20.885998901756,8.10986042022705,1.32
Denmark,DNK,2004,2.77635180744053,21.6460819600503,8.1876802444458,3.21
Denmark,DNK,2005,2.35960882992528,22.1713094338111,8.06474018096924,0.9
Denmark,DNK,2006,3.81648769908172,24.2627515456151,7.71623992919922,1.62
Denmark,DNK,2007,0.987173815945127,25.231367727118,7.59683990478516,-1.39
Denmark,DNK,2008,-0.417178439991005,24.0357328016323,7.441969871521,-1.68
Denmark,DNK,2009,-4.97447905669058,19.0326255602397,8.41279029846191,-1.82
Denmark,DNK,2010,1.58289703108802,17.8221551141916,8.55023002624512,4.3
Denmark,DNK,2011,1.3108037609606,18.9874945831856,8.47716045379639,1.38
Denmark,DNK,2012,-0.0054323016167074,19.2269717517509,7.24570989608765,0.94
Denmark,DNK,2013,1.39267343161971,19.3525146403367,8.46860980987549,0.95
Denmark,DNK,2014,1.27799983192831,20.1482030437865,7.63833999633789,0.74
Denmark,DNK,2015,2.10441456445301,20.5435311718122,,0.95
Denmark,DNK,2016,3.07304549209093,21.680712423112,7.71534013748169,1.72
Denmark,DNK,2017,3.05647723922718,21.9568242214893,7.3700098991394,0.37
Denmark,DNK,2018,1.8600074900921,22.5323146804877,7.32747983932495,0.58
Estonia,EST,1960,,,,
Estonia,EST,1961,,,,
Estonia,EST,1962,,,,
Estonia,EST,1963,,,,
Estonia,EST,1964,,,,
Estonia,EST,1965,,,,
Estonia,EST,1966,,,,
Estonia,EST,1967,,,,
Estonia,EST,1968,,,,
Estonia,EST,1969,,,,
Estonia,EST,1970,,,,
Estonia,EST,1971,,,,
Estonia,EST,1972,,,,
Estonia,EST,1973,,,,
Estonia,EST,1974,,,,
Estonia,EST,1975,,,,
Estonia,EST,1976,,,,
Estonia,EST,1977,,,,
Estonia,EST,1978,,,,
Estonia,EST,1979,,,,
Estonia,EST,1980,,,,
Estonia,EST,1981,,,,
Estonia,EST,1982,,,,
Estonia,EST,1983,,,,
Estonia,EST,1984,,,,
Estonia,EST,1985,,,,
Estonia,EST,1986,,,,
Estonia,EST,1987,,,,
Estonia,EST,1988,,,,
Estonia,EST,1989,,,,
Estonia,EST,1990,,,,
Estonia,EST,1991,-7.99984543758373,,,-5.31
Estonia,EST,1992,-21.1686553650031,,5.28141021728516,-16.17
Estonia,EST,1993,-5.74049004899702,25.9798021372351,5.69822978973389,2.39
Estonia,EST,1994,-1.6424292041964,26.8127267793607,5.49428987503052,1.77
Estonia,EST,1995,4.52668338927012,26.4111323654494,5.89866018295288,11.42
Estonia,EST,1996,4.94301226131752,27.4830229594263,6.0549201965332,7.46
Estonia,EST,1997,13.0500207047869,30.7232535651635,6.33788013458252,12.99
Estonia,EST,1998,4.33982761193587,31.6245038899654,6.23536014556885,6.32
Estonia,EST,1999,-0.425025372086623,25.9038094343294,6.65249013900757,4.25
Estonia,EST,2000,10.0876385800462,28.4761032107323,5.33945989608765,9.17
Estonia,EST,2001,5.88074589534277,29.6026320949271,5.23217010498047,5.39
Estonia,EST,2002,6.93300082616575,32.9307657546669,5.433030128479,6.82
Estonia,EST,2003,7.59630181032645,35.1880300634078,5.27171993255615,5.31
Estonia,EST,2004,6.80070110758655,34.6488549298291,4.87566995620728,7.2
Estonia,EST,2005,9.52305386462066,33.3508381603819,4.80935001373291,7.06
Estonia,EST,2006,9.76257131206653,39.8256877468792,,4.61
Estonia,EST,2007,7.57091879311882,40.0058943445447,4.6196699142456,7.37
Estonia,EST,2008,-5.12531154308803,31.6334055843093,5.48375988006592,-4.9
Estonia,EST,2009,-14.6302225427906,21.0087753498274,5.9597601890564,-4.71
Estonia,EST,2010,2.4497502063999,21.5876781655604,5.51753997802734,8.05
Estonia,EST,2011,7.60697458913162,25.4681664047184,4.99514007568359,0.84
Estonia,EST,2012,3.67201872506541,29.0805066900785,4.67340993881226,1.46
Estonia,EST,2013,1.75649379621869,26.8697121064814,4.78006982803345,0.1
Estonia,EST,2014,3.32278988182702,26.727615908803,4.32586002349854,2.2
Estonia,EST,2015,1.83815262882932,24.6409611018289,5.05127000808716,-1.0
Estonia,EST,2016,3.09301920751959,24.7023530937166,5.05511999130249,2.34
Estonia,EST,2017,5.63467248963991,25.9381976210924,4.86288022994995,2.98
Estonia,EST,2018,3.69969756161726,27.8503992212561,5.13962984085083,3.47
Finland,FIN,1960,,,,
Finland,FIN,1961,7.60467026250204,,,
Finland,FIN,1962,2.98194619587649,,,
Finland,FIN,1963,3.28509957241208,,,
Finland,FIN,1964,5.23868649547225,,,
Finland,FIN,1965,5.30285837553808,,,
Finland,FIN,1966,2.37282236922805,,,
Finland,FIN,1967,2.16882897910781,,,
Finland,FIN,1968,2.30328981591643,,,
Finland,FIN,1969,9.59328847858328,,,
Finland,FIN,1970,7.47043267144105,31.8216799928711,5.41300010681152,
Finland,FIN,1971,2.35692123166586,31.9418924071406,5.33090019226074,
Finland,FIN,1972,7.7354848193458,29.4133687529503,5.00775003433228,
Finland,FIN,1973,6.98382835563822,30.8945675388541,5.09291982650757,
Finland,FIN,1974,3.23653343563224,37.0262372556363,4.48191022872925,
Finland,FIN,1975,1.80489795187316,36.1656051779694,5.032790184021,
Finland,FIN,1976,0.344383187103318,29.2252383526005,5.22785997390747,
Finland,FIN,1977,0.239510630103453,27.9854156187071,,
Finland,FIN,1978,2.91970756437469,24.3945818554308,,
Finland,FIN,1979,7.12192593764533,27.7736774454432,4.79649019241333,
Finland,FIN,1980,5.38904748575388,31.2448009506833,4.82531976699829,2.41
Finland,FIN,1981,1.28938426892493,28.4017760962665,4.83411979675293,0.01
Finland,FIN,1982,3.08671541654802,28.6805945036455,4.78051996231079,1.92
Finland,FIN,1983,3.10384880639285,28.4041394335512,4.8572301864624,2.7
Finland,FIN,1984,3.22653291609758,27.2388757905767,4.70050001144409,2.58
Finland,FIN,1985,3.54005438717211,26.9557750107342,5.0471601486206,3.35
Finland,FIN,1986,2.75509931172768,26.0642032037782,5.10178995132446,3.05
Finland,FIN,1987,3.56103297195551,26.8133069400538,5.20250988006592,2.96
Finland,FIN,1988,5.23111280719965,29.1100131666428,5.06788015365601,4.13
Finland,FIN,1989,5.08392955255206,32.0054497181983,5.07349014282227,4.07
Finland,FIN,1990,0.691649917806032,30.1371971329317,5.33860015869141,1.14
Finland,FIN,1991,-5.88059618513641,24.0884562723643,6.33646011352539,-0.3
Finland,FIN,1992,-3.31137361706595,21.071875073715,6.52018976211548,4.0
Finland,FIN,1993,-0.779815061561479,18.6053031187945,7.49572992324829,5.62
Finland,FIN,1994,3.96437283726799,19.7835536041304,6.86486005783081,5.4
Finland,FIN,1995,4.23436710187066,20.3668718386251,6.81648015975952,2.4
Finland,FIN,1996,3.66265716987186,20.2614314992596,6.86610984802246,2.2
Finland,FIN,1997,6.39770068404337,21.7633888266946,,2.81
Finland,FIN,1998,5.45427021765444,23.0231418820736,,3.53
Finland,FIN,1999,4.38928070374669,22.4103146081584,5.87123012542725,1.84
Finland,FIN,2000,5.75373770498848,23.8741513058525,5.71163988113403,3.52
Finland,FIN,2001,2.64026205699308,23.1797971136758,5.84084987640381,1.14
Finland,FIN,2002,1.68732644358099,22.0594179466451,6.01865005493164,0.62
Finland,FIN,2003,2.01179992738312,22.231962772058,6.168869972229,1.86
Finland,FIN,2004,4.00537952277651,22.8724778097656,6.15823984146118,3.41
Finland,FIN,2005,2.77730918518017,24.6073870744416,6.02582979202271,1.2
Finland,FIN,2006,4.01957326515895,24.0013652587917,5.92960977554321,2.16
Finland,FIN,2007,5.31280176694145,25.5534350124827,5.67164993286133,3.1
Finland,FIN,2008,0.784431235717051,25.2485161104333,5.83046007156372,-1.41
Finland,FIN,2009,-8.07603116552393,21.4741244119185,6.45998001098633,-5.81
Finland,FIN,2010,3.1682879121621,22.6073229974435,6.504310131073,3.9
Finland,FIN,2011,2.39039455396828,24.3388732893172,6.45624017715454,1.26
Finland,FIN,2012,-1.52284013040689,23.628342432802,7.1715497970581,-2.26
Finland,FIN,2013,-0.979741024949618,22.6578278795265,7.15288019180298,-0.19
Finland,FIN,2014,-0.4780684247837,22.1690024531831,7.13832998275757,0.12
Finland,FIN,2015,0.466503766322674,21.9056862297328,7.07199001312256,0.7
Finland,FIN,2016,2.57193414898754,23.5883124649425,6.90873003005981,2.16
Finland,FIN,2017,3.30337003591039,24.309542246313,6.40826988220215,1.85
Finland,FIN,2018,1.19297759742292,25.7234643496259,6.31771993637085,-0.98
France,FRA,1960,,25.9054113459209,,
France,FRA,1961,4.94642545980355,25.5984093854174,,
France,FRA,1962,6.85626464484753,26.3943318550453,,
France,FRA,1963,6.1033388581149,26.4071148801383,,
France,FRA,1964,6.58280685437494,27.9422660942009,,
France,FRA,1965,4.83875011249243,27.6479927122607,,
France,FRA,1966,5.16354274190655,28.4577432517683,,
France,FRA,1967,4.80177080876672,28.4505745988384,,
France,FRA,1968,4.54401821190027,27.9826372401264,,
France,FRA,1969,7.09364697994077,28.8759265377654,,
France,FRA,1970,6.20017438615466,28.6427140907786,3.46544003486633,
France,FRA,1971,5.29344622836985,27.8228716506658,3.20759010314941,
France,FRA,1972,4.51410759995832,28.0824328400925,3.39037990570068,
France,FRA,1973,6.19458406640176,28.6696066258177,3.25571990013123,
France,FRA,1974,4.41471376407343,29.555860850035,4.27873992919922,
France,FRA,1975,-0.945609616912307,25.2682024240644,4.47882986068726,
France,FRA,1976,4.33755647481964,26.9076860617947,4.47070980072021,
France,FRA,1977,3.55415568976466,25.9952709248086,4.47384023666382,
France,FRA,1978,3.94936216342872,24.6996115721825,4.38827991485596,
France,FRA,1979,3.69531078677157,25.2167478768822,4.32151985168457,
France,FRA,1980,1.67641337198611,26.1163834885544,4.34960985183716,1.12
France,FRA,1981,1.18831474293866,23.8522112517773,4.78016996383667,1.17
France,FRA,1982,2.44251268690125,24.1767124016057,4.90847015380859,2.24
France,FRA,1983,1.26205761797051,22.0241491997679,4.9094500541687,1.35
France,FRA,1984,1.60947146551595,21.4105351250654,4.91992998123169,2.04
France,FRA,1985,1.56907436604108,21.2723789337356,4.90402984619141,1.84
France,FRA,1986,2.38953554470334,21.8089701080998,4.74810981750488,1.84
France,FRA,1987,2.55274621143047,22.3120902538891,4.66263008117676,1.66
France,FRA,1988,4.81422400170246,23.3652340051982,4.58078002929688,3.73
France,FRA,1989,4.40516927190527,24.2752053199391,4.49351978302002,2.56
France,FRA,1990,2.82962715326478,24.4166717434176,4.55534982681274,2.0
France,FRA,1991,1.23666248297356,23.5809030570734,4.88098001480103,0.82
France,FRA,1992,1.5160611169627,21.8057009887396,4.77559995651245,2.24
France,FRA,1993,-0.35899781051468,19.2950345538123,5.46441984176636,0.41
France,FRA,1994,2.38366086110145,20.0277093753549,5.65956020355225,1.85
France,FRA,1995,2.30479278392259,20.1870996465323,5.8120698928833,1.1
France,FRA,1996,1.39707987198881,19.2219851950366,5.78116989135742,0.84
France,FRA,1997,2.5270616339357,18.8941086598021,,1.55
France,FRA,1998,3.45259434279616,20.1267071009099,5.71147012710571,1.81
France,FRA,1999,3.39930808809441,20.7309977149378,,0.99
France,FRA,2000,4.14099996402915,21.8578770673408,,1.35
France,FRA,2001,1.89946701186636,21.5146500727515,,0.54
France,FRA,2002,1.06775027069419,20.7001905304491,,0.64
France,FRA,2003,0.967827182558352,20.6506168230936,,0.8
France,FRA,2004,2.86825052501032,21.3643685480586,,2.69
France,FRA,2005,1.88856584109286,21.9113534781153,,0.97
France,FRA,2006,2.71406448755236,22.6851885959248,,1.35
France,FRA,2007,2.53048188351066,23.5691050042771,,0.96
France,FRA,2008,0.380171435849121,23.4671040402669,,-0.25
France,FRA,2009,-2.82455153714783,20.7177586249113,,-1.75
France,FRA,2010,2.00032476039051,21.3378695020042,,1.85
France,FRA,2011,2.43757653729007,22.4996452716579,,1.43
France,FRA,2012,0.183835264973013,21.8295648772748,,-0.03
France,FRA,2013,0.781756446231,21.520441960601,,0.39
France,FRA,2014,0.997832947295251,21.8364708236132,,0.42
France,FRA,2015,1.06675474783462,21.7165418613305,,0.9
France,FRA,2016,0.860031075424033,21.5978606152326,,0.38
France,FRA,2017,2.08361485997399,22.1813991959176,5.46482992172241,1.18
France,FRA,2018,1.64590872395887,22.6115738942638,5.42540979385376,0.67
Germany,DEU,1960,,,,
Germany,DEU,1961,4.29843950975808,,,
Germany,DEU,1962,4.6234710102125,,,
Germany,DEU,1963,2.73529643602564,,,
Germany,DEU,1964,6.63946989651858,,,
Germany,DEU,1965,5.24416402432635,,,
Germany,DEU,1966,2.81218130587229,,,
Germany,DEU,1967,-0.330256452713016,,,
Germany,DEU,1968,5.66877310370654,,,
Germany,DEU,1969,7.41810273162662,,,
Germany,DEU,1970,5.10314457629295,33.278578878368,,
Germany,DEU,1971,3.13269976979846,32.3681640596784,,
Germany,DEU,1972,4.30034129247663,31.1280852111878,,
Germany,DEU,1973,4.77748690945469,29.7922667513098,,
Germany,DEU,1974,0.890068699312494,26.9195238369104,,
Germany,DEU,1975,-0.866738936529003,24.8513625806296,,
Germany,DEU,1976,4.94925843456397,26.0102985328885,,
Germany,DEU,1977,3.34721808033223,25.6388605733496,,
Germany,DEU,1978,3.00849288842491,25.945488052697,,
Germany,DEU,1979,4.15036333786591,27.9105352714841,,
Germany,DEU,1980,1.40882864441943,27.6833281172969,,0.13
Germany,DEU,1981,0.529240541969116,25.0382510127874,,0.39
Germany,DEU,1982,-0.394840735634787,23.5575871456212,,0.27
Germany,DEU,1983,1.57241014192158,24.3596147519764,,2.39
Germany,DEU,1984,2.82294783585535,24.1181342897383,,2.53
Germany,DEU,1985,2.32793520067574,23.52124534138,,1.64
Germany,DEU,1986,2.28733925852798,23.5417801621924,,1.24
Germany,DEU,1987,1.4021515883601,22.9393947401981,,0.79
Germany,DEU,1988,3.70723567991882,23.6839289330579,,3.04
Germany,DEU,1989,3.89655170553733,24.6749419871737,,2.94
Germany,DEU,1990,5.25500610110028,25.2643366002088,,5.55
Germany,DEU,1991,5.10826150190911,26.2249546057137,,7.38
Germany,DEU,1992,2.01361340926105,25.6374386656452,,3.28
Germany,DEU,1993,-0.973033082340891,24.1533795395313,4.39173984527588,0.32
Germany,DEU,1994,2.59685569693275,24.5513106495033,4.31664991378784,2.37
Germany,DEU,1995,1.50499384201356,24.4770596811461,4.41835021972656,1.11
Germany,DEU,1996,1.0378755674358,23.460405691293,4.47798013687134,0.79
Germany,DEU,1997,1.85432238398302,23.4050264846125,,1.84
Germany,DEU,1998,2.09561231172233,24.0608017564073,4.44445991516113,0.8
Germany,DEU,1999,2.12957016297766,23.7583524291849,,0.26
Germany,DEU,2000,2.8765231247659,23.9639660790924,,0.61
Germany,DEU,2001,1.63614170690956,22.7645716524028,,1.97
Germany,DEU,2002,-0.228255715793637,20.151752302821,,0.25
Germany,DEU,2003,-0.529801394291297,19.5766263092364,,0.38
Germany,DEU,2004,1.16208684507278,19.0213864564072,,0.84
Germany,DEU,2005,0.885485292551564,18.7355259254163,,0.75
Germany,DEU,2006,3.86668241523209,19.897946566207,,3.01
Germany,DEU,2007,2.8891174138025,20.7873433455798,,1.22
Germany,DEU,2008,0.887902330743628,20.8867329914107,4.47337007522583,-0.35
Germany,DEU,2009,-5.54455451920674,18.0064315128089,,-5.78
Germany,DEU,2010,4.13463778522758,19.5310600093299,4.99525022506714,3.85
Germany,DEU,2011,3.75796884489337,21.2669872693317,4.88583993911743,2.53
Germany,DEU,2012,0.463512036709204,19.4724714926695,4.83153009414673,-0.74
Germany,DEU,2013,0.396995583779145,19.7883815690324,4.83911991119385,-0.18
Germany,DEU,2014,2.18018602168017,20.139488753447,4.82582998275757,1.38
Germany,DEU,2015,1.66300602334775,19.4978020945699,4.76157999038696,0.79
Germany,DEU,2016,2.22222216259371,19.7122567843741,4.76321983337402,0.89
Germany,DEU,2017,2.797906720551,20.6909762954118,4.77830982208252,1.01
Germany,DEU,2018,1.13569604599849,21.6503641494105,4.88401985168457,0.24
Greece,GRC,1960,,15.2152426095875,,
Greece,GRC,1961,13.2038386052462,20.5512940761309,,
Greece,GRC,1962,0.364812289877747,21.6209766692666,,
Greece,GRC,1963,11.8448666655957,25.0513864574215,,
Greece,GRC,1964,9.40967732368279,29.3079210690835,,
Greece,GRC,1965,10.7680109720411,32.1589823023432,,
Greece,GRC,1966,6.49450138060494,29.0056389314185,,
Greece,GRC,1967,5.66948643356486,27.2711467869401,,
Greece,GRC,1968,7.20371768036424,29.6120716224639,,
Greece,GRC,1969,11.5636684082563,33.9281181081124,,
Greece,GRC,1970,8.93058020025967,33.6493817892242,1.56831002235413,
Greece,GRC,1971,7.84117657760304,35.0893015799055,1.32082998752594,
Greece,GRC,1972,10.1601515908652,38.531098277573,,
Greece,GRC,1973,8.09237907118801,44.5641474723201,1.12830996513367,
Greece,GRC,1974,-6.43824057014004,35.3061770900051,1.35493004322052,
Greece,GRC,1975,6.36680794602181,33.6124091454659,1.48145997524261,
Greece,GRC,1976,6.85189869571943,35.2669006078097,1.46867001056671,
Greece,GRC,1977,2.94100090620763,31.1446064321389,1.51479995250702,
Greece,GRC,1978,7.24686397906468,30.257017016532,1.70948004722595,
Greece,GRC,1979,3.28207958853159,29.6204740837548,,
Greece,GRC,1980,0.67713140669585,28.2555865043219,,-0.71
Greece,GRC,1981,-1.55372126905196,23.0928133035932,1.71667003631592,-6.42
Greece,GRC,1982,-1.13264739051145,27.4923940692497,1.71063005924225,-0.06
Greece,GRC,1983,-1.07862273931177,26.4365379394967,1.71249997615814,-1.56
Greece,GRC,1984,2.01058093704644,27.5092775896972,1.83555996417999,2.25
Greece,GRC,1985,2.50955640237393,28.9295457116394,,-0.01
Greece,GRC,1986,0.517660006338886,27.9969152236899,1.85922002792358,0.17
Greece,GRC,1987,-2.25886322369171,21.3028814387888,1.8600800037384,-2.17
Greece,GRC,1988,4.28786172851761,24.5436994949277,1.89530003070831,2.58
Greece,GRC,1989,3.79999995287797,24.7896501258346,2.04388999938965,3.42
Greece,GRC,1990,0.0,25.4339840826852,2.07493996620178,-1.29
Greece,GRC,1991,3.09999970633838,26.2169148198303,1.96161997318268,4.95
Greece,GRC,1992,0.700000337119789,23.4523761337906,,-0.73
Greece,GRC,1993,-1.60000002186294,22.3191586477357,,-2.41
Greece,GRC,1994,1.99999984724822,21.0336354720997,,0.13
Greece,GRC,1995,2.09971953235275,20.7405368073224,,1.19
Greece,GRC,1996,1.38247057325857,21.7600388412521,,3.45
Greece,GRC,1997,3.60288326516122,21.1326433933714,,4.9
Greece,GRC,1998,3.43693579661333,23.7367131010281,2.9923300743103,-0.48
Greece,GRC,1999,2.65878562321184,23.2372482227425,3.14823007583618,3.04
Greece,GRC,2000,4.13782699405849,26.1132103512829,3.35086011886597,3.58
Greece,GRC,2001,4.65041459442163,25.1433571820657,3.47308993339539,3.76
Greece,GRC,2002,4.68313727063017,23.6770908566951,3.52255010604858,1.44
Greece,GRC,2003,5.79682274294369,26.1381770101347,3.52407002449036,4.35
Greece,GRC,2004,5.37786634595851,25.179542966525,3.76059007644653,2.59
Greece,GRC,2005,1.18350635493289,22.1679676033349,4.0549201965332,-0.33
Greece,GRC,2006,6.44339762487436,26.2902425409373,,3.77
Greece,GRC,2007,3.50686976639459,26.6707144196319,,1.9
Greece,GRC,2008,0.0574740238200775,24.8460183343649,,-1.59
Greece,GRC,2009,-4.11927606715011,18.9186670370279,,-3.76
Greece,GRC,2010,-5.6937412158003,18.2157587611931,,-3.0
Greece,GRC,2011,-9.87677875300243,14.0714513074627,,-2.42
Greece,GRC,2012,-8.33113421099992,12.2606554594296,,-1.05
Greece,GRC,2013,-2.27211699888024,12.1129082926078,,-0.64
Greece,GRC,2014,0.792225060962835,12.136918450953,,-0.19
Greece,GRC,2015,-0.228301892172851,12.0084097844243,3.68238997459412,-1.15
Greece,GRC,2016,-0.0317947678412054,12.4680861540635,,-0.66
Greece,GRC,2017,1.47312472702352,11.8883016329317,3.46778011322021,-0.04
Greece,GRC,2018,2.06467207892409,12.9530537485632,3.57626008987427,0.23
Hungary,HUN,1960,,,,
Hungary,HUN,1961,4.69999999488822,,,
Hungary,HUN,1962,6.09999999841257,,,
Hungary,HUN,1963,5.69999999485775,,,
Hungary,HUN,1964,4.69999999556325,,,
Hungary,HUN,1965,42.4104142736878,,,
Hungary,HUN,1966,7.3999999999681,,,
Hungary,HUN,1967,7.50000000167125,,,
Hungary,HUN,1968,4.89999999675248,,,
Hungary,HUN,1969,6.89999999952575,,,
Hungary,HUN,1970,4.70000000204568,,3.44015002250671,
Hungary,HUN,1971,6.20000000077683,,3.42518997192383,
Hungary,HUN,1972,6.10000000166247,,3.3500599861145,
Hungary,HUN,1973,6.89999999769147,,3.38988995552063,
Hungary,HUN,1974,5.90000000111885,,3.59559011459351,
Hungary,HUN,1975,6.20000000011996,,3.72013998031616,
Hungary,HUN,1976,3.60000000149444,,3.52535009384155,
Hungary,HUN,1977,7.59999999820526,,3.59353995323181,
Hungary,HUN,1978,4.39999999884645,,3.71507000923157,
Hungary,HUN,1979,2.69999999994029,,3.6953399181366,
Hungary,HUN,1980,0.200000000298047,,4.28990983963013,0.72
Hungary,HUN,1981,2.86674496073709,,4.41857004165649,-1.28
Hungary,HUN,1982,2.84108854346734,,4.42117977142334,3.49
Hungary,HUN,1983,0.722965872564103,,5.18972015380859,1.48
Hungary,HUN,1984,2.65804768341506,,4.75837993621826,3.4
Hungary,HUN,1985,-0.253067484259233,,4.53284978866577,0.25
Hungary,HUN,1986,1.53494882553377,,4.73552989959717,1.73
Hungary,HUN,1987,4.05122959931954,,4.63079977035522,4.42
Hungary,HUN,1988,-0.0652631444904301,,4.48266983032227,0.39
Hungary,HUN,1989,0.736424820167869,,5.04690980911255,1.1
Hungary,HUN,1990,-3.49665976104178,,5.41418981552124,-2.1
Hungary,HUN,1991,-11.8920408609388,21.1958705871222,5.86020994186401,-6.88
Hungary,HUN,1992,-3.06418034558638,16.6599937556592,6.059730052948,5.81
Hungary,HUN,1993,-0.576108518425613,20.679039803699,5.90029001235962,6.22
Hungary,HUN,1994,2.94715455541068,22.9964145435708,5.81584978103638,6.54
Hungary,HUN,1995,1.48952547593046,23.420550366966,4.8316798210144,3.4
Hungary,HUN,1996,0.101234227633242,25.1079029013767,4.31855010986328,0.01
Hungary,HUN,1997,2.97787906543104,26.4418752273102,,2.98
Hungary,HUN,1998,3.84810814449837,28.8224890364809,4.40161991119385,2.31
Hungary,HUN,1999,3.08605811588221,27.2873039051869,4.55900001525879,0.26
Hungary,HUN,2000,4.40937501806403,28.1973908964954,4.8624701499939,3.47
Hungary,HUN,2001,4.06202617226026,26.3575592807833,4.92643976211548,4.24
Hungary,HUN,2002,4.73006530805553,25.7468753302212,5.17711019515991,4.82
Hungary,HUN,2003,3.93877761242727,24.7088343047099,5.79872989654541,4.09
Hungary,HUN,2004,4.96312536156307,27.5022265501896,5.33301019668579,5.84
Hungary,HUN,2005,4.30028318461673,26.164171343722,5.32539987564087,4.55
Hungary,HUN,2006,3.93393162712054,26.3418856770072,5.29485988616943,3.58
Hungary,HUN,2007,0.332354337878925,24.8978381794695,5.13725996017456,0.1
Hungary,HUN,2008,0.993437085479655,25.1420059545726,4.97069978713989,3.08
Hungary,HUN,2009,-6.7401660845502,20.9966487581136,4.95626020431519,-4.32
Hungary,HUN,2010,1.06795068152046,21.1892791243323,4.73365020751953,1.77
Hungary,HUN,2011,1.91670916599742,21.0337908782192,4.57056999206543,1.81
Hungary,HUN,2012,-1.33948446518181,20.2865308170944,4.15359020233154,-1.63
Hungary,HUN,2013,2.03216990678146,21.8946534040546,4.19040012359619,0.86
Hungary,HUN,2014,4.33435364113967,24.4405160787979,4.59878015518188,-0.61
Hungary,HUN,2015,3.65981615406955,23.8567656111926,4.49287986755371,1.39
Hungary,HUN,2016,2.43864141309342,22.0321821931455,4.60210990905762,-0.83
Hungary,HUN,2017,4.12418389451805,23.2730768860194,4.64034986495972,2.26
Hungary,HUN,2018,5.60613813768876,27.0910945827596,4.60567998886108,2.88
Iceland,ISL,1960,,,,
Iceland,ISL,1961,-0.0741840750400797,,,
Iceland,ISL,1962,8.31477354616688,,,
Iceland,ISL,1963,10.2810142672661,,,
Iceland,ISL,1964,9.88191422626177,,,
Iceland,ISL,1965,7.29638018286288,,,
Iceland,ISL,1966,8.75065886498352,,,
Iceland,ISL,1967,-1.26030052797319,,,
Iceland,ISL,1968,-5.49828177696551,,,
Iceland,ISL,1969,2.38961032371272,,,
Iceland,ISL,1970,7.45814314227431,26.8685558951182,,
Iceland,ISL,1971,13.0608375831739,35.9317408156111,,
Iceland,ISL,1972,6.17733454676718,30.6262728460381,,
Iceland,ISL,1973,6.80600969930141,34.8200522255281,,
Iceland,ISL,1974,5.70629209965455,39.0935133376293,,
Iceland,ISL,1975,0.64615505171875,38.1601847759984,,
Iceland,ISL,1976,5.95936756657377,30.9544112115328,,
Iceland,ISL,1977,8.82227726391153,32.2982268296702,,
Iceland,ISL,1978,6.01671453236096,26.6731310503389,,
Iceland,ISL,1979,4.86058242659418,26.9618978455766,,
Iceland,ISL,1980,5.74792072898289,29.0975374813257,,2.36
Iceland,ISL,1981,4.2650070463216,28.8176274559116,,-0.49
Iceland,ISL,1982,2.15456624389918,30.1613033073033,,-0.9
Iceland,ISL,1983,-2.15116172402108,22.6095117363995,,-2.58
Iceland,ISL,1984,4.12911824601976,24.9228036458666,,2.66
Iceland,ISL,1985,3.29284143329744,22.3394199076144,,-0.33
Iceland,ISL,1986,6.27054192019342,19.824471864178,,2.98
Iceland,ISL,1987,8.54593973363589,22.2682994961197,,2.66
Iceland,ISL,1988,-0.089725977854286,22.4102226200621,,2.95
Iceland,ISL,1989,0.258439804261698,20.2261090973945,,1.73
Iceland,ISL,1990,1.16937035968014,20.4111384376855,4.25862979888916,2.1
Iceland,ISL,1991,-0.223525498840075,21.5449985523037,,-0.17
Iceland,ISL,1992,-3.37389416853765,19.4723815157361,,-3.37
Iceland,ISL,1993,1.31344949985998,18.1896405377412,5.14158010482788,1.54
Iceland,ISL,1994,3.60885792911003,17.2152184609068,4.75557994842529,2.78
Iceland,ISL,1995,0.116583656161382,17.5771002221107,4.78062009811401,-2.78
Iceland,ISL,1996,4.49765336794034,20.055046687195,5.21834993362427,4.43
Iceland,ISL,1997,4.14087045329792,21.3593693970198,,3.59
Iceland,ISL,1998,7.01048323038307,25.462234584976,6.78383016586304,2.82
Iceland,ISL,1999,3.89798762511016,23.2450819899207,6.43401002883911,0.38
Iceland,ISL,2000,4.90518213950493,24.6194667661392,6.4314398765564,2.81
Iceland,ISL,2001,3.84093935332692,22.6569252253114,6.70591020584106,2.2
Iceland,ISL,2002,0.542286728290463,19.5095367275369,7.29892015457153,2.16
Iceland,ISL,2003,2.28136971847135,21.1252538271133,7.24507999420166,2.14
Iceland,ISL,2004,7.62260520494142,24.596069073569,7.16119003295898,8.6
Iceland,ISL,2005,7.02934061160924,29.1309380362617,7.33842992782593,2.9
Iceland,ISL,2006,5.67161248703039,35.9714130790896,7.19518995285034,0.1
Iceland,ISL,2007,8.74132941862472,29.6512685107527,6.94434022903442,4.67
Iceland,ISL,2008,1.69961072411662,25.8874469911237,7.03599977493286,1.19
Iceland,ISL,2009,-8.32146414938261,14.7799889271266,7.18984985351562,1.44
Iceland,ISL,2010,-2.22181843777449,13.8337714379496,6.94422006607056,-2.19
Iceland,ISL,2011,1.37999669197329,15.3142065291421,6.78996992111206,0.7
Iceland,ISL,2012,1.16931174934061,15.8900528697338,7.58223009109497,-0.52
Iceland,ISL,2013,3.59695697128252,15.0113948326003,7.44866991043091,1.64
Iceland,ISL,2014,1.91381613095174,17.0733672335346,7.6414098739624,-0.31
Iceland,ISL,2015,3.76859020213645,19.1932461301069,7.45796012878418,1.57
Iceland,ISL,2016,6.21808764670307,20.8155538899524,7.43221998214722,2.63
Iceland,ISL,2017,3.48506704155555,21.5754324923505,7.58384990692139,0.61
Iceland,ISL,2018,4.66077036232377,22.1950215110373,7.56350994110107,1.16
Ireland,IRL,1960,,,,
Ireland,IRL,1961,5.01616916866978,,,
Ireland,IRL,1962,3.21644390828419,,,
Ireland,IRL,1963,4.74463396242706,,,
Ireland,IRL,1964,3.78596297345371,,,
Ireland,IRL,1965,1.93344870050223,,,
Ireland,IRL,1966,0.893092672389145,,,
Ireland,IRL,1967,5.78570381955785,,,
Ireland,IRL,1968,8.24392804095207,,,
Ireland,IRL,1969,5.86385531503191,,,
Ireland,IRL,1970,2.66052933421503,24.0135413025636,,
Ireland,IRL,1971,3.46988866612384,23.5371863049837,4.48641014099121,
Ireland,IRL,1972,6.48980775082018,24.5850847824882,4.6168999671936,
Ireland,IRL,1973,4.72142803863792,26.3242322614721,4.60856008529663,
Ireland,IRL,1974,4.26023030161873,28.4703476625664,4.68602991104126,
Ireland,IRL,1975,5.65664652614466,22.8959462542613,,
Ireland,IRL,1976,1.39480668315268,24.9172757463147,4.29649019241333,
Ireland,IRL,1977,8.21130051013432,27.3899390388007,5.08531999588013,
Ireland,IRL,1978,7.18672760788444,28.4887488050138,5.0676097869873,
Ireland,IRL,1979,3.07303639266831,32.3990404137501,5.28812980651855,
Ireland,IRL,1980,3.07932918345945,27.2990698020539,5.32220983505249,4.03
Ireland,IRL,1981,3.32521731639946,27.8369159989509,5.73201990127563,3.63
Ireland,IRL,1982,2.28346843284601,27.2497029614945,5.38953018188477,2.69
Ireland,IRL,1983,-0.244301213870017,23.3754437724938,5.44653987884521,0.64
Ireland,IRL,1984,4.35437267775501,22.328918086108,5.28170013427734,6.31
Ireland,IRL,1985,3.08561465915007,19.5793124254936,5.24837017059326,3.54
Ireland,IRL,1986,-0.428330204205935,18.380978532257,5.30120992660522,0.18
Ireland,IRL,1987,4.66309058769842,16.7377155459976,5.5288200378418,4.04
Ireland,IRL,1988,5.21741342322537,16.3158730758184,5.0161600112915,5.18
Ireland,IRL,1989,5.81391994557339,18.4099637261264,4.71301984786987,5.94
Ireland,IRL,1990,8.46652776398362,21.5271166857683,4.60056018829346,3.92
Ireland,IRL,1991,1.9296401741083,19.6727224029314,4.78267002105713,2.26
Ireland,IRL,1992,3.34327412603812,16.6369288990548,5.0056300163269,2.98
Ireland,IRL,1993,2.69260841466448,15.4691943027022,5.11556005477905,1.17
Ireland,IRL,1994,5.75582797061618,16.5139818932744,5.18871021270752,2.57
Ireland,IRL,1995,9.63442136559036,18.8729999996348,4.87162017822266,5.01
Ireland,IRL,1996,7.37962465765875,20.5306172977767,4.75392007827759,3.59
Ireland,IRL,1997,11.0217650823433,22.2290100151542,,6.73
Ireland,IRL,1998,8.7661226571214,24.0979632507511,4.28753995895386,1.98
Ireland,IRL,1999,10.5298856427062,24.6355061654085,4.13379001617432,3.79
Ireland,IRL,2000,9.40352476399653,24.5079507553549,4.13226985931396,4.75
Ireland,IRL,2001,5.30582133514299,24.2562415894467,4.08750009536743,2.1
Ireland,IRL,2002,5.89936506079005,24.0825971908065,4.10487985610962,4.28
Ireland,IRL,2003,3.01383869396012,25.7442230479854,4.20493984222412,1.14
Ireland,IRL,2004,6.78813990621356,27.2182633667919,4.48295021057129,3.22
Ireland,IRL,2005,5.73978202625278,30.3097495862833,4.51897001266479,0.75
Ireland,IRL,2006,4.98785364537615,31.8932052929498,4.54742002487183,0.43
Ireland,IRL,2007,5.31011830898613,29.2481055759668,4.71541976928711,0.91
Ireland,IRL,2008,-4.48407081043062,24.6670937529866,5.45828008651733,-3.88
Ireland,IRL,2009,-5.09578277913846,20.3036687538517,6.15609979629517,3.0
Ireland,IRL,2010,1.68297175486512,17.2913563758605,6.04835987091065,6.59
Ireland,IRL,2011,1.60886648916944,17.1044449032773,5.77199983596802,2.31
Ireland,IRL,2012,-0.40502941658977,19.8882110372842,5.70776987075806,0.7
Ireland,IRL,2013,2.1929375750029,18.3655706866444,5.23177003860474,-1.6
Ireland,IRL,2014,9.38579335130922,21.9360604785157,4.73554992675781,5.75
Ireland,IRL,2015,24.6239856364006,26.0839383373545,3.62438988685608,20.93
Ireland,IRL,2016,1.22271661130947,35.6293704495612,3.65881991386414,-0.07
Ireland,IRL,2017,10.1088576065965,34.0348773847935,3.37737011909485,5.13
Ireland,IRL,2018,7.68865937437435,28.1743871487953,3.30347990989685,4.5
Italy,ITA,1960,,,,
Italy,ITA,1961,8.20724597589673,,,
Italy,ITA,1962,6.20365038538202,,,
Italy,ITA,1963,5.60972790418452,,,
Italy,ITA,1964,2.79770230068472,,,
Italy,ITA,1965,3.26802365121867,,,
Italy,ITA,1966,5.98479421486059,,,
Italy,ITA,1967,7.17861243185169,,,
Italy,ITA,1968,6.5445545873539,,,
Italy,ITA,1969,6.09805993564241,,,
Italy,ITA,1970,5.31050247643583,26.7016664925425,3.35906004905701,
Italy,ITA,1971,1.81810794624113,24.4717523440514,2.8921000957489,
Italy,ITA,1972,3.69048578366487,23.5488139464692,,
Italy,ITA,1973,7.12586233109471,27.0639960069819,,
Italy,ITA,1974,5.50014109691006,30.5672925269583,3.82631993293762,
Italy,ITA,1975,-2.09016289171086,24.4133501687542,3.70307993888855,
Italy,ITA,1976,7.12538510094043,27.3091719839223,3.91051006317139,
Italy,ITA,1977,2.56050082604729,25.0956915578947,,
Italy,ITA,1978,3.24013978059317,24.5266757168443,3.77168011665344,
Italy,ITA,1979,5.95915952688955,25.0745061553822,4.1541600227356,
Italy,ITA,1980,3.43001634618649,27.4836291074152,,1.96
Italy,ITA,1981,0.844227628121416,25.353792657669,,0.93
Italy,ITA,1982,0.413585694308892,24.3690987253303,,0.21
Italy,ITA,1983,1.16920342741862,22.8433121062117,4.47774982452393,0.84
Italy,ITA,1984,3.22585239030356,23.9352377367696,4.76359987258911,3.23
Italy,ITA,1985,2.79808575480784,23.7906140617664,4.67902994155884,1.83
Italy,ITA,1986,2.85997186889063,22.3297672412374,4.64418983459473,2.16
Italy,ITA,1987,3.19196062140115,22.7202896505285,,2.96
Italy,ITA,1988,4.19437725054567,23.1829569597943,4.58221006393433,3.09
Italy,ITA,1989,3.38838350504491,22.9260234968629,,2.69
Italy,ITA,1990,1.98577491758405,23.1619903483889,,0.39
Italy,ITA,1991,1.53844759206665,22.7927997758163,,-0.33
Italy,ITA,1992,0.834275417393798,22.1446366084139,,1.57
Italy,ITA,1993,-0.852805731913904,19.5826008577128,4.72301006317139,1.88
Italy,ITA,1994,2.15102367074849,19.5160307409463,4.42311000823975,3.86
Italy,ITA,1995,2.88683671925843,20.5784047565276,4.3087100982666,3.09
Italy,ITA,1996,1.34558477192847,19.8311918143473,4.43967008590698,0.65
Italy,ITA,1997,1.92572122608527,20.0130655736926,,1.51
Italy,ITA,1998,1.8043732818638,20.2331937912659,4.44093990325928,0.8
Italy,ITA,1999,1.67799157943422,20.7048925408414,4.50165987014771,0.52
Italy,ITA,2000,3.88209885062652,21.3236101039876,4.27996015548706,1.8
Italy,ITA,2001,2.00643329837733,21.3054469235642,4.63416004180908,-0.01
Italy,ITA,2002,0.26992966378873,22.0519500121835,4.41520977020264,-1.4
Italy,ITA,2003,0.0665538088732092,21.5802501954429,4.52654981613159,-1.31
Italy,ITA,2004,1.4740217064723,21.6420048852847,4.37002992630005,0.81
Italy,ITA,2005,0.762410677306491,21.5260216463093,4.22292995452881,0.26
Italy,ITA,2006,1.79947992234244,22.3603695757618,4.50464010238647,-0.18
Italy,ITA,2007,1.46229205289291,22.6200727686655,4.08763980865479,0.24
Italy,ITA,2008,-1.02313851177097,22.0387757321995,4.37188005447388,-1.17
Italy,ITA,2009,-5.30515401233991,19.7023773902113,4.50414991378784,-3.67
Italy,ITA,2010,1.52910573247101,20.7969716146664,4.31626987457275,2.37
Italy,ITA,2011,0.695463154440176,20.6773631014391,4.09431982040405,0.4
Italy,ITA,2012,-3.12523877282996,17.9698064515339,4.03481006622315,-2.68
Italy,ITA,2013,-1.81802510749792,17.0062223799047,4.12192010879517,-0.06
Italy,ITA,2014,-0.0013876173045446,17.0766736026264,4.04026985168457,-0.07
Italy,ITA,2015,0.885667635240807,17.2813174853484,4.05422019958496,0.13
Italy,ITA,2016,1.23622108511661,17.7118639941996,3.795490026474,-0.06
Italy,ITA,2017,1.60369995294101,18.1694222906025,4.02662992477417,0.54
Italy,ITA,2018,0.826646712344115,18.6608716078644,4.24094009399414,-0.1
Kosovo,XKX,1960,,,,
Kosovo,XKX,1961,,,,
Kosovo,XKX,1962,,,,
Kosovo,XKX,1963,,,,
Kosovo,XKX,1964,,,,
Kosovo,XKX,1965,,,,
Kosovo,XKX,1966,,,,
Kosovo,XKX,1967,,,,
Kosovo,XKX,1968,,,,
Kosovo,XKX,1969,,,,
Kosovo,XKX,1970,,,,
Kosovo,XKX,1971,,,,
Kosovo,XKX,1972,,,,
Kosovo,XKX,1973,,,,
Kosovo,XKX,1974,,,,
Kosovo,XKX,1975,,,,
Kosovo,XKX,1976,,,,
Kosovo,XKX,1977,,,,
Kosovo,XKX,1978,,,,
Kosovo,XKX,1979,,,,
Kosovo,XKX,1980,,,,
Kosovo,XKX,1981,,,,
Kosovo,XKX,1982,,,,
Kosovo,XKX,1983,,,,
Kosovo,XKX,1984,,,,
Kosovo,XKX,1985,,,,
Kosovo,XKX,1986,,,,
Kosovo,XKX,1987,,,,
Kosovo,XKX,1988,,,,
Kosovo,XKX,1989,,,,
Kosovo,XKX,1990,,,,
Kosovo,XKX,1991,,,,
Kosovo,XKX,1992,,,,
Kosovo,XKX,1993,,,,
Kosovo,XKX,1994,,,,
Kosovo,XKX,1995,,,,
Kosovo,XKX,1996,,,,
Kosovo,XKX,1997,,,,
Kosovo,XKX,1998,,,,
Kosovo,XKX,1999,,,,
Kosovo,XKX,2000,,,,
Kosovo,XKX,2001,,,,
Kosovo,XKX,2002,,,,
Kosovo,XKX,2003,,,,
Kosovo,XKX,2004,,,,
Kosovo,XKX,2005,,,,
Kosovo,XKX,2006,,,,
Kosovo,XKX,2007,,,,
Kosovo,XKX,2008,,37.2836774320662,,
Kosovo,XKX,2009,5.03485413839893,32.619616274023,,
Kosovo,XKX,2010,4.93995095961395,33.1284870466064,,
Kosovo,XKX,2011,6.31981022896761,36.0573444918945,,
Kosovo,XKX,2012,1.71219595890548,31.9017216861076,,
Kosovo,XKX,2013,5.34079911900278,29.9978585507713,,
Kosovo,XKX,2014,3.34880478431623,27.8460008694681,,
Kosovo,XKX,2015,5.91623128345211,30.4324686404239,,
Kosovo,XKX,2016,5.57177504731632,33.5220002547509,,
Kosovo,XKX,2017,4.82565565298054,34.6926494889605,,
Kosovo,XKX,2018,3.40663227056285,36.2945421291487,,
Latvia,LVA,1960,,,,
Latvia,LVA,1961,,,,
Latvia,LVA,1962,,,,
Latvia,LVA,1963,,,,
Latvia,LVA,1964,,,,
Latvia,LVA,1965,,,,
Latvia,LVA,1966,,,,
Latvia,LVA,1967,,,,
Latvia,LVA,1968,,,,
Latvia,LVA,1969,,,,
Latvia,LVA,1970,,,,
Latvia,LVA,1971,,,,
Latvia,LVA,1972,,,,
Latvia,LVA,1973,,,,
Latvia,LVA,1974,,,,
Latvia,LVA,1975,,,,
Latvia,LVA,1976,,,,
Latvia,LVA,1977,,,,
Latvia,LVA,1978,,,,
Latvia,LVA,1979,,,,
Latvia,LVA,1980,,,,
Latvia,LVA,1981,,,,
Latvia,LVA,1982,,,,
Latvia,LVA,1983,,,,
Latvia,LVA,1984,,,,
Latvia,LVA,1985,,,,
Latvia,LVA,1986,,,,
Latvia,LVA,1987,,,,
Latvia,LVA,1988,,,,
Latvia,LVA,1989,,,,
Latvia,LVA,1990,,,3.57779002189636,
Latvia,LVA,1991,-12.5952222309891,,3.86415004730225,-9.64
Latvia,LVA,1992,-32.1185703106863,,4.30135011672974,-31.13
Latvia,LVA,1993,-4.98297870115201,,,-3.13
Latvia,LVA,1994,2.18990858235335,,,4.92
Latvia,LVA,1995,-0.944762865564712,16.0813187416783,,0.02
Latvia,LVA,1996,2.29996103802466,19.5401610884107,5.41694021224976,1.98
Latvia,LVA,1997,9.17147634072084,21.33800236678,5.66772985458374,4.3
Latvia,LVA,1998,6.55000264756266,26.0984734784542,5.96775007247925,6.76
Latvia,LVA,1999,2.81840455944993,22.5687477933784,5.69789981842041,4.71
Latvia,LVA,2000,5.84102642353959,24.9631641629445,5.40854978561401,9.28
Latvia,LVA,2001,6.46057826727287,28.3001992418424,5.56101989746094,4.62
Latvia,LVA,2002,7.66548778586991,28.6201729296497,5.78911018371582,5.58
Latvia,LVA,2003,8.42913257059108,31.0011264637384,5.2944598197937,7.76
Latvia,LVA,2004,8.72514341727928,34.368915450929,5.04684019088745,8.08
Latvia,LVA,2005,11.6153178557457,36.383829405761,,9.77
Latvia,LVA,2006,12.825017846905,41.8198632239093,4.94490003585815,5.8
Latvia,LVA,2007,10.4145372792714,43.6658757384645,4.89059019088745,5.97
Latvia,LVA,2008,-3.38871665849958,36.9756564896607,5.63671016693115,-2.52
Latvia,LVA,2009,-16.0400195313042,23.2112323411887,5.67728996276855,0.12
Latvia,LVA,2010,-3.66125859554762,20.9313394628785,5.14355993270874,2.35
Latvia,LVA,2011,3.03634482668815,26.7745639280943,5.24315977096558,4.71
Latvia,LVA,2012,7.30524057200897,28.639673212023,6.83852005004883,2.65
Latvia,LVA,2013,2.09609028156248,25.298238178176,7.24962997436523,0.02
Latvia,LVA,2014,2.0949597710559,24.6659431197334,5.47479009628296,3.31
Latvia,LVA,2015,3.78336712084972,24.149732505911,5.46670007705688,1.82
Latvia,LVA,2016,2.55168601974034,21.7559480147378,4.82350015640259,2.08
Latvia,LVA,2017,3.39894872623931,22.7120380081921,4.52905988693237,3.82
Latvia,LVA,2018,4.30971286294503,23.8742877736126,4.39430999755859,2.97
Liechtenstein,LIE,1960,,,,
Liechtenstein,LIE,1961,,,,
Liechtenstein,LIE,1962,,,,
Liechtenstein,LIE,1963,,,,
Liechtenstein,LIE,1964,,,,
Liechtenstein,LIE,1965,,,,
Liechtenstein,LIE,1966,,,,
Liechtenstein,LIE,1967,,,,
Liechtenstein,LIE,1968,,,,
Liechtenstein,LIE,1969,,,,
Liechtenstein,LIE,1970,,,,
Liechtenstein,LIE,1971,1.66922206623059,,,
Liechtenstein,LIE,1972,1.6692195289189,,,
Liechtenstein,LIE,1973,1.6692256792973,,,
Liechtenstein,LIE,1974,1.66922246260894,,,
Liechtenstein,LIE,1975,1.66923225070657,,,
Liechtenstein,LIE,1976,4.75867210711398,,,
Liechtenstein,LIE,1977,4.75867708458514,,,
Liechtenstein,LIE,1978,4.75867684230937,,,
Liechtenstein,LIE,1979,4.75867142807277,,,
Liechtenstein,LIE,1980,4.75867251061639,,,
Liechtenstein,LIE,1981,4.81482023600704,,,
Liechtenstein,LIE,1982,-1.59010688585576,,,
Liechtenstein,LIE,1983,0.538599963921854,,,
Liechtenstein,LIE,1984,4.28570943461186,,,
Liechtenstein,LIE,1985,7.02055443563529,,,
Liechtenstein,LIE,1986,4.00000004388119,,,
Liechtenstein,LIE,1987,9.23076795685181,,,
Liechtenstein,LIE,1988,5.63379830669763,,,
Liechtenstein,LIE,1989,4.49198530248391,,,
Liechtenstein,LIE,1990,2.25287099550282,,,
Liechtenstein,LIE,1991,1.80117005853981,,,
Liechtenstein,LIE,1992,3.60829384387156,,,
Liechtenstein,LIE,1993,4.33210120561074,,,
Liechtenstein,LIE,1994,6.86614413219762,,,
Liechtenstein,LIE,1995,5.8755504001748,,,
Liechtenstein,LIE,1996,6.90530179973636,,,
Liechtenstein,LIE,1997,7.22513485456875,,,
Liechtenstein,LIE,1998,7.76126283694691,,,
Liechtenstein,LIE,1999,10.4109232010236,,,
Liechtenstein,LIE,2000,3.22019308239609,,,
Liechtenstein,LIE,2001,-0.733092455297992,,,
Liechtenstein,LIE,2002,-0.993919947159299,,,
Liechtenstein,LIE,2003,-1.93756534125014,,2.4601399898529,
Liechtenstein,LIE,2004,3.03917210306501,,2.43333005905151,
Liechtenstein,LIE,2005,4.82807677743524,,,
Liechtenstein,LIE,2006,8.64496857267281,,2.05380988121033,
Liechtenstein,LIE,2007,3.325963509369,,1.92119002342224,
Liechtenstein,LIE,2008,1.79808847836411,,2.04836988449097,
Liechtenstein,LIE,2009,-1.15748291975636,,,
Liechtenstein,LIE,2010,,,,
Liechtenstein,LIE,2011,,,2.55604004859924,
Liechtenstein,LIE,2012,,,,
Liechtenstein,LIE,2013,,,,
Liechtenstein,LIE,2014,,,,
Liechtenstein,LIE,2015,,,,
Liechtenstein,LIE,2016,,,,
Liechtenstein,LIE,2017,,,,
Liechtenstein,LIE,2018,,,,
Lithuania,LTU,1960,,,,
Lithuania,LTU,1961,,,,
Lithuania,LTU,1962,,,,
Lithuania,LTU,1963,,,,
Lithuania,LTU,1964,,,,
Lithuania,LTU,1965,,,,
Lithuania,LTU,1966,,,,
Lithuania,LTU,1967,,,,
Lithuania,LTU,1968,,,,
Lithuania,LTU,1969,,,,
Lithuania,LTU,1970,,,,
Lithuania,LTU,1971,,,,
Lithuania,LTU,1972,,,,
Lithuania,LTU,1973,,,,
Lithuania,LTU,1974,,,,
Lithuania,LTU,1975,,,,
Lithuania,LTU,1976,,,,
Lithuania,LTU,1977,,,,
Lithuania,LTU,1978,,,,
Lithuania,LTU,1979,,,,
Lithuania,LTU,1980,,,,
Lithuania,LTU,1981,,,,
Lithuania,LTU,1982,,,,
Lithuania,LTU,1983,,,,
Lithuania,LTU,1984,,,,
Lithuania,LTU,1985,,,,
Lithuania,LTU,1986,,,,
Lithuania,LTU,1987,,,,
Lithuania,LTU,1988,,,,
Lithuania,LTU,1989,,,,
Lithuania,LTU,1990,,,,
Lithuania,LTU,1991,-5.6756642731925,,,-6.03
Lithuania,LTU,1992,-21.2589694228032,,,-20.9
Lithuania,LTU,1993,-16.2268623098899,,3.91314005851746,-3.5
Lithuania,LTU,1994,-9.76605322187085,,4.76287984848022,-9.23
Lithuania,LTU,1995,3.29008262426858,22.4997485371002,4.73458003997803,8.58
Lithuania,LTU,1996,5.02694376847307,20.8827003208451,4.81781005859375,4.18
Lithuania,LTU,1997,8.30063037348748,24.4102794045778,5.42383003234863,7.64
Lithuania,LTU,1998,7.46293714937232,24.1915315326061,6.08957004547119,8.31
Lithuania,LTU,1999,-1.09700818020993,21.2148735956134,,1.09
Lithuania,LTU,2000,3.41862206571636,19.1446223329092,,8.45
Lithuania,LTU,2001,6.48412665187908,19.3746140196783,5.83644008636475,10.73
Lithuania,LTU,2002,6.71983945103626,21.064433775953,5.79093980789185,3.03
Lithuania,LTU,2003,10.5518959629574,22.2317698184889,5.1067099571228,8.13
Lithuania,LTU,2004,6.50203536075556,23.4409316851452,5.14797019958496,7.73
Lithuania,LTU,2005,7.7314467577492,24.4085431146972,4.87698984146118,6.92
Lithuania,LTU,2006,7.39548122468629,26.8802630577834,4.83653020858765,7.74
Lithuania,LTU,2007,11.0779282578673,32.4396749969277,4.59159994125366,8.87
Lithuania,LTU,2008,2.59946154605602,28.2461520781263,4.83649015426636,4.0
Lithuania,LTU,2009,-14.8386117894848,12.9798453346191,5.56941986083984,-7.72
Lithuania,LTU,2010,0.427199566550769,17.8578010235461,5.36880016326904,7.16
Lithuania,LTU,2011,6.32363664821298,22.3672029077554,5.15469980239868,5.52
Lithuania,LTU,2012,4.38290584355157,20.2704080461532,4.78232002258301,2.03
Lithuania,LTU,2013,4.04691318575325,20.4182900930827,4.62416982650757,2.2
Lithuania,LTU,2014,3.7725437958099,20.3004773754029,4.5076699256897,1.47
Lithuania,LTU,2015,2.83280643343234,22.5552269115381,4.21646022796631,0.74
Lithuania,LTU,2016,2.67192215053329,20.2876398712687,4.01143980026245,0.56
Lithuania,LTU,2017,4.61224310312809,20.480115803004,3.81236004829407,4.79
Lithuania,LTU,2018,4.91836780106811,22.4066386338902,3.85628008842468,2.56
Luxembourg,LUX,1960,,,,
Luxembourg,LUX,1961,3.82998138409332,,,
Luxembourg,LUX,1962,1.35867628948618,,,
Luxembourg,LUX,1963,3.43911198594992,,,
Luxembourg,LUX,1964,7.86582544744337,,,
Luxembourg,LUX,1965,-0.73492975300033,,,
Luxembourg,LUX,1966,1.10589941514236,,,
Luxembourg,LUX,1967,0.216730539713424,,,
Luxembourg,LUX,1968,4.18387723458528,,,
Luxembourg,LUX,1969,9.97285677756084,,,
Luxembourg,LUX,1970,1.75993591351104,21.9872223427476,2.30026006698608,
Luxembourg,LUX,1971,2.66723351069847,25.2812237431209,2.85506010055542,
Luxembourg,LUX,1972,6.5981982956401,24.2877150301069,2.74079990386963,
Luxembourg,LUX,1973,8.31267077441045,23.0610605227822,2.81235003471375,
Luxembourg,LUX,1974,4.21247361331076,18.0428545404864,,
Luxembourg,LUX,1975,-6.57137080362814,19.5099424310713,3.42302989959717,
Luxembourg,LUX,1976,2.53433057787748,19.3930054340594,3.61462998390198,
Luxembourg,LUX,1977,1.56977197000445,17.3835367106925,3.69379997253418,
Luxembourg,LUX,1978,4.07497535070786,21.2514156715794,4.33933019638062,
Luxembourg,LUX,1979,2.34561008805581,18.7951946047415,4.40278005599976,
Luxembourg,LUX,1980,0.840881769623977,21.4929474762229,4.55202007293701,0.14
Luxembourg,LUX,1981,-0.550953306090335,20.9116234831966,4.68798017501831,-0.86
Luxembourg,LUX,1982,1.13129633110074,21.1704214263022,5.2756199836731,1.39
Luxembourg,LUX,1983,2.98908218676767,20.7452646689846,3.31966996192932,3.32
Luxembourg,LUX,1984,6.18693947396744,21.0731540050789,,5.58
Luxembourg,LUX,1985,2.79170151318351,17.2837877111523,,1.83
Luxembourg,LUX,1986,9.9839386111551,20.6886272513962,3.78981995582581,7.45
Luxembourg,LUX,1987,3.95097758570968,23.5453081062902,4.08302021026611,1.19
Luxembourg,LUX,1988,8.46328242722446,24.3144748889298,4.014319896698,5.29
Luxembourg,LUX,1989,9.79806159175014,24.0079552872063,3.87238001823425,6.15
Luxembourg,LUX,1990,5.31993003333675,24.7126947108772,,1.06
Luxembourg,LUX,1991,8.64419104734844,26.4145586242013,,4.48
Luxembourg,LUX,1992,1.81965480509376,22.9760003027068,,-0.92
Luxembourg,LUX,1993,4.20064571003755,23.148090454583,,2.37
Luxembourg,LUX,1994,3.82092143373001,21.8974256143903,,1.1
Luxembourg,LUX,1995,1.43220024272964,20.448335342484,3.65909004211426,-1.11
Luxembourg,LUX,1996,1.39807630241253,19.6570289217152,3.47681999206543,-1.18
Luxembourg,LUX,1997,5.41972646151088,21.3391964245058,,2.24
Luxembourg,LUX,1998,6.67419503775402,22.3255779321847,,1.59
Luxembourg,LUX,1999,8.17613777063244,23.6884713315939,,3.52
Luxembourg,LUX,2000,6.93809504692074,22.5591343548168,,2.79
Luxembourg,LUX,2001,3.07427520210337,22.2117941157897,3.53973007202148,-3.01
Luxembourg,LUX,2002,3.22528846998354,20.4278637482976,,0.9
Luxembourg,LUX,2003,2.6192502126754,21.3095582474848,,-0.21
Luxembourg,LUX,2004,4.23067892192488,21.3053196225941,,1.23
Luxembourg,LUX,2005,2.48250499371829,21.5102395359257,,0.39
Luxembourg,LUX,2006,6.01662739677904,19.0038721522318,,1.3
Luxembourg,LUX,2007,8.09852098069817,19.5133253491461,,3.78
Luxembourg,LUX,2008,-0.302272983306707,20.5796394806551,,-5.77
Luxembourg,LUX,2009,-3.23895268839308,16.1829007965354,,-5.35
Luxembourg,LUX,2010,3.76040578658925,18.0831934936242,,2.99
Luxembourg,LUX,2011,1.0442860057217,19.2687977063888,,-0.4
Luxembourg,LUX,2012,1.64971134354685,18.7523048822473,3.87815999984741,-2.71
Luxembourg,LUX,2013,3.17168513780955,18.1453726914237,,1.79
Luxembourg,LUX,2014,2.62308838097542,19.0935860222457,3.85569000244141,1.69
Luxembourg,LUX,2015,2.26836572735107,18.9585060879567,3.76792001724243,1.69
Luxembourg,LUX,2016,4.97819047122638,17.9319132619894,,1.52
Luxembourg,LUX,2017,1.31711942298405,18.8897175502242,3.48645997047424,-1.58
Luxembourg,LUX,2018,1.61129891211624,16.9949135422123,3.65772008895874,-0.61
Malta,MLT,1960,,,,
Malta,MLT,1961,,,,
Malta,MLT,1962,,,,
Malta,MLT,1963,,,,
Malta,MLT,1964,,,,
Malta,MLT,1965,,,,
Malta,MLT,1966,,,,
Malta,MLT,1967,,,,
Malta,MLT,1968,,,,
Malta,MLT,1969,,,,
Malta,MLT,1970,,30.0268419309424,,
Malta,MLT,1971,2.45399361227831,26.6420115336282,6.15196990966797,
Malta,MLT,1972,5.83832702652094,22.8899154445025,5.54999017715454,
Malta,MLT,1973,4.1461383732607,20.2751571453255,5.269700050354,
Malta,MLT,1974,10.036403959707,24.8843556713471,4.4931001663208,
Malta,MLT,1975,19.5600808646505,21.5620366885652,4.42221021652222,
Malta,MLT,1976,17.0170895648023,25.2279960827519,3.83189010620117,
Malta,MLT,1977,12.1841698013333,23.8201491282166,3.89760994911194,
Malta,MLT,1978,11.1611581906178,21.5148252124755,3.34882998466492,
Malta,MLT,1979,10.490773167609,23.3716451724714,3.15364003181458,
Malta,MLT,1980,7.04971121492038,22.5768650526351,,4.79
Malta,MLT,1981,3.31176207442611,24.8364278309448,2.86532998085022,3.7
Malta,MLT,1982,2.28445230555327,28.9315230453448,2.85407996177673,6.48
Malta,MLT,1983,-0.612390116892001,27.4876509593313,3.31469011306763,-0.71
Malta,MLT,1984,0.942370935479602,26.5117277892307,3.07872009277344,0.34
Malta,MLT,1985,2.58527966638211,25.7805608256389,3.24833989143372,1.25
Malta,MLT,1986,3.88519000696455,23.3909466712188,3.10572004318237,1.7
Malta,MLT,1987,4.11051445185959,25.2385298695718,3.16531991958618,-2.03
Malta,MLT,1988,8.41423629574032,26.4066163080034,3.33823990821838,5.7
Malta,MLT,1989,8.17910558124002,27.1532317474863,3.58874011039734,7.21
Malta,MLT,1990,6.29139095831148,30.6266775247271,3.83141994476318,5.44
Malta,MLT,1991,6.25649385366269,28.960017601087,3.92030000686646,3.6
Malta,MLT,1992,4.69093194898397,25.2780440388457,4.31409978866577,3.64
Malta,MLT,1993,4.48074837088026,27.3768837797339,,3.96
Malta,MLT,1994,5.6511051827337,28.0976320532642,,4.38
Malta,MLT,1995,6.34249103035094,27.0214155137025,,1.88
Malta,MLT,1996,3.77733599690488,27.2050969666073,,2.18
Malta,MLT,1997,5.25698063086301,25.0930102896896,,4.98
Malta,MLT,1998,5.12560250721334,26.0342223431253,4.18536996841431,5.34
Malta,MLT,1999,4.71997491081015,23.597643281474,,4.03
Malta,MLT,2000,19.6812693530689,27.3213661672154,,8.08
Malta,MLT,2001,-0.757203651807174,21.0580770784444,,-1.13
Malta,MLT,2002,2.74113503379645,17.512829769875,4.15744018554688,2.7
Malta,MLT,2003,3.69331066307235,23.0000963839591,,2.94
Malta,MLT,2004,0.407354423655889,23.5801228472506,4.430260181427,0.07
Malta,MLT,2005,2.88123652429068,26.7956402658111,,2.49
Malta,MLT,2006,2.33618870316785,20.9091269140409,,0.34
Malta,MLT,2007,5.03640177981643,22.5228776793051,5.95993995666504,1.71
Malta,MLT,2008,4.41059689827608,22.2299767218029,5.47429990768433,0.78
Malta,MLT,2009,-1.39524956144803,21.2352843365613,5.04781007766724,-2.5
Malta,MLT,2010,6.19734978656928,21.8643918682215,6.20798015594482,1.78
Malta,MLT,2011,0.992201768011597,17.5046050197968,7.57771015167236,-1.59
Malta,MLT,2012,4.10167460261891,19.2733850981835,6.24788999557495,0.0
Malta,MLT,2013,6.29233378116625,17.0987627782599,7.40672016143799,0.77
Malta,MLT,2014,7.6313628225042,15.9078608339013,6.84973001480103,3.16
Malta,MLT,2015,9.62070302842181,23.4549259783373,4.91352987289429,6.5
Malta,MLT,2016,4.07800422216982,21.940176272756,4.95570993423462,1.34
Malta,MLT,2017,12.9713425287845,19.1594164288903,4.34281015396118,-1.04
Malta,MLT,2018,7.18921425536917,19.6534110624299,,1.09
Moldova,MDA,1960,,,,
Moldova,MDA,1961,,,,
Moldova,MDA,1962,,,,
Moldova,MDA,1963,,,,
Moldova,MDA,1964,,,,
Moldova,MDA,1965,,,,
Moldova,MDA,1966,,,,
Moldova,MDA,1967,,,,
Moldova,MDA,1968,,,,
Moldova,MDA,1969,,,,
Moldova,MDA,1970,,,,
Moldova,MDA,1971,,,,
Moldova,MDA,1972,,,,
Moldova,MDA,1973,,,,
Moldova,MDA,1974,,,,
Moldova,MDA,1975,,,,
Moldova,MDA,1976,,,,
Moldova,MDA,1977,,,,
Moldova,MDA,1978,,,,
Moldova,MDA,1979,,,,
Moldova,MDA,1980,,,,
Moldova,MDA,1981,,,,
Moldova,MDA,1982,,,,
Moldova,MDA,1983,,,,
Moldova,MDA,1984,,,,
Moldova,MDA,1985,,,,
Moldova,MDA,1986,,,,
Moldova,MDA,1987,,,,
Moldova,MDA,1988,,,,
Moldova,MDA,1989,,,,
Moldova,MDA,1990,,,,
Moldova,MDA,1991,-16.0000002715149,,,-17.44
Moldova,MDA,1992,-29.0999999176414,,,-28.36
Moldova,MDA,1993,-1.1999999330268,,,20.03
Moldova,MDA,1994,-30.9000002261447,,,-30.63
Moldova,MDA,1995,-1.39999905491376,24.8766959657948,,-0.9
Moldova,MDA,1996,-5.87706028626823,24.2453602805595,9.89663982391357,-5.14
Moldova,MDA,1997,1.64706456037401,23.8135466343687,,2.51
Moldova,MDA,1998,-6.54219207711182,25.8731282982353,,-6.31
Moldova,MDA,1999,-3.36825447657218,22.8835502404973,4.6625599861145,6.13
Moldova,MDA,2000,2.10771608200733,23.9469590858874,4.48639011383057,0.76
Moldova,MDA,2001,6.10000039929173,23.2823598271446,4.84684991836548,7.23
Moldova,MDA,2002,7.79999965773833,21.6601824678981,5.4979100227356,7.44
Moldova,MDA,2003,6.59999995777716,23.1775987544806,5.42489004135132,18.23
Moldova,MDA,2004,7.39999973358189,26.3591502247752,6.77103996276855,10.66
Moldova,MDA,2005,7.5000001493726,30.8255630510995,7.16270017623901,7.26
Moldova,MDA,2006,4.79999983670831,32.7480806184922,7.49899005889893,9.97
Moldova,MDA,2007,3.00000022585525,38.1055549316863,8.29337024688721,3.83
Moldova,MDA,2008,7.80000014541523,39.227918692985,8.23727035522461,7.46
Moldova,MDA,2009,-6.00000026352828,23.1418973846398,9.5097599029541,-0.68
Moldova,MDA,2010,7.10000010705836,23.8517865932859,7.5922999382019,10.94
Moldova,MDA,2011,5.81816614684824,24.0486714251096,7.13638019561768,3.02
Moldova,MDA,2012,-0.589733954762579,24.1985192443336,6.9834098815918,1.75
Moldova,MDA,2013,9.0438656074181,24.9382002000225,5.90975516494477,6.63
Moldova,MDA,2014,4.99962585407656,23.7825706600568,6.33807992935181,3.94
Moldova,MDA,2015,-0.338235622387202,24.0620907895527,5.76665405944246,-1.91
Moldova,MDA,2016,4.64601436259409,21.9868853235417,5.67210006713867,3.04
Moldova,MDA,2017,4.17561205106279,21.9389542125047,5.71017980575562,5.73
Moldova,MDA,2018,4.07559546585034,26.5918106703471,5.53886985778809,-0.29
Monaco,MCO,1960,,,,
Monaco,MCO,1961,,,,
Monaco,MCO,1962,,,,
Monaco,MCO,1963,,,,
Monaco,MCO,1964,,,,
Monaco,MCO,1965,,,,
Monaco,MCO,1966,,,,
Monaco,MCO,1967,,,,
Monaco,MCO,1968,,,,
Monaco,MCO,1969,,,,
Monaco,MCO,1970,,,,
Monaco,MCO,1971,5.22806002306334,,,
Monaco,MCO,1972,4.64830962143698,,,
Monaco,MCO,1973,6.55375750568663,,,
Monaco,MCO,1974,4.47461105113078,,,
Monaco,MCO,1975,-0.972637494746181,,,
Monaco,MCO,1976,4.41162878464969,,,
Monaco,MCO,1977,3.55323607971012,,,
Monaco,MCO,1978,3.95355130351356,,,
Monaco,MCO,1979,3.53420492941619,,,
Monaco,MCO,1980,1.68545743376301,,,
Monaco,MCO,1981,0.922378365935245,,,
Monaco,MCO,1982,2.4323894752107,,,
Monaco,MCO,1983,1.194973349035,,,
Monaco,MCO,1984,1.4845156308988,,,
Monaco,MCO,1985,1.70869968354268,,,
Monaco,MCO,1986,2.4523646833738,,,
Monaco,MCO,1987,2.48457417040042,,,
Monaco,MCO,1988,4.59860147535215,,0.88102000951767,
Monaco,MCO,1989,4.1636593103912,,0.957539975643158,
Monaco,MCO,1990,2.64345417053957,,,
Monaco,MCO,1991,1.01512911296157,,,
Monaco,MCO,1992,1.36663952678862,,0.913609981536865,
Monaco,MCO,1993,-0.913919721547302,,,
Monaco,MCO,1994,2.21562422660615,,,
Monaco,MCO,1995,2.11715302190068,,1.06456005573273,
Monaco,MCO,1996,1.11073179729593,,1.08222997188568,
Monaco,MCO,1997,2.23724927742614,,1.21240997314453,
Monaco,MCO,1998,3.50326599643141,,1.20881998538971,
Monaco,MCO,1999,3.30053899589946,,1.19526994228363,
Monaco,MCO,2000,3.91022992758094,,1.25537002086639,
Monaco,MCO,2001,2.18773369040099,,,
Monaco,MCO,2002,1.02649757327522,,,
Monaco,MCO,2003,1.08753654746801,,,
Monaco,MCO,2004,2.47048260499609,,1.26668000221252,
Monaco,MCO,2005,1.89541410859198,,,
Monaco,MCO,2006,5.81764849670007,,,
Monaco,MCO,2007,14.4375144375144,,,
Monaco,MCO,2008,0.746871215179652,,,
Monaco,MCO,2009,-11.3369865758365,,1.35431003570557,
Monaco,MCO,2010,2.06521962654098,,1.31735002994537,
Monaco,MCO,2011,7.02235694617619,,1.58989000320435,
Monaco,MCO,2012,1.01221841230461,,1.78004002571106,
Monaco,MCO,2013,9.57709832354816,,1.33440005779266,
Monaco,MCO,2014,7.18702777537968,,1.02186000347137,
Monaco,MCO,2015,4.91037176536236,,,
Monaco,MCO,2016,3.00844358752744,,1.37126004695892,
Monaco,MCO,2017,-3.20618323813213,,1.45816004276276,
Monaco,MCO,2018,5.69790121192926,,,
Montenegro,MNE,1960,,,,
Montenegro,MNE,1961,,,,
Montenegro,MNE,1962,,,,
Montenegro,MNE,1963,,,,
Montenegro,MNE,1964,,,,
Montenegro,MNE,1965,,,,
Montenegro,MNE,1966,,,,
Montenegro,MNE,1967,,,,
Montenegro,MNE,1968,,,,
Montenegro,MNE,1969,,,,
Montenegro,MNE,1970,,,,
Montenegro,MNE,1971,,,,
Montenegro,MNE,1972,,,,
Montenegro,MNE,1973,,,,
Montenegro,MNE,1974,,,,
Montenegro,MNE,1975,,,,
Montenegro,MNE,1976,,,,
Montenegro,MNE,1977,,,,
Montenegro,MNE,1978,,,,
Montenegro,MNE,1979,,,,
Montenegro,MNE,1980,,,,
Montenegro,MNE,1981,,,,
Montenegro,MNE,1982,,,,
Montenegro,MNE,1983,,,,
Montenegro,MNE,1984,,,,
Montenegro,MNE,1985,,,,
Montenegro,MNE,1986,,,,
Montenegro,MNE,1987,,,,
Montenegro,MNE,1988,,,,
Montenegro,MNE,1989,,,,
Montenegro,MNE,1990,,,,
Montenegro,MNE,1991,,,,-11.6
Montenegro,MNE,1992,,,,-23.85
Montenegro,MNE,1993,,,,-36.63
Montenegro,MNE,1994,,,,1.08
Montenegro,MNE,1995,,,,13.91
Montenegro,MNE,1996,,,,27.6
Montenegro,MNE,1997,,,,6.62
Montenegro,MNE,1998,4.90000432852622,,,4.94
Montenegro,MNE,1999,-9.39999486996116,,,-8.05
Montenegro,MNE,2000,3.09999666280245,22.3884042304628,,14.46
Montenegro,MNE,2001,1.09984092979461,23.4356927210816,,0.9
Montenegro,MNE,2002,1.90393612601383,18.7610862768708,,1.74
Montenegro,MNE,2003,2.48265891351525,15.4139251772035,,2.06
Montenegro,MNE,2004,4.42605147138921,16.6311430886528,,3.64
Montenegro,MNE,2005,4.18060206704946,17.7265048810079,,3.75
Montenegro,MNE,2006,8.56641991756757,23.6547243870948,,-0.67
Montenegro,MNE,2007,7.13755016459636,34.4986756450316,,-0.63
Montenegro,MNE,2008,6.89860030860218,40.8364739584696,,3.6
Montenegro,MNE,2009,-5.99444862538753,26.6711101832825,,-3.61
Montenegro,MNE,2010,2.77559782547836,22.2701240129796,,3.05
Montenegro,MNE,2011,3.40978812497193,19.1045005763001,,2.97
Montenegro,MNE,2012,-2.48732882965353,20.0742817028936,,-5.19
Montenegro,MNE,2013,3.38612548540247,18.8466986569303,,2.71
Montenegro,MNE,2014,2.37030892464516,19.4950094143958,,-4.71
Montenegro,MNE,2015,2.52306333975571,19.7357949684861,,0.8
Montenegro,MNE,2016,3.4393056210999,24.9598939884942,,2.02
Montenegro,MNE,2017,3.21668504736274,28.6467194795715,,2.5
Montenegro,MNE,2018,4.73292113433965,31.3513275722887,,1.87
Netherlands,NLD,1960,,,,
Netherlands,NLD,1961,0.295546504846172,,,
Netherlands,NLD,1962,6.84350722750473,,,
Netherlands,NLD,1963,3.62462159639203,,,
Netherlands,NLD,1964,8.27490413848105,,,
Netherlands,NLD,1965,8.64309474781801,,,
Netherlands,NLD,1966,2.74110435359816,,,
Netherlands,NLD,1967,5.28001495109744,,,
Netherlands,NLD,1968,6.41613410796171,,,
Netherlands,NLD,1969,6.4294490946164,27.9694097439767,,
Netherlands,NLD,1970,6.14018151825016,29.3003313331511,6.2120099067688,
Netherlands,NLD,1971,4.31698034729853,27.9428175575509,6.3189001083374,
Netherlands,NLD,1972,3.53387449555808,25.3681273293329,6.3092098236084,
Netherlands,NLD,1973,5.44422319799096,25.3834397628605,5.83436012268066,
Netherlands,NLD,1974,3.4387177026689,24.2555191134442,6.3265700340271,
Netherlands,NLD,1975,0.0020287559480323,22.6144833010038,6.36227989196777,
Netherlands,NLD,1976,4.45630944629636,22.5232725922065,6.30303001403809,
Netherlands,NLD,1977,2.52044058142084,23.4476897620695,6.17341995239258,
Netherlands,NLD,1978,2.6962468211259,23.2918043778586,6.17534017562866,
Netherlands,NLD,1979,2.01416625857843,22.4244747341204,6.08136987686157,
Netherlands,NLD,1980,1.34191409240884,23.2806552170057,5.88415002822876,-0.52
Netherlands,NLD,1981,-0.78361166175803,20.4066644405007,5.74091005325317,-0.34
Netherlands,NLD,1982,-1.24075669199284,19.4072969597185,5.6866397857666,0.26
Netherlands,NLD,1983,2.06995815677583,20.2550548603248,5.49269008636475,2.98
Netherlands,NLD,1984,3.06167877138195,20.8366168248828,5.0826301574707,2.22
Netherlands,NLD,1985,2.58018000128781,21.1656528250772,5.46484994888306,0.69
Netherlands,NLD,1986,2.78697583712109,22.3970317706723,5.55338001251221,0.42
Netherlands,NLD,1987,1.9312485744144,22.3073898301142,5.88925981521606,-0.21
Netherlands,NLD,1988,3.44121890433911,23.6589124812608,5.4634199142456,1.6
Netherlands,NLD,1989,4.42011793059889,24.4111102377561,,1.69
Netherlands,NLD,1990,4.18322289611109,23.9012711605125,5.22109985351562,1.1
Netherlands,NLD,1991,2.4391343395225,23.0045923528186,5.1540699005127,0.51
Netherlands,NLD,1992,1.70607100505794,22.9958118547438,,0.3
Netherlands,NLD,1993,1.25755214528137,20.9693925297175,4.74960994720459,0.83
Netherlands,NLD,1994,2.96109252246121,21.2124676655347,4.65639019012451,2.25
Netherlands,NLD,1995,3.11603593857495,21.422165123382,4.57215023040771,0.85
Netherlands,NLD,1996,3.42063535269868,22.2339994207935,4.48540019989014,1.38
Netherlands,NLD,1997,4.24847396941847,22.5539685116053,,1.22
Netherlands,NLD,1998,4.64770326997895,22.7426875258017,4.53430986404419,2.23
Netherlands,NLD,1999,5.04334216651563,22.9712264633708,4.4996600151062,2.1
Netherlands,NLD,2000,4.21970034558892,22.4588724676077,4.58325004577637,2.32
Netherlands,NLD,2001,2.32358454925847,22.6044175168395,4.68933010101318,0.32
Netherlands,NLD,2002,0.24582951723049,20.9657566797441,4.78904008865356,-0.5
Netherlands,NLD,2003,0.0978549395212411,20.4311120001709,5.0199499130249,0.72
Netherlands,NLD,2004,2.01628331561487,20.2354145150337,5.0411901473999,3.15
Netherlands,NLD,2005,2.03401576512488,20.3913422355285,5.08871984481812,1.38
Netherlands,NLD,2006,3.53729585853395,20.9352721280667,5.01913976669312,1.26
Netherlands,NLD,2007,3.88542348324803,23.2286138653607,4.85854005813599,0.8
Netherlands,NLD,2008,2.11674514240192,22.2059299952863,4.99737977981567,0.53
Netherlands,NLD,2009,-3.66528147002826,20.5767305168581,5.38561010360718,-2.84
Netherlands,NLD,2010,1.31935287897116,20.0371060399178,5.45634984970093,2.04
Netherlands,NLD,2011,1.77330320575034,19.9116480923396,5.41595983505249,0.68
Netherlands,NLD,2012,-0.977826121310997,18.5826577863124,5.36694002151489,-0.83
Netherlands,NLD,2013,-0.0302410184270769,18.3607360340882,5.48417997360229,1.06
Netherlands,NLD,2014,1.61255885112396,17.7066341303839,5.40205001831055,1.52
Netherlands,NLD,2015,2.12064007193544,22.1699860549934,5.27802991867065,1.0
Netherlands,NLD,2016,2.42428065449427,19.7764432256049,5.38952016830444,1.08
Netherlands,NLD,2017,2.78150834679987,20.2151929584837,5.08747005462646,0.73
Netherlands,NLD,2018,2.25873158164956,20.4804432515785,5.26723003387451,0.07
North Macedonia,MKD,1960,,,,
North Macedonia,MKD,1961,,,,
North Macedonia,MKD,1962,,,,
North Macedonia,MKD,1963,,,,
North Macedonia,MKD,1964,,,,
North Macedonia,MKD,1965,,,,
North Macedonia,MKD,1966,,,,
North Macedonia,MKD,1967,,,,
North Macedonia,MKD,1968,,,,
North Macedonia,MKD,1969,,,,
North Macedonia,MKD,1970,,,,
North Macedonia,MKD,1971,,,,
North Macedonia,MKD,1972,,,,
North Macedonia,MKD,1973,,,,
North Macedonia,MKD,1974,,,,
North Macedonia,MKD,1975,,,,
North Macedonia,MKD,1976,,,,
North Macedonia,MKD,1977,,,,
North Macedonia,MKD,1978,,,,
North Macedonia,MKD,1979,,,,
North Macedonia,MKD,1980,,,,
North Macedonia,MKD,1981,,,,
North Macedonia,MKD,1982,,,,
North Macedonia,MKD,1983,,,,
North Macedonia,MKD,1984,,,,
North Macedonia,MKD,1985,,,,
North Macedonia,MKD,1986,,,,
North Macedonia,MKD,1987,,,,
North Macedonia,MKD,1988,,,,
North Macedonia,MKD,1989,,,,
North Macedonia,MKD,1990,,17.7631578947368,,
North Macedonia,MKD,1991,-6.17076764806545,16.8078512396694,,-3.32
North Macedonia,MKD,1992,-6.56519867685854,14.7211026922457,4.73344993591309,-2.06
North Macedonia,MKD,1993,-7.46927131858557,15.2046341972908,4.63056993484497,-2.1
North Macedonia,MKD,1994,-1.75816618126913,14.7032467532468,4.52628993988037,3.65
North Macedonia,MKD,1995,-1.11472769414412,19.7346209712244,4.27123022079468,9.32
North Macedonia,MKD,1996,1.18510388873231,19.0979185637389,4.30311012268066,5.91
North Macedonia,MKD,1997,1.43998133659125,19.9395889871872,,7.21
North Macedonia,MKD,1998,3.37873564718296,21.1653905377665,,0.69
North Macedonia,MKD,1999,4.33902791307588,18.7271147661783,,0.6
North Macedonia,MKD,2000,4.54913578288874,21.8801026358759,,2.89
North Macedonia,MKD,2001,-3.06725662451662,17.3554734085335,,-0.93
North Macedonia,MKD,2002,1.49366547202928,20.8302234116196,3.30014991760254,-1.64
North Macedonia,MKD,2003,2.22260165732409,17.9293173647346,,2.09
North Macedonia,MKD,2004,4.67408957960916,21.045921092932,,12.03
North Macedonia,MKD,2005,4.72408864201974,19.845548830107,,-0.19
North Macedonia,MKD,2006,5.13702516153505,21.408135228766,,0.5
North Macedonia,MKD,2007,6.47348685752347,23.7126866171971,,3.39
North Macedonia,MKD,2008,5.47200139015595,27.9327050543518,,-2.26
North Macedonia,MKD,2009,-0.358614856979671,25.7424835151053,,-4.57
North Macedonia,MKD,2010,3.35875085773812,24.4680948373642,,7.22
North Macedonia,MKD,2011,2.33988604520331,26.9131339592319,,0.91
North Macedonia,MKD,2012,-0.456183223607937,28.9271763841244,,-1.63
North Macedonia,MKD,2013,2.92525766450484,28.8080479626054,,-2.53
North Macedonia,MKD,2014,3.62912351276373,30.2952252615938,,1.23
North Macedonia,MKD,2015,3.85586514041738,30.4035752494839,,1.95
North Macedonia,MKD,2016,2.84820519363306,32.5096882119049,,1.26
North Macedonia,MKD,2017,1.08177273813243,32.2729434757145,,-2.07
North Macedonia,MKD,2018,2.88059670964267,32.3288110664903,,0.18
Norway,NOR,1960,,,,
Norway,NOR,1961,6.2733355410215,,,
Norway,NOR,1962,2.81394521638465,,,
Norway,NOR,1963,3.78504305750515,,,
Norway,NOR,1964,5.00965105972533,,,
Norway,NOR,1965,5.28560880430634,,,
Norway,NOR,1966,3.78651321598602,,,
Norway,NOR,1967,6.25607895878227,,,
Norway,NOR,1968,2.25987551481224,,,
Norway,NOR,1969,4.50461146666011,,,
Norway,NOR,1970,1.94330054570493,33.1525736303062,,
Norway,NOR,1971,5.7147684412603,34.3498414247377,,
Norway,NOR,1972,5.28421650140392,31.3330991481514,5.90405988693237,
Norway,NOR,1973,4.49029469472772,33.380492933791,5.89171981811523,
Norway,NOR,1974,3.96443769084686,36.6727431772805,5.67365980148315,
Norway,NOR,1975,4.94798609099843,37.5097871942597,5.55022001266479,
Norway,NOR,1976,5.84956345415462,38.9122280954014,6.16359996795654,
Norway,NOR,1977,4.15190588338356,38.106851231187,5.97280979156494,
Norway,NOR,1978,3.85568468692183,30.0824650634537,6.44437980651855,
Norway,NOR,1979,4.35122903414562,28.7698827180757,,
Norway,NOR,1980,4.5267984596924,28.4707018064117,5.78014993667603,2.1
Norway,NOR,1981,1.67423049803278,27.9692064984073,5.54364013671875,0.31
Norway,NOR,1982,0.242440465084144,28.928186883798,5.6788501739502,0.18
Norway,NOR,1983,3.94088668258857,26.5247875606969,5.64629983901978,4.24
Norway,NOR,1984,6.07555820534726,27.6853759011329,5.42936992645264,5.25
Norway,NOR,1985,5.56110673396684,27.6926561976041,5.25567007064819,2.71
Norway,NOR,1986,4.04765910229874,33.1194927132702,5.53984022140503,0.73
Norway,NOR,1987,1.74427870145095,31.7602304892523,5.7880802154541,-0.28
Norway,NOR,1988,-0.330025653077698,30.6393432709461,5.86597013473511,0.3
Norway,NOR,1989,1.02954207990309,27.6679063507243,6.29984998703003,4.01
Norway,NOR,1990,1.95899042256056,24.748480711054,6.31036996841431,2.82
Norway,NOR,1991,2.85865596855008,22.1445405456335,6.37321996688843,4.15
Norway,NOR,1992,3.56422602983729,21.3768663090219,6.63613986968994,3.78
Norway,NOR,1993,2.87306009185421,21.8614181415695,7.6766300201416,2.09
Norway,NOR,1994,5.03933284247313,22.7593161100873,7.83044004440308,3.64
Norway,NOR,1995,4.15289526465317,23.7325588077042,7.69568014144897,2.04
Norway,NOR,1996,4.96949434701779,22.330032215726,7.13806009292603,2.94
Norway,NOR,1997,5.09208924000464,24.4367578456319,7.30343008041382,2.3
Norway,NOR,1998,2.72590814782492,27.5067846955292,7.35761022567749,-0.03
Norway,NOR,1999,2.18261230296261,23.8264548144863,6.96224021911621,1.08
Norway,NOR,2000,3.443416131481,21.1263938589634,6.45935010910034,2.58
Norway,NOR,2001,2.1634350595868,19.8231380030983,6.82014989852905,1.72
Norway,NOR,2002,1.45747886087304,19.3942483081845,7.42243003845215,1.06
Norway,NOR,2003,1.09635781210122,18.5016607815225,7.39930009841919,2.13
Norway,NOR,2004,4.33015597691212,20.5503073798527,7.27745008468628,3.3
Norway,NOR,2005,2.96973597025936,21.3471923026697,6.84081983566284,1.32
Norway,NOR,2006,2.84726376691944,22.801746254571,6.35823011398315,-0.97
Norway,NOR,2007,3.42030119916608,25.9515026676628,6.50672006607056,-1.11
Norway,NOR,2008,0.822805797014865,25.0626873295723,6.2491397857666,-2.67
Norway,NOR,2009,-1.61327151945869,23.4094315363354,7.07068014144897,-1.27
Norway,NOR,2010,1.00493269017117,24.0082068030157,6.71042013168335,1.25
Norway,NOR,2011,1.38505117083945,24.4632060581118,6.4148998260498,-0.52
Norway,NOR,2012,2.82395673492459,24.8841937099589,7.32766008377075,0.64
Norway,NOR,2013,1.27290177696287,26.1789626307442,7.43905019760132,-0.05
Norway,NOR,2014,2.09521388080101,25.9804539858352,7.64402008056641,0.74
Norway,NOR,2015,2.04428845501438,25.5765362668571,7.52335977554321,1.56
Norway,NOR,2016,1.29158732771135,26.1648857958756,7.98443984985352,0.89
Norway,NOR,2017,2.66964474273466,26.004345157941,7.84599018096924,1.22
Norway,NOR,2018,1.1103912365576,25.9594681444999,7.59564018249512,-0.21
Poland,POL,1960,,,,
Poland,POL,1961,,,,
Poland,POL,1962,,,,
Poland,POL,1963,,,,
Poland,POL,1964,,,,
Poland,POL,1965,,,,
Poland,POL,1966,,,,
Poland,POL,1967,,,,
Poland,POL,1968,,,,
Poland,POL,1969,,,,
Poland,POL,1970,,,,
Poland,POL,1971,,,,
Poland,POL,1972,,,,
Poland,POL,1973,,,,
Poland,POL,1974,,,,
Poland,POL,1975,,,,
Poland,POL,1976,,,,
Poland,POL,1977,,,,
Poland,POL,1978,,,,
Poland,POL,1979,,,,
Poland,POL,1980,,,,-6.57
Poland,POL,1981,,,,-10.42
Poland,POL,1982,,,,-2.39
Poland,POL,1983,,,,5.84
Poland,POL,1984,,,,5.35
Poland,POL,1985,,,,2.75
Poland,POL,1986,,,,3.93
Poland,POL,1987,,,,2.29
Poland,POL,1988,,,,4.84
Poland,POL,1989,,,,0.28
Poland,POL,1990,,,,-7.62
Poland,POL,1991,-7.01557879301123,,3.89144992828369,-1.23
Poland,POL,1992,2.51497861350261,,4.1879301071167,3.49
Poland,POL,1993,3.73831029461471,,4.1827597618103,6.25
Poland,POL,1994,5.292802066626,,,4.24
Poland,POL,1995,7.92965956313934,19.862521327671,4.31374979019165,5.06
Poland,POL,1996,6.09387747385628,21.8581629640564,6.23327016830444,4.16
Poland,POL,1997,6.35890635030509,23.7783189882881,,3.78
Poland,POL,1998,4.62161133761769,25.2181635520769,4.92518997192383,3.25
Poland,POL,1999,4.69918479192557,25.5001823677686,4.57368993759155,5.57
Poland,POL,2000,4.65633252988236,24.6999676719407,4.96281003952026,7.14
Poland,POL,2001,1.23374464400356,20.6408974856903,5.29358005523682,3.54
Poland,POL,2002,1.90119437968586,18.5444793558839,5.37052011489868,5.22
Poland,POL,2003,3.52337117234833,18.9111542221715,5.30664014816284,4.78
Poland,POL,2004,5.09079546409544,20.4890653221513,5.33129978179932,3.96
Poland,POL,2005,3.26082274679216,20.1073600639489,5.41065979003906,1.31
Poland,POL,2006,6.20210710934373,21.9561662978922,5.18848991394043,2.91
Poland,POL,2007,6.7604478527626,25.4186459060222,4.86086988449097,2.43
Poland,POL,2008,4.38377069274605,24.7561450970576,5.02344989776611,0.43
Poland,POL,2009,2.61512859291683,20.7579141114998,4.97665977478027,2.45
Poland,POL,2010,3.16892748258036,20.8586688863455,5.08126020431519,6.43
Poland,POL,2011,5.25546256612796,22.3450463094694,4.82901000976562,4.43
Poland,POL,2012,1.51178167644575,20.8019518666142,4.83311986923218,1.49
Poland,POL,2013,0.684240607051805,19.1280449978263,4.99779987335205,1.46
Poland,POL,2014,3.92050862390032,20.8272789201168,4.93858003616333,1.56
Poland,POL,2015,4.43176700264478,20.8016958781231,4.78748989105225,2.29
Poland,POL,2016,3.03117767594847,20.0873009067718,4.62726020812988,2.23
Poland,POL,2017,5.15245773325907,19.9081446848915,4.54246997833252,3.55
Poland,POL,2018,6.2458584723942,21.443880969665,4.55985021591187,4.8
Portugal,PRT,1960,,,,
Portugal,PRT,1961,5.53490446482866,,,
Portugal,PRT,1962,6.61444657322659,,,
Portugal,PRT,1963,5.87370138713079,,,
Portugal,PRT,1964,6.31074750083511,,,
Portugal,PRT,1965,7.46898966740095,,,
Portugal,PRT,1966,4.07790851389984,,,
Portugal,PRT,1967,7.54448267869383,,,
Portugal,PRT,1968,8.87550967399879,,,
Portugal,PRT,1969,2.12074172405788,,,
Portugal,PRT,1970,9.11384270152895,28.0652022282216,,
Portugal,PRT,1971,6.63165162093394,26.1098272155646,,
Portugal,PRT,1972,8.01569616394021,28.7381847658257,,
Portugal,PRT,1973,11.2006718999033,31.2646024872452,1.63391995429993,
Portugal,PRT,1974,1.14285965477239,29.6513011420485,1.93535995483398,
Portugal,PRT,1975,-4.34763043220784,19.4508314348027,3.06245994567871,
Portugal,PRT,1976,6.90023019372026,24.7780063277206,3.07873010635376,
Portugal,PRT,1977,5.60259779264088,30.1207362676697,,
Portugal,PRT,1978,2.81596606697316,31.6193404467528,2.90048003196716,
Portugal,PRT,1979,5.63893733004393,30.5966562643166,2.69930005073547,
Portugal,PRT,1980,4.58934022380851,34.022549320018,3.06743001937866,2.33
Portugal,PRT,1981,1.61810337594387,35.8475338351011,3.18575000762939,1.14
Portugal,PRT,1982,2.1353747657862,35.3778988236045,3.32909989356995,2.19
Portugal,PRT,1983,-0.173112539564684,29.3203360927402,3.23281002044678,-4.57
Portugal,PRT,1984,-1.87997986277209,23.0583842511206,3.14253997802734,-1.63
Portugal,PRT,1985,2.80743961484895,21.4032884623938,3.26249003410339,3.28
Portugal,PRT,1986,4.14095608461172,23.1721064910143,3.04924988746643,3.96
Portugal,PRT,1987,6.38139391332237,27.378501750037,3.15797996520996,3.66
Portugal,PRT,1988,7.4891073628233,30.4707780242322,3.38753008842468,4.74
Portugal,PRT,1989,6.44063956353789,28.2934760225759,3.47523999214172,4.09
Portugal,PRT,1990,3.95052317228428,27.721131452629,3.56972002983093,1.69
Portugal,PRT,1991,4.36820616663232,25.738680472155,4.0713300704956,1.36
Portugal,PRT,1992,1.08947689832507,24.9460022225038,4.33747005462646,0.19
Portugal,PRT,1993,-2.04327729359404,22.1454534250659,4.84095001220703,-0.01
Portugal,PRT,1994,0.964838285067799,22.950768391851,4.67129993438721,1.08
Portugal,PRT,1995,4.28278017236022,24.1933776372451,4.61330986022949,4.87
Portugal,PRT,1996,3.50424653058748,24.4083515242472,5.065110206604,1.8
Portugal,PRT,1997,4.40086766458026,26.5243441476558,,1.73
Portugal,PRT,1998,4.80796318953165,28.3167621107077,,1.95
Portugal,PRT,1999,3.90657779623113,29.0278207613076,5.04687023162842,2.32
Portugal,PRT,2000,3.81617714108242,28.7766387963597,5.16386985778809,1.58
Portugal,PRT,2001,1.94367213427915,28.1574917811274,5.33713006973267,0.19
Portugal,PRT,2002,0.770924781247714,25.9043294973227,5.25872993469238,0.38
Portugal,PRT,2003,-0.930521045062918,23.1147053583821,5.28152990341187,0.04
Portugal,PRT,2004,1.78873552917291,23.8243238411168,5.04640007019043,2.51
Portugal,PRT,2005,0.781847569123585,23.3586139281485,5.07393980026245,1.25
Portugal,PRT,2006,1.62503532956156,22.9256733300806,4.90769004821777,1.23
Portugal,PRT,2007,2.50657937751231,23.0998862393828,4.92149019241333,2.49
Portugal,PRT,2008,0.319247344434558,23.5794931626439,4.69608020782471,-0.05
Portugal,PRT,2009,-3.12207827545093,20.8425074783613,5.56315994262695,-0.41
Portugal,PRT,2010,1.73762453640036,21.1994526798182,5.40499019622803,3.21
Portugal,PRT,2011,-1.71352745905065,18.6613799007397,5.11688995361328,0.25
Portugal,PRT,2012,-4.05090267621935,15.7536608050077,4.94226980209351,0.03
Portugal,PRT,2013,-0.984106574148328,14.6835299275763,5.26528978347778,2.0
Portugal,PRT,2014,0.741391420706506,15.3444039472278,5.12005996704102,-0.61
Portugal,PRT,2015,1.58979803702681,15.9379888733382,4.89425992965698,0.39
Portugal,PRT,2016,2.00414129666575,16.0283624571119,,0.4
Portugal,PRT,2017,3.31472008175986,17.44628649988,5.02685022354126,0.22
Portugal,PRT,2018,2.94628343449202,18.5247214985093,4.6793999671936,0.11
Romania,ROU,1960,,,,
Romania,ROU,1961,,,,
Romania,ROU,1962,,,,
Romania,ROU,1963,,,,
Romania,ROU,1964,,,,
Romania,ROU,1965,,,,
Romania,ROU,1966,,,,
Romania,ROU,1967,,,,
Romania,ROU,1968,,,,
Romania,ROU,1969,,,,
Romania,ROU,1970,,,,
Romania,ROU,1971,,,,
Romania,ROU,1972,,,,
Romania,ROU,1973,,,,
Romania,ROU,1974,,,,
Romania,ROU,1975,,,,
Romania,ROU,1976,,,,
Romania,ROU,1977,,,,
Romania,ROU,1978,,,,
Romania,ROU,1979,,,,
Romania,ROU,1980,,,,3.95
Romania,ROU,1981,,,,-0.14
Romania,ROU,1982,,,,3.43
Romania,ROU,1983,,,,5.74
Romania,ROU,1984,,,,5.55
Romania,ROU,1985,,,,-0.91
Romania,ROU,1986,,,,1.58
Romania,ROU,1987,,,,0.49
Romania,ROU,1988,,,,-1.82
Romania,ROU,1989,,,,-10.84
Romania,ROU,1990,,30.2482806853946,,-3.52
Romania,ROU,1991,-12.9182107298211,28.0457371024094,,-5.38
Romania,ROU,1992,-8.7672284522824,31.405493266105,,3.16
Romania,ROU,1993,1.52883449664077,28.9277193823057,,5.38
Romania,ROU,1994,3.93194272962506,24.809134731324,,7.02
Romania,ROU,1995,6.23351148371351,23.3161642971645,,10.72
Romania,ROU,1996,3.90770208816159,23.0950938293071,3.24121999740601,7.43
Romania,ROU,1997,-4.8490627379703,21.2987400049412,,-5.65
Romania,ROU,1998,-2.02981290571721,18.3829311197399,,1.02
Romania,ROU,1999,-0.376660705758994,15.6493077726824,,0.86
Romania,ROU,2000,2.4612634592269,19.6695811091698,2.86862993240356,3.26
Romania,ROU,2001,5.21813625673708,22.7560110876947,3.26629996299744,6.35
Romania,ROU,2002,5.70299165043771,22.1726981083131,3.50411009788513,17.66
Romania,ROU,2003,2.34114732919521,23.1953192411743,3.54397010803223,2.39
Romania,ROU,2004,10.4281130180976,24.2165645026754,3.31273007392883,12.29
Romania,ROU,2005,4.6681480508487,22.9306854622381,3.50038003921509,6.29
Romania,ROU,2006,8.02881107599163,27.4669698502695,4.30650997161865,7.29
Romania,ROU,2007,7.23380774362805,31.3370187913254,4.14953994750977,6.84
Romania,ROU,2008,9.30746717077338,33.0936844355478,4.09722995758057,9.29
Romania,ROU,2009,-5.51670615843011,27.2026875632393,4.00193023681641,-3.61
Romania,ROU,2010,-3.90581157302972,27.1890794202952,3.41647005081177,-3.64
Romania,ROU,2011,4.49558909946313,27.809701397226,2.91359996795654,2.84
Romania,ROU,2012,1.90361696799603,26.7222427286412,2.8234601020813,7.24
Romania,ROU,2013,0.278771877470234,25.2514905784046,3.06785011291504,4.43
Romania,ROU,2014,4.11600109267832,25.2257196462876,3.12494993209839,2.63
Romania,ROU,2015,3.1570360543854,25.4960152893431,3.10693001747131,5.2
Romania,ROU,2016,2.85993252302089,23.6646873522112,3.0255401134491,6.0
Romania,ROU,2017,8.19547826641261,23.9867377562262,3.11819005012512,4.4
Romania,ROU,2018,5.39452228185675,23.0435742456948,3.31710004806519,3.71
Russian Federation,RUS,1960,,,,
Russian Federation,RUS,1961,,,,
Russian Federation,RUS,1962,,,,
Russian Federation,RUS,1963,,,,
Russian Federation,RUS,1964,,,,
Russian Federation,RUS,1965,,,,
Russian Federation,RUS,1966,,,,
Russian Federation,RUS,1967,,,,
Russian Federation,RUS,1968,,,,
Russian Federation,RUS,1969,,,,
Russian Federation,RUS,1970,,,,
Russian Federation,RUS,1971,,,,
Russian Federation,RUS,1972,,,,
Russian Federation,RUS,1973,,,,
Russian Federation,RUS,1974,,,,
Russian Federation,RUS,1975,,,,
Russian Federation,RUS,1976,,,,
Russian Federation,RUS,1977,,,,
Russian Federation,RUS,1978,,,,
Russian Federation,RUS,1979,,,,
Russian Federation,RUS,1980,,,,2.91
Russian Federation,RUS,1981,,,,2.43
Russian Federation,RUS,1982,,,,3.26
Russian Federation,RUS,1983,,,,3.4
Russian Federation,RUS,1984,,,,1.19
Russian Federation,RUS,1985,,,,2.9
Russian Federation,RUS,1986,,,,2.01
Russian Federation,RUS,1987,,,,0.55
Russian Federation,RUS,1988,,27.2693243496163,,4.17
Russian Federation,RUS,1989,,33.8394415357766,,3.69
Russian Federation,RUS,1990,-2.99999564243126,30.1303942874884,,-2.69
Russian Federation,RUS,1991,-5.04693945142462,36.2674293886307,,-3.15
Russian Federation,RUS,1992,-14.5310737729264,34.6133613887428,,-12.42
Russian Federation,RUS,1993,-8.66854034260423,27.0071715934931,,-7.1
Russian Federation,RUS,1994,-12.5697559802151,25.5374539500614,,-9.55
Russian Federation,RUS,1995,-4.1435284052602,25.4388784044713,,-1.2
Russian Federation,RUS,1996,-3.7550694383594,23.6674001136852,,-3.04
Russian Federation,RUS,1997,1.3999158052963,21.9763894687502,,3.24
Russian Federation,RUS,1998,-5.2999616266239,14.9641222334913,,-3.97
Russian Federation,RUS,1999,6.39991469144101,14.8303000466388,,5.68
Russian Federation,RUS,2000,10.0000668136515,18.6937601947688,2.93979001045227,9.31
Russian Federation,RUS,2001,5.10005122572568,21.9498173349418,3.10601997375488,4.35
Russian Federation,RUS,2002,4.69999190914258,20.0295461890033,3.83502006530762,3.75
Russian Federation,RUS,2003,7.29995234528189,20.8589584807348,3.67855000495911,6.64
Russian Federation,RUS,2004,7.19994786954857,20.9012750797344,3.54785990715027,5.64
Russian Federation,RUS,2005,6.39996544799469,20.0774969178103,3.77192997932434,4.81
Russian Federation,RUS,2006,8.20006825456321,21.1715918033474,3.86626005172729,6.9
Russian Federation,RUS,2007,8.49997776916511,24.1645140334655,,6.04
Russian Federation,RUS,2008,5.19996926404957,25.5012197086864,4.10174989700317,4.86
Russian Federation,RUS,2009,-7.79999391271275,18.9263757354968,,-5.68
Russian Federation,RUS,2010,4.49999999920672,22.6150505519736,4.08974230526824,3.72
Russian Federation,RUS,2011,4.30002918604238,24.2607379312639,3.71261270253186,2.94
Russian Federation,RUS,2012,4.0240861571798,24.5536933545168,3.79310011863708,2.7
Russian Federation,RUS,2013,1.75542214916291,23.2716819870194,3.76382994651794,2.02
Russian Federation,RUS,2014,0.736267221403651,22.3908642287739,4.01387977600098,0.49
Russian Federation,RUS,2015,-1.9727192264298,22.148725318159,3.83402991294861,-3.37
Russian Federation,RUS,2016,0.193671130698817,23.0954224731096,3.76044011116028,0.23
Russian Federation,RUS,2017,1.82670527549192,23.6067558621651,4.68990993499756,1.98
Russian Federation,RUS,2018,2.80634082046656,21.9180891512463,4.67819023132324,1.84
San Marino,SMR,1960,,,,
San Marino,SMR,1961,,,,
San Marino,SMR,1962,,,,
San Marino,SMR,1963,,,,
San Marino,SMR,1964,,,,
San Marino,SMR,1965,,,,
San Marino,SMR,1966,,,,
San Marino,SMR,1967,,,,
San Marino,SMR,1968,,,,
San Marino,SMR,1969,,,,
San Marino,SMR,1970,,,,
San Marino,SMR,1971,,,,
San Marino,SMR,1972,,,,
San Marino,SMR,1973,,,,
San Marino,SMR,1974,,,,
San Marino,SMR,1975,,,,
San Marino,SMR,1976,,,,
San Marino,SMR,1977,,,,
San Marino,SMR,1978,,,,
San Marino,SMR,1979,,,,
San Marino,SMR,1980,,,,
San Marino,SMR,1981,,,,
San Marino,SMR,1982,,,,
San Marino,SMR,1983,,,,
San Marino,SMR,1984,,,,
San Marino,SMR,1985,,,,
San Marino,SMR,1986,,,,
San Marino,SMR,1987,,,,
San Marino,SMR,1988,,,,
San Marino,SMR,1989,,,,
San Marino,SMR,1990,,,,
San Marino,SMR,1991,,,,
San Marino,SMR,1992,,,,
San Marino,SMR,1993,,,,
San Marino,SMR,1994,,,,
San Marino,SMR,1995,,,,
San Marino,SMR,1996,,,,
San Marino,SMR,1997,,,,
San Marino,SMR,1998,7.4656188605108,,,
San Marino,SMR,1999,9.04936014625228,,,
San Marino,SMR,2000,2.17937971500419,,,
San Marino,SMR,2001,5.57834290401968,,,
San Marino,SMR,2002,0.310800310800303,,,
San Marino,SMR,2003,3.87296669248644,,,
San Marino,SMR,2004,4.5488441461596,,,
San Marino,SMR,2005,2.42510699001426,,,
San Marino,SMR,2006,3.83008356545962,,,
San Marino,SMR,2007,7.10932260228034,,,
San Marino,SMR,2008,-0.500939261114581,,,
San Marino,SMR,2009,-10.3209565764632,,,
San Marino,SMR,2010,-5.47368421052632,,2.62883996963501,
San Marino,SMR,2011,-8.3147735708983,,2.70296001434326,
San Marino,SMR,2012,-7.04453441295546,,,
San Marino,SMR,2013,-0.78397212543554,,3.26723534651899,
San Marino,SMR,2014,-0.702370500438988,,3.19357628015873,
San Marino,SMR,2015,2.29150309460655,12.0862064854973,3.11914279579368,
San Marino,SMR,2016,2.34441211810459,15.7692011952972,3.02697977142855,
San Marino,SMR,2017,0.258259899709444,19.1193560418814,3.36997008323669,
San Marino,SMR,2018,1.49390399796074,20.6091878712611,3.55516004562378,
Serbia,SRB,1960,,,,
Serbia,SRB,1961,,,,
Serbia,SRB,1962,,,,
Serbia,SRB,1963,,,,
Serbia,SRB,1964,,,,
Serbia,SRB,1965,,,,
Serbia,SRB,1966,,,,
Serbia,SRB,1967,,,,
Serbia,SRB,1968,,,,
Serbia,SRB,1969,,,,
Serbia,SRB,1970,,,,
Serbia,SRB,1971,,,,
Serbia,SRB,1972,,,,
Serbia,SRB,1973,,,,
Serbia,SRB,1974,,,,
Serbia,SRB,1975,,,,
Serbia,SRB,1976,,,,
Serbia,SRB,1977,,,,
Serbia,SRB,1978,,,,
Serbia,SRB,1979,,,,
Serbia,SRB,1980,,,,
Serbia,SRB,1981,,,,
Serbia,SRB,1982,,,,
Serbia,SRB,1983,,,,
Serbia,SRB,1984,,,,
Serbia,SRB,1985,,,,
Serbia,SRB,1986,,,,
Serbia,SRB,1987,,,,
Serbia,SRB,1988,,,,
Serbia,SRB,1989,,,,
Serbia,SRB,1990,,,,
Serbia,SRB,1991,,,,-12.27
Serbia,SRB,1992,,,,-28.83
Serbia,SRB,1993,,,,-30.9
Serbia,SRB,1994,,,,2.05
Serbia,SRB,1995,,13.17077399576,,7.28
Serbia,SRB,1996,6.16496253825672,13.265301224482,,2.0
Serbia,SRB,1997,8.93321347004755,13.7460593712061,,8.29
Serbia,SRB,1998,5.34263970320437,8.67046343948887,,2.63
Serbia,SRB,1999,-10.3255055897713,7.70935558979106,,-12.49
Serbia,SRB,2000,6.0550897288645,9.06363107933195,,7.14
Serbia,SRB,2001,6.77852279368084,14.7411020982562,,5.51
Serbia,SRB,2002,6.54104600309256,17.3776527581948,,8.6
Serbia,SRB,2003,4.55968997935088,18.3879552623779,,6.37
Serbia,SRB,2004,6.68686836863701,24.8595661186449,,13.84
Serbia,SRB,2005,5.90349622935489,21.7943857064162,,13.72
Serbia,SRB,2006,3.90066644620993,21.7288994079008,,5.63
Serbia,SRB,2007,7.83207023027602,24.898939060219,4.04881000518799,2.97
Serbia,SRB,2008,5.16089327231823,25.9133962645148,,1.93
Serbia,SRB,2009,-3.14261075416574,18.554576515854,4.3127498626709,3.18
Serbia,SRB,2010,1.61097281449412,17.3241841893613,,7.19
Serbia,SRB,2011,0.0542724836581954,18.149940401775,4.0735502243042,7.56
Serbia,SRB,2012,-0.443956070983248,18.8103783793047,,0.03
Serbia,SRB,2013,0.451578805330726,17.1235575159888,,-0.97
Serbia,SRB,2014,-1.80427041681132,16.4778532272023,,-5.51
Serbia,SRB,2015,1.2957386351958,18.5143098449514,,0.69
Serbia,SRB,2016,2.97519807160826,18.1669241245312,3.50275993347168,-2.55
Serbia,SRB,2017,2.3634031250553,19.7183969139317,3.56539011001587,-0.92
Serbia,SRB,2018,4.64935035491007,22.4992604945944,3.43663001060486,2.77
Slovak Republic,SVK,1960,,,,
Slovak Republic,SVK,1961,,,,
Slovak Republic,SVK,1962,,,,
Slovak Republic,SVK,1963,,,,
Slovak Republic,SVK,1964,,,,
Slovak Republic,SVK,1965,,,,
Slovak Republic,SVK,1966,,,,
Slovak Republic,SVK,1967,,,,
Slovak Republic,SVK,1968,,,,
Slovak Republic,SVK,1969,,,,
Slovak Republic,SVK,1970,,,,
Slovak Republic,SVK,1971,,,,
Slovak Republic,SVK,1972,,,,
Slovak Republic,SVK,1973,,,,
Slovak Republic,SVK,1974,,,,
Slovak Republic,SVK,1975,,,,
Slovak Republic,SVK,1976,,,,
Slovak Republic,SVK,1977,,,,
Slovak Republic,SVK,1978,,,,
Slovak Republic,SVK,1979,,,,
Slovak Republic,SVK,1980,,,,
Slovak Republic,SVK,1981,,,,
Slovak Republic,SVK,1982,,,,
Slovak Republic,SVK,1983,,,,
Slovak Republic,SVK,1984,,,,
Slovak Republic,SVK,1985,,,,
Slovak Republic,SVK,1986,,,,
Slovak Republic,SVK,1987,,,,
Slovak Republic,SVK,1988,,,,
Slovak Republic,SVK,1989,,,,
Slovak Republic,SVK,1990,,29.8754184448103,,
Slovak Republic,SVK,1991,-14.5738026728363,28.1067038693956,,-7.12
Slovak Republic,SVK,1992,-6.72148858941303,25.9816664070658,5.28739976882935,-0.2
Slovak Republic,SVK,1993,1.90132875267943,23.8741457665104,4.3918399810791,1.9
Slovak Republic,SVK,1994,6.20553051900119,20.3090050171094,3.66429996490479,8.22
Slovak Republic,SVK,1995,5.8434942995335,24.0544141900947,4.24178981781006,3.48
Slovak Republic,SVK,1996,6.11957878556568,34.5070223435691,4.08450984954834,4.44
Slovak Republic,SVK,1997,5.48584018546269,35.4088096834732,4.10179996490479,7.03
Slovak Republic,SVK,1998,3.82610773560614,35.0370947134417,,4.57
Slovak Republic,SVK,1999,-0.473261209621114,29.9860460577947,4.10291004180908,2.49
Slovak Republic,SVK,2000,0.78922447792516,27.8153225458448,3.86823010444641,3.18
Slovak Republic,SVK,2001,2.92516077248489,31.4531074581958,3.94236993789673,2.66
Slovak Republic,SVK,2002,4.41725348271514,30.8750199344027,4.25193023681641,4.41
Slovak Republic,SVK,2003,4.85669851591319,26.5046804353507,4.23699998855591,4.37
Slovak Republic,SVK,2004,5.38949856996771,27.5953334016425,4.11747980117798,5.52
Slovak Republic,SVK,2005,6.48493222274386,30.5761492545056,3.77565002441406,4.93
Slovak Republic,SVK,2006,8.92568704770216,29.2662149111272,3.70850992202759,6.28
Slovak Republic,SVK,2007,10.8186295074904,29.0013589753236,3.52223992347717,8.56
Slovak Republic,SVK,2008,5.36337721231949,29.292929955951,3.52339005470276,2.28
Slovak Republic,SVK,2009,-5.50533790972226,21.4028753757641,4.00893020629883,-3.57
Slovak Republic,SVK,2010,6.79058159142423,25.3783368279954,4.04704999923706,7.35
Slovak Republic,SVK,2011,2.56242473215553,26.5333923090075,3.90686988830566,1.07
Slovak Republic,SVK,2012,1.56917104702706,21.474904237703,3.85490989685059,1.84
Slovak Republic,SVK,2013,0.703323545247201,22.1131489252307,4.06078004837036,1.46
Slovak Republic,SVK,2014,2.70795151449488,22.7798159146212,4.20446014404297,1.32
Slovak Republic,SVK,2015,5.17687909722133,25.7777282551685,4.56416988372803,2.79
Slovak Republic,SVK,2016,1.94781841524558,24.5392697834922,3.88375997543335,-0.25
Slovak Republic,SVK,2017,2.87473327453695,23.5559590901028,3.91876006126404,0.82
Slovak Republic,SVK,2018,4.06211981896483,24.2014212638106,3.93534994125366,1.99
Slovenia,SVN,1960,,,,
Slovenia,SVN,1961,,,,
Slovenia,SVN,1962,,,,
Slovenia,SVN,1963,,,,
Slovenia,SVN,1964,,,,
Slovenia,SVN,1965,,,,
Slovenia,SVN,1966,,,,
Slovenia,SVN,1967,,,,
Slovenia,SVN,1968,,,,
Slovenia,SVN,1969,,,,
Slovenia,SVN,1970,,,,
Slovenia,SVN,1971,,,,
Slovenia,SVN,1972,,,,
Slovenia,SVN,1973,,,,
Slovenia,SVN,1974,,,,
Slovenia,SVN,1975,,,,
Slovenia,SVN,1976,,,,
Slovenia,SVN,1977,,,,
Slovenia,SVN,1978,,,,
Slovenia,SVN,1979,,,,
Slovenia,SVN,1980,,,,
Slovenia,SVN,1981,,,,
Slovenia,SVN,1982,,,,
Slovenia,SVN,1983,,,,
Slovenia,SVN,1984,,,,
Slovenia,SVN,1985,,,,
Slovenia,SVN,1986,,,,
Slovenia,SVN,1987,,,,
Slovenia,SVN,1988,,,,
Slovenia,SVN,1989,,,,
Slovenia,SVN,1990,,17.4529352051393,,
Slovenia,SVN,1991,-8.90010739121053,17.1814162058285,4.07291984558105,-1.3
Slovenia,SVN,1992,-5.46369702570964,17.8660812435688,4.72125005722046,0.06
Slovenia,SVN,1993,2.84342005538596,19.6537032397846,4.9570198059082,6.01
Slovenia,SVN,1994,5.32748694375739,21.2722098093561,4.69971990585327,7.98
Slovenia,SVN,1995,4.1071588268846,25.258028068208,4.90210008621216,4.37
Slovenia,SVN,1996,2.91361775262531,25.0155793219414,,5.29
Slovenia,SVN,1997,5.17133827310541,26.1603855436481,,7.0
Slovenia,SVN,1998,3.06382595802013,27.2139263723358,,3.39
Slovenia,SVN,1999,5.26800700427259,29.1616388039395,,3.73
Slovenia,SVN,2000,3.49791942086068,29.0574911701523,,2.08
Slovenia,SVN,2001,2.82868479430465,26.8861602046924,5.81461000442505,2.63
Slovenia,SVN,2002,3.28258371393918,25.70100156278,5.74013996124268,1.9
Slovenia,SVN,2003,3.19503117236037,26.8382582282831,5.75657987594604,3.28
Slovenia,SVN,2004,4.54602214352336,29.0471155904874,5.68693017959595,4.06
Slovenia,SVN,2005,3.8541277114569,28.6986499842107,5.64437007904053,4.3
Slovenia,SVN,2006,5.90878130011174,30.5745557357793,5.62207984924316,4.11
Slovenia,SVN,2007,7.1392312914716,33.2981260591771,5.13660001754761,3.51
Slovenia,SVN,2008,3.37223866114127,33.1452787386717,5.13438987731934,0.92
Slovenia,SVN,2009,-7.59058614046387,23.7456185537015,5.62079000473022,-5.86
Slovenia,SVN,2010,1.11213719306735,22.5601344858632,5.59362983703613,3.53
Slovenia,SVN,2011,0.655438128379743,21.8690049997807,5.58290004730225,2.58
Slovenia,SVN,2012,-2.91553782040462,18.8609355850954,5.6702299118042,-1.73
Slovenia,SVN,2013,-0.823776417691676,19.7842267864778,5.46767997741699,0.1
Slovenia,SVN,2014,2.76283327639742,19.7452653119649,5.34328985214233,2.36
Slovenia,SVN,2015,2.39330621338168,19.4686216573949,4.95528984069824,0.89
Slovenia,SVN,2016,3.03441486663654,18.8479088939625,4.84419012069702,1.3
Slovenia,SVN,2017,5.17440215579958,20.2503347880345,4.82381010055542,1.83
Slovenia,SVN,2018,4.37908347331195,21.5608446841882,4.97948980331421,1.1
Spain,ESP,1960,,,,
Spain,ESP,1961,11.8386744503902,,,
Spain,ESP,1962,9.95343823186656,,,
Spain,ESP,1963,9.59649901930561,,,
Spain,ESP,1964,5.30851044597863,,,
Spain,ESP,1965,6.25313501090316,,,
Spain,ESP,1966,7.24606020058305,,,
Spain,ESP,1967,4.34033831645002,,,
Spain,ESP,1968,6.59702019075823,,,
Spain,ESP,1969,8.90701540575571,,,
Spain,ESP,1970,4.24497088667341,28.3592795052176,1.83431994915009,
Spain,ESP,1971,4.64947364578497,26.0720252569383,1.89063000679016,
Spain,ESP,1972,8.14974586367205,27.3126692246546,2.0661199092865,
Spain,ESP,1973,7.7884653422601,28.698580237836,,
Spain,ESP,1974,5.61878564719633,31.8459100446494,1.46060001850128,
Spain,ESP,1975,0.542203343297047,30.108702101977,,
Spain,ESP,1976,3.30379140860018,28.4183963438302,1.900750041008,
Spain,ESP,1977,2.83857436106388,26.3656256990143,2.07864999771118,
Spain,ESP,1978,1.46300333315605,24.1718413888545,2.23232007026672,
Spain,ESP,1979,0.0415465166768456,23.564029339421,2.33973002433777,
Spain,ESP,1980,2.20872810257116,24.3726048259371,,4.57
Spain,ESP,1981,-0.13246859717357,22.7073133054672,,2.32
Spain,ESP,1982,1.2464617922282,22.5835171130443,,2.12
Spain,ESP,1983,1.77011581051299,21.7288645163574,,2.13
Spain,ESP,1984,1.78468751370853,20.5964637249933,,4.11
Spain,ESP,1985,2.3214357659951,20.8198240394992,,3.38
Spain,ESP,1986,3.25332169179885,21.7288582238905,,0.91
Spain,ESP,1987,5.54712273579352,23.1609017036908,3.13040995597839,0.72
Spain,ESP,1988,5.09432412898086,25.3490667267879,3.33067989349365,1.54
Spain,ESP,1989,4.82703031299745,26.6762987702604,3.55431008338928,1.16
Spain,ESP,1990,3.7813935513235,26.8366821808878,3.63618993759155,-0.02
Spain,ESP,1991,2.54600049647455,26.0175021899712,3.74501991271973,1.33
Spain,ESP,1992,0.929215482921151,24.0663837338676,3.83991003036499,2.35
Spain,ESP,1993,-1.03149183695307,21.4639090625489,4.24793004989624,1.86
Spain,ESP,1994,2.38319537908909,21.6518714365569,4.48788022994995,2.87
Spain,ESP,1995,2.75749400293542,22.5192771895824,4.43779993057251,0.84
Spain,ESP,1996,2.60741117110229,22.2359933407779,4.45979976654053,1.2
Spain,ESP,1997,3.58729972356299,22.6184122041501,,-0.04
Spain,ESP,1998,4.30197745333581,23.934271607516,4.29121017456055,0.01
Spain,ESP,1999,4.40886545305924,25.5474244088959,4.26387977600098,-0.06
Spain,ESP,2000,5.20064125553942,26.6723700485971,4.16786003112793,0.26
Spain,ESP,2001,3.91908880808811,26.4824711323646,4.11147022247315,0.58
Spain,ESP,2002,2.75545611564098,26.705648861478,4.13351011276245,0.15
Spain,ESP,2003,2.9392895953076,27.5285511216757,4.17126989364624,-0.34
Spain,ESP,2004,3.1145314799161,28.3028257363739,4.15485000610352,-0.62
Spain,ESP,2005,3.5512255846125,29.4041085115965,4.14090013504028,-0.61
Spain,ESP,2006,4.04343515605099,30.5843124611931,4.17999982833862,-0.07
Spain,ESP,2007,3.53350013165972,30.458980215138,4.24615001678467,0.32
Spain,ESP,2008,0.767165748290694,28.4790441123592,4.51630020141602,0.7
Spain,ESP,2009,-3.76813306940053,23.3519417701936,4.89520978927612,2.68
Spain,ESP,2010,0.0941223116369514,22.3988413816153,4.83606004714966,1.93
Spain,ESP,2011,-0.639920636520344,20.7135839205008,4.71897983551025,1.92
Spain,ESP,2012,-2.86511368637748,18.5944685336556,4.46012020111084,1.11
Spain,ESP,2013,-1.42732224757626,17.412338687976,4.32852983474731,1.22
Spain,ESP,2014,1.52048593647231,18.1481477916625,4.27524995803833,0.39
Spain,ESP,2015,4.06086672473866,19.3734408230247,4.24903011322021,0.98
Spain,ESP,2016,2.91515598595787,19.0611122143393,4.19327020645142,0.46
Spain,ESP,2017,2.89604207865007,19.5656670290524,4.17846012115479,0.33
Spain,ESP,2018,2.39541124478878,20.7061758213476,4.15045022964478,0.2
Sweden,SWE,1960,,32.8293715875043,,
Sweden,SWE,1961,5.68129282767997,32.3147915752019,,
Sweden,SWE,1962,4.25904719368346,32.0579409192582,,
Sweden,SWE,1963,5.32793383778119,31.9553506423007,,
Sweden,SWE,1964,6.82116446107321,34.3487358654131,,
Sweden,SWE,1965,3.821507586275,35.059324514251,,
Sweden,SWE,1966,2.09084426689796,33.5752330971401,,
Sweden,SWE,1967,3.36538864517098,32.511505330583,,
Sweden,SWE,1968,3.638505638623,31.4962993288986,,
Sweden,SWE,1969,5.00907518225404,31.7753906756732,,
Sweden,SWE,1970,6.47367396370416,32.9097586232617,,
Sweden,SWE,1971,0.944646218021433,29.8496341214303,,
Sweden,SWE,1972,2.28873878707626,28.7887647498418,,
Sweden,SWE,1973,3.96798115589563,27.7983255536546,,
Sweden,SWE,1974,3.19819561873223,30.5458579052473,,
Sweden,SWE,1975,2.55286265850103,31.0614033234846,,
Sweden,SWE,1976,1.05810489091265,30.1708104790836,,
Sweden,SWE,1977,-1.59625857600648,26.5019926313895,,
Sweden,SWE,1978,1.75154803918647,23.1089621963319,,
Sweden,SWE,1979,3.84000348607525,25.8327122463555,6.3815598487854,
Sweden,SWE,1980,1.69997145285421,27.1652053601716,6.54646015167236,0.58
Sweden,SWE,1981,0.454830427902976,23.5795700754315,6.79096984863281,0.29
Sweden,SWE,1982,1.24866467425022,23.1460155230378,,1.44
Sweden,SWE,1983,1.90063868064665,22.9791731255347,,1.67
Sweden,SWE,1984,4.22953525809793,23.959161711365,,3.37
Sweden,SWE,1985,2.16037374917175,26.2819934835405,,1.12
Sweden,SWE,1986,2.69132318957357,24.5191809378664,,2.06
Sweden,SWE,1987,3.35384296895474,25.7073386013059,,2.54
Sweden,SWE,1988,2.55903868133913,26.9402213119942,,1.17
Sweden,SWE,1989,2.65480690949124,29.6800692338888,,1.18
Sweden,SWE,1990,0.754674765275468,29.1105249361854,5.21969985961914,-0.17
Sweden,SWE,1991,-1.14597485051154,24.6555310368538,5.45164012908935,0.36
Sweden,SWE,1992,-1.15859275987265,22.6710211839454,5.26608991622925,3.44
Sweden,SWE,1993,-2.06561636908388,18.7234834432765,5.51494979858398,3.34
Sweden,SWE,1994,4.01576585901515,20.0212847705087,,4.97
Sweden,SWE,1995,4.09438992772475,20.458951437596,6.15396022796631,2.34
Sweden,SWE,1996,1.70471985374236,20.1959941036278,6.833740234375,2.43
Sweden,SWE,1997,3.06499186399252,19.9815532657995,,4.44
Sweden,SWE,1998,4.24583179417877,21.1029627211546,7.05913019180298,2.53
Sweden,SWE,1999,4.20111929805536,21.2259014669133,6.84251022338867,2.17
Sweden,SWE,2000,4.63112136551369,22.2311755975548,6.7383599281311,2.37
Sweden,SWE,2001,1.36080642694121,22.3039192201803,6.61482000350952,-0.62
Sweden,SWE,2002,2.27772867861897,21.60471563059,6.91077995300293,2.15
Sweden,SWE,2003,1.88102769675844,21.245941934027,6.79678010940552,2.84
Sweden,SWE,2004,4.17958419343711,21.1628436942009,6.6729998588562,5.06
Sweden,SWE,2005,2.79313782840156,21.277313898577,6.51516008377075,2.62
Sweden,SWE,2006,4.67607488877992,22.4549230007772,6.37277984619141,2.86
Sweden,SWE,2007,3.22486814096095,24.0781550268935,6.18673992156982,1.1
Sweden,SWE,2008,-0.923113250067971,23.9610681178216,6.38263988494873,-1.13
Sweden,SWE,2009,-4.25561384207619,20.4603001983975,6.78425979614258,-1.86
Sweden,SWE,2010,5.75076477579255,22.4219023210946,6.56318998336792,5.18
Sweden,SWE,2011,3.16388567406926,23.2373150954555,6.40655994415283,0.9
Sweden,SWE,2012,-0.414397702454409,21.9937736525354,7.57456016540527,-1.36
Sweden,SWE,2013,1.13766671801426,21.899375975039,7.6465802192688,0.13
Sweden,SWE,2014,2.29577238758284,22.8644895912017,7.62924003601074,1.32
Sweden,SWE,2015,4.38824673608589,23.7906694877918,7.49442005157471,2.9
Sweden,SWE,2016,2.13117914731151,24.3491111935187,7.63991022109985,0.55
Sweden,SWE,2017,1.88282184966646,25.0919649215298,7.63849020004272,0.07
Sweden,SWE,2018,1.7702553546772,25.3360254860097,7.69825983047485,0.39
Switzerland,CHE,1960,,,,
Switzerland,CHE,1961,5.68129275501126,,,
Switzerland,CHE,1962,4.25904731066512,,,
Switzerland,CHE,1963,5.3279337607149,,,
Switzerland,CHE,1964,6.82116455221615,,,
Switzerland,CHE,1965,3.8215074888714,,,
Switzerland,CHE,1966,2.09084417658971,,,
Switzerland,CHE,1967,3.36538853101615,,,
Switzerland,CHE,1968,3.63850584213618,,,
Switzerland,CHE,1969,5.00907522318819,,,
Switzerland,CHE,1970,6.47367386674536,44.4069260975552,3.3925199508667,
Switzerland,CHE,1971,0.944646267325481,44.7114478527079,3.49644994735718,
Switzerland,CHE,1972,2.28873880124212,43.7568512874361,3.65761995315552,
Switzerland,CHE,1973,3.96798105498392,43.1237011621972,3.91472005844116,
Switzerland,CHE,1974,3.19819566983648,43.0132821674421,4.11416006088257,
Switzerland,CHE,1975,2.55286257007239,31.6290413834072,4.37445020675659,
Switzerland,CHE,1976,1.05810474369396,28.5454442313764,4.47359991073608,
Switzerland,CHE,1977,-1.59625851921649,28.550978123158,4.49635982513428,
Switzerland,CHE,1978,1.75154796226502,29.8848124013693,4.370530128479,
Switzerland,CHE,1979,3.84000338120771,32.8577129051922,4.34770011901855,
Switzerland,CHE,1980,1.69997141281395,37.4383034941476,4.2340202331543,2.25
Switzerland,CHE,1981,0.454830406055848,34.7289245403785,4.1969199180603,-0.73
Switzerland,CHE,1982,1.24866463987856,31.9954720219551,4.26316022872925,-1.8
Switzerland,CHE,1983,1.90063878642042,31.3184572485863,4.36717987060547,0.64
Switzerland,CHE,1984,4.22953538456656,33.3639983949136,4.22711992263794,2.01
Switzerland,CHE,1985,2.16037367780808,33.3997647482244,4.1746301651001,1.63
Switzerland,CHE,1986,2.69132308579346,33.1536548566635,4.21008014678955,-0.41
Switzerland,CHE,1987,3.35384287267485,33.5469052811226,4.16635990142822,-0.86
Switzerland,CHE,1988,2.55903865202789,35.2825068277152,4.23080015182495,0.66
Switzerland,CHE,1989,2.65480684650132,37.1073716268107,4.14316987991333,1.6
Switzerland,CHE,1990,0.754674850871268,37.461082537557,4.39194011688232,0.49
Switzerland,CHE,1991,-1.14597481735849,34.1862083713756,4.5450701713562,-2.69
Switzerland,CHE,1992,-1.15859267203984,29.8171506321563,,0.89
Switzerland,CHE,1993,-2.06561631523785,28.0504020176783,4.94459009170532,0.62
Switzerland,CHE,1994,4.01576592867781,29.6053919389877,4.90888977050781,1.83
Switzerland,CHE,1995,4.09438994746239,29.4917831255492,4.9128999710083,0.64
Switzerland,CHE,1996,0.560166924751584,29.0179878540063,4.92260980606079,0.82
Switzerland,CHE,1997,2.09761680316545,27.4415597082,,2.49
Switzerland,CHE,1998,2.77611373648112,28.6612623744383,4.75152015686035,1.64
Switzerland,CHE,1999,1.68007571116809,28.038319761824,4.75953006744385,0.87
Switzerland,CHE,2000,3.63321673470911,27.9176282410949,4.65878009796143,2.93
Switzerland,CHE,2001,1.59219781357001,28.5122550939251,4.82218980789185,-0.35
Switzerland,CHE,2002,0.380410134195273,27.2487659367689,5.17882013320923,-0.55
Switzerland,CHE,2003,-0.284222357857615,26.7513983417559,5.38400983810425,0.4
Switzerland,CHE,2004,2.58692895529093,25.0557566926262,5.3142900466919,2.49
Switzerland,CHE,2005,2.95208487460334,27.458181859409,5.08472013473511,2.37
Switzerland,CHE,2006,4.13432251467916,28.2033629386961,4.84120988845825,1.77
Switzerland,CHE,2007,3.98319384807056,27.1952335500482,4.58396005630493,1.49
Switzerland,CHE,2008,2.53159615417233,27.637426604477,4.75724983215332,-0.23
Switzerland,CHE,2009,-1.93490944903913,28.7707915094253,4.92561006546021,-2.68
Switzerland,CHE,2010,3.26063082122047,26.3569227706682,4.80210018157959,2.76
Switzerland,CHE,2011,1.40766067483813,28.7441224133593,4.85663986206055,-0.83
Switzerland,CHE,2012,1.12413575027705,27.1030209487493,4.89862012863159,-0.73
Switzerland,CHE,2013,1.83612392927999,25.7348146586546,4.91392993927002,0.58
Switzerland,CHE,2014,2.54342347675991,26.3311648855109,4.93057012557983,0.56
Switzerland,CHE,2015,1.45450336491099,25.9410074917815,4.99560022354126,-0.18
Switzerland,CHE,2016,1.91159094214852,26.6210457356761,4.98164987564087,0.33
Switzerland,CHE,2017,1.42034612231261,27.1836865705199,5.01765012741089,0.87
Switzerland,CHE,2018,3.32743256101493,27.2924547005501,4.9300799369812,1.81
Turkiye,TUR,1960,,9.98531571218796,,
Turkiye,TUR,1961,1.15606938539699,10.0139082058414,,
Turkiye,TUR,1962,5.57142858180481,10.7098381070984,,
Turkiye,TUR,1963,9.06630555240935,11.6952789699571,,
Turkiye,TUR,1964,5.45905679838043,10.934393638171,,
Turkiye,TUR,1965,2.82352954343872,11.3277623026927,,
Turkiye,TUR,1966,11.2128150353513,12.8447596532703,,
Turkiye,TUR,1967,4.73251024393737,12.6420454545455,,
Turkiye,TUR,1968,6.77799601038105,13.3968253968254,,
Turkiye,TUR,1969,4.08114562089492,13.3561643835616,,
Turkiye,TUR,1970,3.23350897293227,14.7073791348601,,
Turkiye,TUR,1971,5.56669450058796,13.7319587628866,,
Turkiye,TUR,1972,7.42578832564243,16.8107921134556,,
Turkiye,TUR,1973,3.26233451840494,15.467032967033,,
Turkiye,TUR,1974,5.59447440269354,17.8902783380395,,
Turkiye,TUR,1975,7.17411268977115,18.7092770710518,,
Turkiye,TUR,1976,10.4611795563238,20.3231292517007,,
Turkiye,TUR,1977,3.40666980449136,20.6664773265171,,
Turkiye,TUR,1978,1.50293301122338,15.1463430052469,4.34774017333984,
Turkiye,TUR,1979,-0.62411357022269,14.5027176847486,2.91519999504089,
Turkiye,TUR,1980,-2.44735042580159,18.1642641379574,,-3.63
Turkiye,TUR,1981,4.85664876652028,17.869889887356,2.20830011367798,3.98
Turkiye,TUR,1982,3.56322781218334,16.9525933550638,1.75490999221802,2.51
Turkiye,TUR,1983,4.97108077727097,16.2852910296423,2.64759993553162,3.94
Turkiye,TUR,1984,6.71201571206028,16.1803146778439,2.02923011779785,5.13
Turkiye,TUR,1985,4.24133571639942,16.5132281916485,1.73810994625092,2.55
Turkiye,TUR,1986,7.01203111054394,18.8475566423189,1.50957000255585,5.11
Turkiye,TUR,1987,9.48553884246728,25.6665047328829,,7.09
Turkiye,TUR,1988,2.32073679394847,25.14260066783,,0.82
Turkiye,TUR,1989,0.2902440687796,23.4725869123308,,-2.21
Turkiye,TUR,1990,9.26614667149315,24.5492675167824,,7.45
Turkiye,TUR,1991,0.720279039109613,22.7120396231239,,-3.1
Turkiye,TUR,1992,5.03563493261181,23.3622714401738,,4.13
Turkiye,TUR,1993,7.65126520761324,26.6156090890252,3.36546993255615,13.09
Turkiye,TUR,1994,-4.66814736735584,21.3205329264016,3.42482995986939,-11.67
Turkiye,TUR,1995,7.878266878218,27.4023252690356,2.2511100769043,4.91
Turkiye,TUR,1996,7.15779847930847,29.0861159032907,,4.37
Turkiye,TUR,1997,7.3578623747848,27.0279861254657,,7.52
Turkiye,TUR,1998,1.90857064345151,25.2997631419224,0.0,-0.33
Turkiye,TUR,1999,-3.05277055759434,21.5049637841958,,-4.54
Turkiye,TUR,2000,6.98528697817062,24.011318241332,,8.9
Turkiye,TUR,2001,-5.45940838563062,19.6143621979648,,-5.93
Turkiye,TUR,2002,6.43550883793114,21.525989356389,,6.76
Turkiye,TUR,2003,5.79909321038525,22.8567811256469,,6.44
Turkiye,TUR,2004,9.92540551918624,25.167773403717,,7.59
Turkiye,TUR,2005,9.11157745861635,27.5674708715615,,6.7
Turkiye,TUR,2006,7.06762607623939,30.1577149171837,,5.34
Turkiye,TUR,2007,5.10818513903604,29.5493413273707,,3.43
Turkiye,TUR,2008,0.920118221365883,29.7262007474574,,-0.9
Turkiye,TUR,2009,-4.88269401706633,23.6948756749495,,-4.84
Turkiye,TUR,2010,8.54219848467686,28.4520777825517,,2.32
Turkiye,TUR,2011,10.9799625273598,31.958286232969,4.22150993347168,4.57
Turkiye,TUR,2012,4.80762696633448,29.421538205313,4.38721990585327,1.67
Turkiye,TUR,2013,8.48825689298511,31.3649431990856,4.34479999542236,5.55
Turkiye,TUR,2014,4.60079447270559,30.2115390664919,4.41256999969482,-0.04
Turkiye,TUR,2015,5.80557386628684,30.062899150791,4.30550003051758,3.2
Turkiye,TUR,2016,3.32366508200445,29.8288300175216,4.62773990631104,0.98
Turkiye,TUR,2017,7.82585730002594,32.7946921972451,4.32369995117188,3.74
Turkiye,TUR,2018,3.46815306092219,31.3408009091416,4.29729986190796,0.93
Ukraine,UKR,1960,,,,
Ukraine,UKR,1961,,,,
Ukraine,UKR,1962,,,,
Ukraine,UKR,1963,,,,
Ukraine,UKR,1964,,,,
Ukraine,UKR,1965,,,,
Ukraine,UKR,1966,,,,
Ukraine,UKR,1967,,,,
Ukraine,UKR,1968,,,,
Ukraine,UKR,1969,,,,
Ukraine,UKR,1970,,,4.57292985916138,
Ukraine,UKR,1971,,,,
Ukraine,UKR,1972,,,,
Ukraine,UKR,1973,,,,
Ukraine,UKR,1974,,,,
Ukraine,UKR,1975,,,,
Ukraine,UKR,1976,,,,
Ukraine,UKR,1977,,,,
Ukraine,UKR,1978,,,,
Ukraine,UKR,1979,,,,
Ukraine,UKR,1980,,,,0.59
Ukraine,UKR,1981,,,,2.48
Ukraine,UKR,1982,,,,5.36
Ukraine,UKR,1983,,,,5.1
Ukraine,UKR,1984,,,,3.21
Ukraine,UKR,1985,,,,0.03
Ukraine,UKR,1986,,,,1.71
Ukraine,UKR,1987,,,,5.54
Ukraine,UKR,1988,2.56646326960379,,,2.98
Ukraine,UKR,1989,3.87310321162344,,,3.77
Ukraine,UKR,1990,-6.34523512831163,,,-6.25
Ukraine,UKR,1991,-8.6999999997216,26.3879598662207,,-6.86
Ukraine,UKR,1992,-9.90000000204168,34.4506258692629,,-7.89
Ukraine,UKR,1993,-14.1999999993643,36.2925144834191,,-12.22
Ukraine,UKR,1994,-22.8999999992283,35.3314464818416,,-19.85
Ukraine,UKR,1995,-12.2000000007385,26.6832084718696,,-16.2
Ukraine,UKR,1996,-10.0,22.6707881598155,,-9.96
Ukraine,UKR,1997,-2.99999999842365,21.4459381995394,5.45600986480713,-1.54
Ukraine,UKR,1998,-1.90000000214164,20.8172104334604,4.44884014129639,1.33
Ukraine,UKR,1999,-0.200000000106499,17.5129546465096,3.61807990074158,14.49
Ukraine,UKR,2000,5.90000000024899,19.8037790697674,4.02293014526367,5.23
Ukraine,UKR,2001,8.80000000367222,21.8131881141234,4.52568006515503,10.32
Ukraine,UKR,2002,5.33964720719075,20.1906567921482,5.24006986618042,4.62
Ukraine,UKR,2003,9.51660986436364,21.9426366930468,5.4001898765564,9.12
Ukraine,UKR,2004,11.7953525281136,21.0958651242924,5.12376022338867,11.38
Ukraine,UKR,2005,3.07123039245209,22.5065325534357,5.84819984436035,1.08
Ukraine,UKR,2006,7.57142076322967,24.5427579298359,5.97945976257324,6.2
Ukraine,UKR,2007,8.21584445165715,27.781165374794,5.90244007110596,6.87
Ukraine,UKR,2008,2.24349159628288,27.3925913814733,6.15242004394531,1.49
Ukraine,UKR,2009,-15.1364679101502,17.0684087928518,7.05074977874756,-11.3
Ukraine,UKR,2010,4.09200436668087,18.3723680042121,,3.54
Ukraine,UKR,2011,5.44528081048476,20.4440036822421,5.93769979476929,5.29
Ukraine,UKR,2012,0.152314967200653,19.6146792260413,6.44267988204956,0.17
Ukraine,UKR,2013,0.045439094492707,16.4257610216877,6.41987991333008,-0.33
Ukraine,UKR,2014,-10.0788949840953,13.3964957165318,5.87491989135742,3.83
Ukraine,UKR,2015,-9.7729872128676,15.9333160342442,5.33951727495092,0.75
Ukraine,UKR,2016,2.44098194492067,21.7241623615989,5.00976991653442,3.57
Ukraine,UKR,2017,2.35997228099491,19.9647326419625,5.41706991195679,3.29
Ukraine,UKR,2018,3.48836234022659,18.5883388544006,5.3199200630188,2.22
United Kingdom,GBR,1960,,,,
United Kingdom,GBR,1961,2.70131421328257,,,
United Kingdom,GBR,1962,1.0986962362898,,,
United Kingdom,GBR,1963,4.85954520244742,,,
United Kingdom,GBR,1964,5.59481105874345,,,
United Kingdom,GBR,1965,2.13033308666921,,,
United Kingdom,GBR,1966,1.56744960482462,,,
United Kingdom,GBR,1967,2.77573771112216,,,
United Kingdom,GBR,1968,5.47269310050385,,,
United Kingdom,GBR,1969,1.93913775370176,,,
United Kingdom,GBR,1970,2.70858148856038,24.803019228297,,
United Kingdom,GBR,1971,2.00453760135888,24.2107689779823,5.03205013275146,
United Kingdom,GBR,1972,3.62637105743457,23.5772827460546,5.15937995910645,
United Kingdom,GBR,1973,7.31352424220155,27.6514123215513,5.44860982894897,
United Kingdom,GBR,1974,-1.67969792645223,28.2092330721341,5.39099979400635,
United Kingdom,GBR,1975,-0.676870194049812,24.3436279444333,6.26878023147583,
United Kingdom,GBR,1976,2.80465599545295,26.5003066821166,6.42422008514404,
United Kingdom,GBR,1977,2.36335094409922,25.8604173297263,6.06335020065308,
United Kingdom,GBR,1978,3.40337382855367,25.2292938577211,,
United Kingdom,GBR,1979,2.74677219709527,25.3835368295119,,
United Kingdom,GBR,1980,-2.17910220206564,21.8204358753913,5.07011985778809,-1.6
United Kingdom,GBR,1981,-1.3234581733779,19.6832558485237,5.2884202003479,1.89
United Kingdom,GBR,1982,2.09306886432368,20.4946881762739,5.1887001991272,4.05
United Kingdom,GBR,1983,3.62434641923983,21.4340779130715,5.06150007247925,4.99
United Kingdom,GBR,1984,2.67092491032817,22.5662835138609,4.89905977249146,0.13
United Kingdom,GBR,1985,3.59938143817158,22.3759649155019,4.5940899848938,2.89
United Kingdom,GBR,1986,4.01232987098167,22.1262091437958,4.38083982467651,2.5
United Kingdom,GBR,1987,4.56208082572655,23.0862074939962,4.37180995941162,3.25
United Kingdom,GBR,1988,5.0321018040183,25.8494962583379,4.26831007003784,2.39
United Kingdom,GBR,1989,2.28144671930745,26.5009062473522,4.12511014938354,-0.03
United Kingdom,GBR,1990,0.779266119883417,23.5558879470108,4.05552005767822,0.28
United Kingdom,GBR,1991,-1.29243974751705,20.0945518746354,4.1224799156189,1.59
United Kingdom,GBR,1992,1.29472849604493,19.3151113557582,4.3344898223877,2.82
United Kingdom,GBR,1993,3.49048744653493,18.8481723359341,,3.49
United Kingdom,GBR,1994,4.95341092800692,19.8743554715806,4.850830078125,3.07
United Kingdom,GBR,1995,3.53339096338078,18.9204616566911,4.83926010131836,2.31
United Kingdom,GBR,1996,2.61491606949487,19.1254683349223,4.37826013565063,1.54
United Kingdom,GBR,1997,4.8799853038024,18.297638385084,,2.03
United Kingdom,GBR,1998,3.24631482881618,18.7986884775091,4.20707988739014,2.6
United Kingdom,GBR,1999,2.94445869854798,18.5387402828054,3.988450050354,2.01
United Kingdom,GBR,2000,4.52438074810904,18.9469377484139,4.01820993423462,2.25
United Kingdom,GBR,2001,2.39102229602824,18.7962716702215,4.1001501083374,2.13
United Kingdom,GBR,2002,1.70902736258567,18.6991795058955,4.61190986633301,1.48
United Kingdom,GBR,2003,3.21851612669614,18.3223472121232,4.8012900352478,2.27
United Kingdom,GBR,2004,2.32601853325993,18.1006116145736,4.73555994033813,1.27
United Kingdom,GBR,2005,2.7906547174688,18.4132680657531,4.92975997924805,2.04
United Kingdom,GBR,2006,2.18982132415704,18.909666594501,4.97648000717163,1.77
United Kingdom,GBR,2007,2.93091133582351,19.1749332518758,4.9244499206543,1.59
United Kingdom,GBR,2008,-0.0494116727402769,18.2886587771819,4.90972995758057,-1.12
United Kingdom,GBR,2009,-4.58740819226323,15.9866102776379,5.06263017654419,-2.7
United Kingdom,GBR,2010,2.26054460931586,16.6181160375508,5.69868993759155,1.7
United Kingdom,GBR,2011,0.851437739020326,16.491680863741,5.57219982147217,1.02
United Kingdom,GBR,2012,1.52826034721852,16.5145890011547,,0.39
United Kingdom,GBR,2013,1.71846961308464,17.1697393956196,5.52529001235962,0.96
United Kingdom,GBR,2014,3.16017351468152,18.4324178455585,5.60134983062744,0.24
United Kingdom,GBR,2015,2.14040560033371,18.4755209500336,5.55453014373779,0.62
United Kingdom,GBR,2016,2.20652020635357,18.5956388685899,5.42795991897583,0.45
United Kingdom,GBR,2017,3.02322219840339,19.1317371265417,5.45254993438721,0.9
United Kingdom,GBR,2018,1.55133095078786,18.8761161911788,5.20438003540039,0.19
