"Data Source","World Development Indicators",

"Last Updated Date","2026-07-13",

"Country Name","Country Code","Indicator Name","Indicator Code","1960","1961","1962","1963","1964","1965","1966","1967","1968","1969","1970","1971","1972","1973","1974","1975","1976","1977","1978","1979","1980","1981","1982","1983","1984","1985","1986","1987","1988","1989","1990","1991","1992","1993","1994","1995","1996","1997","1998","1999","2000","2001","2002","2003","2004","2005","2006","2007","2008","2009","2010","2011","2012","2013","2014","2015","2016","2017","2018","2019","2020","2021","2022","2023","2024","2025",
"Aruba","ABW","Research and development expenditure (% of GDP)","GB.XPD.RSDV.GD.ZS","","","","","","","","","","","","","","","","","","","","","","","","","","","","","","","","","","","","","","","","","","","","","","","","","","","","","","","","","","","","","","","","","","",
"Africa Eastern and Southern","AFE","Research and development expenditure (% of GDP)","GB.XPD.RSDV.GD.ZS","","","","","","","","","","","","","","","","","","","","","","","","","","","","","","","","","","","","","","","","","","","","0.594539921118996","0.626100578625712","0.626592924758238","","0.659864661576848","","","0.586779084367876","","","","","","","","","","","","","","","",
"Afghanistan","AFG","Research and development expenditure (% of GDP)","GB.XPD.RSDV.GD.ZS","","","","","","","","","","","","","","","","","","","","","","","","","","","","","","","","","","","","","","","","","","","","","","","","","","","","","","","","","","","","","","","","","","",
"Africa Western and Central","AFW","Research and development expenditure (% of GDP)","GB.XPD.RSDV.GD.ZS","","","","","","","","","","","","","","","","","","","","","","","","","","","","","","","","","","","","","","","","","","","","","","","","0.15068925314209","","","","","","","","","","","","0.277536756220093","","","","","","",
"Angola","AGO","Research and development expenditure (% of GDP)","GB.XPD.RSDV.GD.ZS","","","","","","","","","","","","","","","","","","","","","","","","","","","","","","","","","","","","","","","","","","","","","","","","","","","","","","","","","0.03229","","","","","","","","","",
"Albania","ALB","Research and development expenditure (% of GDP)","GB.XPD.RSDV.GD.ZS","","","","","","","","","","","","","","","","","","","","","","","","","","","","","","","","","","","","","","","","","","","","","","","","0.08411","0.14973","","","","","","","","","","","","","0.18998","0.19997","","","",
"Andorra","AND","Research and development expenditure (% of GDP)","GB.XPD.RSDV.GD.ZS","","","","","","","","","","","","","","","","","","","","","","","","","","","","","","","","","","","","","","","","","","","","","","","","","","","","","","","","","","","","","","","0.15818","","","",
"Arab World","ARB","Research and development expenditure (% of GDP)","GB.XPD.RSDV.GD.ZS","","","","","","","","","","","","","","","","","","","","","","","","","","","","","","","","","","","","","","","","","","","","","","","","","","","","0.551613162717483","","","","","","","","","0.692556590528382","0.677204938802721","","","","",
"United Arab Emirates","ARE","Research and development expenditure (% of GDP)","GB.XPD.RSDV.GD.ZS","","","","","","","","","","","","","","","","","","","","","","","","","","","","","","","","","","","","","","","","","","","","","","","","","","","","0.47252","","","0.67523","0.86569","0.9318","","1.26389","1.31065","1.48831","1.49469","","","","",
"Argentina","ARG","Research and development expenditure (% of GDP)","GB.XPD.RSDV.GD.ZS","","","","","","","","","","","","","","","","","","","","","","","","","","","","","","","","","","","","","0.41749","0.41959","0.41131","0.45337","0.43884","0.4246","0.38886","0.41012","0.40376","0.42075","0.45216","0.46007","0.47055","0.58398","0.56104","0.56597","0.63491","0.61849","0.59396","0.62262","0.55815","0.55632","0.4883","0.47813","0.54126","0.5236","0.54951","0.60111","","",
"Armenia","ARM","Research and development expenditure (% of GDP)","GB.XPD.RSDV.GD.ZS","","","","","","","","","","","","","","","","","","","","","","","","","","","","","","","","","","","","","","0.18692","0.22601","0.214","0.19106","0.27987","0.25255","0.32109","0.25659","0.25761","0.24057","0.21107","0.22438","0.29093","0.24139","0.27014","0.23853","0.22216","0.24151","0.25002","0.23305","0.22788","0.18876","0.17854","0.2092","0.20557","0.20955","0.1821","0.2861","",
"American Samoa","ASM","Research and development expenditure (% of GDP)","GB.XPD.RSDV.GD.ZS","","","","","","","","","","","","","","","","","","","","","","","","","","","","","","","","","","","","","","","","","","","","0.18787","0.32528","0.36692","0.39552","","","","","","","","","","","","","","","","","","","",
"Antigua and Barbuda","ATG","Research and development expenditure (% of GDP)","GB.XPD.RSDV.GD.ZS","","","","","","","","","","","","","","","","","","","","","","","","","","","","","","","","","","","","","","","","","","","","","","","","","","","","","","","","","","","","","","","","","","",
"Australia","AUS","Research and development expenditure (% of GDP)","GB.XPD.RSDV.GD.ZS","","","","","","","","","","","","","","","","","","","","","","","","","","","","","","","","","","","","","1.66218","","1.51351","","1.57198","","1.74654","","1.84802","","2.17862","","2.39898","","2.3702","2.23459","","2.17733","","1.91969","","1.88102","","1.82826","","1.85783","","","","",
"Austria","AUT","Research and development expenditure (% of GDP)","GB.XPD.RSDV.GD.ZS","","","","","","","","","","","","","","","","","","","","","","","","","","","","","","","","","","","","","1.58947","1.66324","1.74106","1.85251","1.89667","2.00257","2.0811","2.18701","2.18238","2.38942","2.376","2.4336","2.58632","2.61279","2.74321","2.68567","2.93372","2.97993","3.11263","3.06917","3.13356","3.07376","3.10828","3.14405","3.20758","3.25565","3.17775","3.25517","","",
"Azerbaijan","AZE","Research and development expenditure (% of GDP)","GB.XPD.RSDV.GD.ZS","","","","","","","","","","","","","","","","","","","","","","","","","","","","","","","","","","","","","0.23533","0.3695","0.42125","0.39289","0.336","0.34001","0.30155","0.32496","0.29831","0.21994","0.17165","0.17006","0.16554","0.24976","0.21848","0.21084","0.21427","0.20969","0.20978","0.22232","0.20637","0.18468","0.18416","0.20013","0.2239","0.20836","0.1513","0.1816","0.20778","",
"Burundi","BDI","Research and development expenditure (% of GDP)","GB.XPD.RSDV.GD.ZS","","","","","","","","","","","","","","","","","","","","","","","","","","","","","","","","","","","","","","","","","","","","","","","","0.20068","0.15417","0.14096","0.13719","","0.10702","","","","","","0.21312","","","","","","","",
"Belgium","BEL","Research and development expenditure (% of GDP)","GB.XPD.RSDV.GD.ZS","","","","","","","","","","","","","","","","","","","","","","","","","","","","","","","","","","","","","1.74299","1.80971","1.83825","1.90564","1.9362","2.03279","1.90325","1.8412","1.8205","1.7906","1.82269","1.84999","1.93684","1.99134","2.0613","2.15739","2.27079","2.32047","2.35858","2.43496","2.53291","2.67654","2.86365","3.15154","3.36823","3.40589","3.19592","3.27235","","",
"Benin","BEN","Research and development expenditure (% of GDP)","GB.XPD.RSDV.GD.ZS","","","","","","","","","","","","","","","","","","","","","","","","","","","","","","","","","","","","","","","","","","","","","","","","","","","","","","","","","","","","","","","","","","",
"Burkina Faso","BFA","Research and development expenditure (% of GDP)","GB.XPD.RSDV.GD.ZS","","","","","","","","","","","","","","","","","","","","","","","","","","","","","","","","","","","","","0.15834","0.18104","","","","0.16816","0.30111","0.24112","0.21514","0.15166","","0.09836","0.16568","0.17787","","","","","0.19719","","","0.61361","","0.17435","0.25116","0.25057","","0.09845","0.10477","",
"Bangladesh","BGD","Research and development expenditure (% of GDP)","GB.XPD.RSDV.GD.ZS","","","","","","","","","","","","","","","","","","","","","","","","","","","","","","","","","","","","","","","","","","","","","","","","","","","","","","","","","","","","","","","","","","",
"Bulgaria","BGR","Research and development expenditure (% of GDP)","GB.XPD.RSDV.GD.ZS","","","","","","","","","","","","","","","","","","","","","","","","","","","","","","","","","","","","","0.41826","0.46548","0.48223","0.53688","0.49517","0.44709","0.46473","0.47222","0.47086","0.44269","0.44216","0.43003","0.44731","0.49338","0.56299","0.5295","0.60039","0.63424","0.79007","0.94947","0.77009","0.74037","0.75505","0.83576","0.84549","0.76933","0.75174","0.79224","","",
"Bahrain","BHR","Research and development expenditure (% of GDP)","GB.XPD.RSDV.GD.ZS","","","","","","","","","","","","","","","","","","","","","","","","","","","","","","","","","","","","","","","","","","","","","","","","","","","","","","","0.09713","","","","","","","","","","0.19327","",
"Bahamas, The","BHS","Research and development expenditure (% of GDP)","GB.XPD.RSDV.GD.ZS","","","","","","","","","","","","","","","","","","","","","","","","","","","","","","","","","","","","","","","","","","","","","","","","","","","","","","","","","","","","","","","","","","",
"Bosnia and Herzegovina","BIH","Research and development expenditure (% of GDP)","GB.XPD.RSDV.GD.ZS","","","","","","","","","","","","","","","","","","","","","","","","","","","","","","","","","","","","","","","","","","","","0.01826","0.0159","0.02697","0.01969","0.02521","0.01842","0.02106","","","0.26533","0.32132","0.25725","0.21603","0.21337","0.1978","0.19199","0.19001","0.20325","0.19035","0.18743","0.18853","0.21437","",
"Belarus","BLR","Research and development expenditure (% of GDP)","GB.XPD.RSDV.GD.ZS","","","","","","","","","","","","","","","","","","","","","","","","","","","","","","","","","","","","","0.99852","0.73","0.70578","0.84523","0.7221","0.70876","0.6209","0.61147","0.62759","0.67852","0.66065","0.96203","0.74147","0.62167","0.66913","0.6776","0.64603","0.65191","0.50548","0.49999","0.50063","0.58411","0.60443","0.57733","0.53901","0.45981","0.47477","0.57348","0.5872","",
"Belize","BLZ","Research and development expenditure (% of GDP)","GB.XPD.RSDV.GD.ZS","","","","","","","","","","","","","","","","","","","","","","","","","","","","","","","","","","","","","","","","","","","","","","","","","","","","","","","","","","","","","","","","","","",
"Bermuda","BMU","Research and development expenditure (% of GDP)","GB.XPD.RSDV.GD.ZS","","","","","","","","","","","","","","","","","","","","","","","","","","","","","","","","","","","","","","0.05885","","","","","","","","","","0.16026","0.16848","0.18235","0.1805","0.26195","0.23355","0.1963","0.19083","0.19507","","","0.22851","0.26451","0.22546","","","","","",
"Bolivia","BOL","Research and development expenditure (% of GDP)","GB.XPD.RSDV.GD.ZS","","","","","","","","","","","","","","","","","","","","","","","","","","","","","","","","","","","","","0.32544","0.31577","0.29495","0.29836","0.28744","0.29358","0.27663","","","","","","","0.157","","","","","","","","0.07627","","0.06643","","0.06308","","","","",
"Brazil","BRA","Research and development expenditure (% of GDP)","GB.XPD.RSDV.GD.ZS","","","","","","","","","","","","","","","","","","","","","","","","","","","","","","","","","","","","","","","","","1.04752","1.06197","1.00967","0.99939","0.96343","1.00247","0.98807","1.08138","1.12904","1.11866","1.15992","1.13966","1.12684","1.19567","1.26971","1.28464","1.19584","1.1175","1.15016","1.15115","1.21907","1.13371","1.18873","1.1938","","",
"Barbados","BRB","Research and development expenditure (% of GDP)","GB.XPD.RSDV.GD.ZS","","","","","","","","","","","","","","","","","","","","","","","","","","","","","","","","","","","","","","","","","","","","","","","","","","","","","","","","","","","","","","","","","","",
"Brunei Darussalam","BRN","Research and development expenditure (% of GDP)","GB.XPD.RSDV.GD.ZS","","","","","","","","","","","","","","","","","","","","","","","","","","","","","","","","","","","","","","","","","","","0.01469","0.01685","0.03381","","","","","","","","","","","","","","0.27764","","","","","","","",
"Bhutan","BTN","Research and development expenditure (% of GDP)","GB.XPD.RSDV.GD.ZS","","","","","","","","","","","","","","","","","","","","","","","","","","","","","","","","","","","","","","","","","","","","","","","","","","","","","","","","","","","","","","","","0.10787","0.09979","",
"Botswana","BWA","Research and development expenditure (% of GDP)","GB.XPD.RSDV.GD.ZS","","","","","","","","","","","","","","","","","","","","","","","","","","","","","","","","","","","","","","","","","","","","","","0.53286","","","","","","","0.26759","0.561","","","","","","","","","","","","",
"Central African Republic","CAF","Research and development expenditure (% of GDP)","GB.XPD.RSDV.GD.ZS","","","","","","","","","","","","","","","","","","","","","","","","","","","","","","","","","","","","","","","","","","","","","","","","","","","","","","","","","","","","","","","","","","",
"Canada","CAN","Research and development expenditure (% of GDP)","GB.XPD.RSDV.GD.ZS","","","","","","","","","","","","","","","","","","","","","","","","","","","","","","","","","","","","","1.60682","1.61386","1.71051","1.74984","1.85849","2.02116","1.9717","1.96782","1.99735","1.97127","1.94304","1.90358","1.85578","1.91742","1.82504","1.78714","1.77303","1.70624","1.71482","1.6936","1.72903","1.68702","1.7372","1.75578","1.93413","1.87064","1.81291","1.81048","1.7908","",
"Central Europe and the Baltics","CEB","Research and development expenditure (% of GDP)","GB.XPD.RSDV.GD.ZS","","","","","","","","","","","","","","","","","","","","","","","","","","","","","","","","","","","","","0.718817988558415","0.743200111595067","0.730143374664153","0.737258377571181","0.746123027660077","0.75078342222973","0.741565895491137","0.734264573065001","0.738048749737598","0.739197862631459","0.755666475373099","0.758683049851377","0.782204517299257","0.825519576662909","0.870040912431831","0.951042144001125","1.05003947334427","1.06327266005125","1.08777424091793","1.13751441268097","1.02183730554662","1.08031757970669","1.18518867780574","1.23739742864273","1.29475897248932","1.31378375201668","1.29826358701501","1.34182612383603","","",
"Switzerland","CHE","Research and development expenditure (% of GDP)","GB.XPD.RSDV.GD.ZS","","","","","","","","","","","","","","","","","","","","","","","","","","","","","","","","","","","","","2.37649","","","","2.26386","","","","2.60818","","","","2.65296","","","","2.87456","","","3.04577","","3.04671","","3.14983","","3.24862","","3.22178","","",
"Channel Islands","CHI","Research and development expenditure (% of GDP)","GB.XPD.RSDV.GD.ZS","","","","","","","","","","","","","","","","","","","","","","","","","","","","","","","","","","","","","","","","","","","","","","","","","","","","","","","","","","","","","","","","","","",
"Chile","CHL","Research and development expenditure (% of GDP)","GB.XPD.RSDV.GD.ZS","","","","","","","","","","","","","","","","","","","","","","","","","","","","","","","","","","","","","","","","","","","","","","","","0.31143","0.37492","0.35403","0.33165","0.35288","0.36213","0.39031","0.37668","0.38296","0.37103","0.35679","0.36916","0.34243","0.33525","0.36063","0.39205","","","",
"China","CHN","Research and development expenditure (% of GDP)","GB.XPD.RSDV.GD.ZS","","","","","","","","","","","","","","","","","","","","","","","","","","","","","","","","","","","","","0.56014","0.63467","0.64185","0.74295","0.88409","0.92948","1.04418","1.10465","1.19732","1.29008","1.34923","1.35321","1.4233","1.6366","1.68456","1.75244","1.88095","1.96246","1.98475","2.01703","2.0595","2.07771","2.10232","2.20144","2.35712","2.38165","2.4945","2.57729","","",
"Cote d'Ivoire","CIV","Research and development expenditure (% of GDP)","GB.XPD.RSDV.GD.ZS","","","","","","","","","","","","","","","","","","","","","","","","","","","","","","","","","","","","","","","","","","","","","","","","","","","","","","","","","0.06975","","","","","","","","","",
"Cameroon","CMR","Research and development expenditure (% of GDP)","GB.XPD.RSDV.GD.ZS","","","","","","","","","","","","","","","","","","","","","","","","","","","","","","","","","","","","","","","","","","","","","","","","","","","","","","","","","","","","","","","","","","",
"Congo, Dem. Rep.","COD","Research and development expenditure (% of GDP)","GB.XPD.RSDV.GD.ZS","","","","","","","","","","","","","","","","","","","","","","","","","","","","","","","","","","","","","","","","","","","","","0.26777","0.05799","0.06044","0.13609","0.08253","0.07822","","","","","","0.40638","","","","","","","","","","",
"Congo, Rep.","COG","Research and development expenditure (% of GDP)","GB.XPD.RSDV.GD.ZS","","","","","","","","","","","","","","","","","","","","","","","","","","","","","","","","","","","","","","","","","","","","","","","","","","","","","","","","","","","","","","","0.38339","","","",
"Colombia","COL","Research and development expenditure (% of GDP)","GB.XPD.RSDV.GD.ZS","","","","","","","","","","","","","","","","","","","","","","","","","","","","","","","","","","","","","","","","","0.13106","0.1329","0.15559","0.17398","0.16964","0.16557","0.16427","0.18307","0.19541","0.19351","0.19358","0.19842","0.22116","0.25761","0.30317","0.36542","0.27051","0.26109","0.31233","0.32201","0.2894","","","","","",
"Comoros","COM","Research and development expenditure (% of GDP)","GB.XPD.RSDV.GD.ZS","","","","","","","","","","","","","","","","","","","","","","","","","","","","","","","","","","","","","","","","","","","","","","","","","","","","","","","","","","","","","","","","","","",
"Cabo Verde","CPV","Research and development expenditure (% of GDP)","GB.XPD.RSDV.GD.ZS","","","","","","","","","","","","","","","","","","","","","","","","","","","","","","","","","","","","","","","","","","","","","","","","","","","","0.06622","","","","","","","","","","","","","","",
"Costa Rica","CRI","Research and development expenditure (% of GDP)","GB.XPD.RSDV.GD.ZS","","","","","","","","","","","","","","","","","","","","","","","","","","","","","","","","","","","","","0.30221","0.29569","0.26526","0.36759","0.41135","","","0.3619","0.37288","","0.42693","0.35655","0.38593","0.51718","0.4799","0.46235","0.54713","0.54253","0.55627","0.43665","0.44335","0.42587","0.37144","","0.33002","0.27385","0.33789","0.33738","","",
"Caribbean small states","CSS","Research and development expenditure (% of GDP)","GB.XPD.RSDV.GD.ZS","","","","","","","","","","","","","","","","","","","","","","","","","","","","","","","","","","","","","","","","","","","","","","","","","","","","","","","","","","","","","","","","","","",
"Cuba","CUB","Research and development expenditure (% of GDP)","GB.XPD.RSDV.GD.ZS","","","","","","","","","","","","","","","","","","","","","","","","","","","","","","","","","","","","","0.34736","0.40172","0.50124","0.45832","0.47865","0.5653","0.56445","0.58243","0.60231","0.5492","0.44139","0.43615","0.50061","0.61485","0.60767","0.27192","0.40716","0.47467","0.41596","0.42854","0.34223","0.43066","0.53691","0.55308","0.51838","0.32282","0.36032","0.39213","0.43839","",
"Curacao","CUW","Research and development expenditure (% of GDP)","GB.XPD.RSDV.GD.ZS","","","","","","","","","","","","","","","","","","","","","","","","","","","","","","","","","","","","","","","","","","","","","","","","","","","","","","","","","","","","","","","","","","",
"Cayman Islands","CYM","Research and development expenditure (% of GDP)","GB.XPD.RSDV.GD.ZS","","","","","","","","","","","","","","","","","","","","","","","","","","","","","","","","","","","","","","","","","","","","","","","","","","","","","","","","","","","","","","","","","","",
"Cyprus","CYP","Research and development expenditure (% of GDP)","GB.XPD.RSDV.GD.ZS","","","","","","","","","","","","","","","","","","","","","","","","","","","","","","","","","","","","","","","0.20331","0.21806","0.2269","0.23694","0.27967","0.31834","0.33564","0.36727","0.38346","0.40007","0.38594","0.44437","0.44292","0.45263","0.43765","0.48485","0.51205","0.47529","0.5197","0.54259","0.61032","0.70269","0.82581","0.77686","0.70468","0.68145","","",
"Czechia","CZE","Research and development expenditure (% of GDP)","GB.XPD.RSDV.GD.ZS","","","","","","","","","","","","","","","","","","","","","","","","","","","","","","","","","","","","","0.88366","0.98251","1.05423","1.04295","1.10377","1.09343","1.09272","1.13817","1.13619","1.15998","1.22564","1.2967","1.2352","1.28943","1.31352","1.5323","1.757","1.86743","1.94392","1.906","1.65411","1.74513","1.87652","1.89547","1.94537","1.93302","1.89089","1.83369","","",
"Germany","DEU","Research and development expenditure (% of GDP)","GB.XPD.RSDV.GD.ZS","","","","","","","","","","","","","","","","","","","","","","","","","","","","","","","","","","","","","2.13663","2.18161","2.20748","2.32772","2.38654","2.3792","2.40856","2.44232","2.40278","2.40266","2.43043","2.41918","2.57152","2.68864","2.67632","2.75016","2.82499","2.78067","2.82218","2.87725","2.88393","2.9886","3.05057","3.11256","3.0897","3.0786","3.07096","3.1539","","",
"Djibouti","DJI","Research and development expenditure (% of GDP)","GB.XPD.RSDV.GD.ZS","","","","","","","","","","","","","","","","","","","","","","","","","","","","","","","","","","","","","","","","","","","","","","","","","","","","","","","","","","","","","","","","","","",
"Dominica","DMA","Research and development expenditure (% of GDP)","GB.XPD.RSDV.GD.ZS","","","","","","","","","","","","","","","","","","","","","","","","","","","","","","","","","","","","","","","","","","","","","","","","","","","","","","","","","","","","","","","","","","",
"Denmark","DNK","Research and development expenditure (% of GDP)","GB.XPD.RSDV.GD.ZS","","","","","","","","","","","","","","","","","","","","","","","","","","","","","","","","","","","","","1.80812","1.89238","2.00749","2.12857","2.18774","2.32339","2.43935","2.50711","2.41328","2.38721","2.39875","2.50921","2.76081","3.04209","2.91389","2.94198","2.9845","2.96145","2.91543","3.06422","3.10209","2.93576","2.97895","2.90605","2.96533","2.74323","2.86709","3.04841","","",
"Dominican Republic","DOM","Research and development expenditure (% of GDP)","GB.XPD.RSDV.GD.ZS","","","","","","","","","","","","","","","","","","","","","","","","","","","","","","","","","","","","","","","","","","","","","","","","","","","","","","","","","","","","","","","","","","",
"Algeria","DZA","Research and development expenditure (% of GDP)","GB.XPD.RSDV.GD.ZS","","","","","","","","","","","","","","","","","","","","","","","","","","","","","","","","","","","","","","","","","","0.21219","0.33807","0.18122","0.15186","0.06367","","","","","","","","","","","","0.47865","","","","","","0.37787","0.44395","",
"East Asia & Pacific (excluding high income)","EAP","Research and development expenditure (% of GDP)","GB.XPD.RSDV.GD.ZS","","","","","","","","","","","","","","","","","","","","","","","","","","","","","","","","","","","","","0.460024805480053","0.560601146769203","0.622093409712827","0.68714004253487","0.722183945753278","0.789926278334075","0.899560875386689","0.991672504944057","1.09127312539587","1.16299926803795","1.2323368827159","1.22844908069114","1.32549350236945","1.38091860941462","1.6573354928432","1.5918170884932","1.85116850389039","1.6819873872822","1.90789568520804","1.87217417493176","1.87088501634354","1.87006122731623","1.88271981025066","1.95159268838599","2.11819098023791","2.30357679372756","2.41879972397241","2.47582029067574","","",
"Early-demographic dividend","EAR","Research and development expenditure (% of GDP)","GB.XPD.RSDV.GD.ZS","","","","","","","","","","","","","","","","","","","","","","","","","","","","","","","","","","","","","","0.55199445507072","","","0.591430820372247","0.604989412390765","0.621834598118674","0.604078061693814","0.613469467096261","0.601700859027945","0.628433125149844","0.642853753531894","0.679625468396612","0.613493910834371","0.719085485176379","0.708976587514646","0.697876421480953","0.619151819759789","","0.719887001483297","0.752969757195789","0.717102657020471","0.737266646290267","0.740377199040134","0.801477422530873","","","","","",
"East Asia & Pacific","EAS","Research and development expenditure (% of GDP)","GB.XPD.RSDV.GD.ZS","","","","","","","","","","","","","","","","","","","","","","","","","","","","","","","","","","","","","2.18386283890343","2.25849476209114","2.22578250151598","2.29327795835415","2.23032794078796","2.27465232630359","2.23936957404446","2.31854522194617","2.30294851384584","2.38211083258047","2.381653806604","2.33005073451218","2.33452097387501","2.23046444171605","2.37627226598219","2.30902266684276","2.45755028395847","2.25354328549626","2.44333254109597","2.29342659835787","2.30888797558082","2.28803085567583","2.32503653024289","2.33385397245774","2.50733914272744","2.57649455499986","2.71717559947169","2.77833006240947","","",
"Europe & Central Asia (excluding high income)","ECA","Research and development expenditure (% of GDP)","GB.XPD.RSDV.GD.ZS","","","","","","","","","","","","","","","","","","","","","","","","","","","","","","","","","","","","","0.479388799159329","0.585609667491118","0.460797446840681","0.521353052031725","0.496310943586314","0.536456127921697","0.535915054521919","0.501196956713385","0.512188719764835","0.561153829973122","0.541003073495873","0.616326286779816","0.602528837018532","0.669033844035275","0.647663932088636","0.620974440773465","0.639997990659133","0.621323272451192","0.628876635177222","0.689650529447458","0.797000746678989","0.811464458952922","0.837659801285922","0.837734371196345","0.860491599868224","0.864415852216202","0.813950450351486","0.904770346010955","","",
"Europe & Central Asia","ECS","Research and development expenditure (% of GDP)","GB.XPD.RSDV.GD.ZS","","","","","","","","","","","","","","","","","","","","","","","","","","","","","","","","","","","","","1.64410473671451","1.62749237265863","1.60409969222678","1.69616531776034","1.67991880168832","1.71639339744959","1.69244280367568","1.71715617549637","1.69271220077006","1.64565066283489","1.65296648149153","1.6539722189084","1.71573282570199","1.80358454021379","1.76596555293738","1.77099378986903","1.81708507923017","1.79695018835986","1.91701217907982","1.98733152641102","1.972025181027","2.02586405984117","2.06483077448666","2.12147731454218","2.18817615139881","2.16876429997001","2.05658823763358","2.14079503057383","","",
"Ecuador","ECU","Research and development expenditure (% of GDP)","GB.XPD.RSDV.GD.ZS","","","","","","","","","","","","","","","","","","","","","","","","","","","","","","","","","","","","","0.07406","0.06263","0.06517","","","0.05448","0.0584","0.06007","","","0.13176","0.13501","0.23011","0.41055","0.41127","0.34115","0.33308","0.37423","0.43839","","","","","","","","","","","",
"Egypt, Arab Rep.","EGY","Research and development expenditure (% of GDP)","GB.XPD.RSDV.GD.ZS","","","","","","","","","","","","","","","","","","","","","","","","","","","","","","","","","","","","","0.2126","0.19756","0.1991","0.18651","0.19247","","","","0.26994","0.24141","0.25903","0.2551","0.27024","0.43312","0.43345","0.53154","0.50899","0.63895","0.63649","0.71858","0.70848","0.64486","0.68839","0.79617","0.91564","0.91175","1.01968","1.03356","1.01757","",
"Euro area","EMU","Research and development expenditure (% of GDP)","GB.XPD.RSDV.GD.ZS","","","","","","","","","","","","","","","","","","","","","","","","","","","","","","","","","","","","","1.73759933388328","1.71203530659041","1.73831467504798","1.76084594441892","1.80098522477828","1.79011623777554","1.82986513835888","1.79697282706101","1.77442088738194","1.76781970292522","1.78689275193435","1.7914003144944","1.87295473397562","1.9647320858225","1.97132865623614","2.01377486367364","2.07087787429662","2.08893968692216","2.11978262819395","2.10986340300616","2.1135197397057","2.15252636077938","2.18550599898237","2.2280734958391","2.30052592343969","2.25891301253763","2.25107966461214","2.2895144565081","","",
"Eritrea","ERI","Research and development expenditure (% of GDP)","GB.XPD.RSDV.GD.ZS","","","","","","","","","","","","","","","","","","","","","","","","","","","","","","","","","","","","","","","","","","","","","","","","","","","","","","","","","","","","","","","","","","",
"Spain","ESP","Research and development expenditure (% of GDP)","GB.XPD.RSDV.GD.ZS","","","","","","","","","","","","","","","","","","","","","","","","","","","","","","","","","","","","","0.78795","0.77825","0.8487","0.83921","0.88315","0.88838","0.95947","1.0232","1.04013","1.09866","1.17567","1.23823","1.32156","1.35898","1.35436","1.32726","1.29268","1.26864","1.23401","1.21165","1.1808","1.20198","1.23288","1.24207","1.39637","1.39617","1.40684","1.49362","","",
"Estonia","EST","Research and development expenditure (% of GDP)","GB.XPD.RSDV.GD.ZS","","","","","","","","","","","","","","","","","","","","","","","","","","","","","","","","","","","","","","","0.56501","0.67708","0.6","0.69889","0.71182","0.76445","0.84566","0.91687","1.11259","1.05869","1.25182","1.39673","1.57892","2.29632","2.10485","1.70141","1.40794","1.44125","1.21835","1.25152","1.38298","1.59093","1.72614","1.75152","1.76094","1.83878","","",
"Ethiopia","ETH","Research and development expenditure (% of GDP)","GB.XPD.RSDV.GD.ZS","","","","","","","","","","","","","","","","","","","","","","","","","","","","","","","","","","","","","","","","","","","","","","0.17917","","0.17089","","","0.24137","","","0.60474","","","","0.27437","","","","","","","","",
"European Union","EUU","Research and development expenditure (% of GDP)","GB.XPD.RSDV.GD.ZS","","","","","","","","","","","","","","","","","","","","","","","","","","","","","","","","","","","","","1.69813531096769","1.73087287486946","1.69933735756004","1.78294123949549","1.75999874566084","1.81953373675296","1.78662975874004","1.8225341489373","1.79049352283702","1.77672615610278","1.79606382481232","1.7898576785882","1.8661672832882","1.95713168877559","1.95746478625747","2.00154542952096","2.06377077141031","2.08261388828457","2.10270987842797","2.10239096009599","2.10185669802771","2.13740034854764","2.16898015703787","2.20604524104576","2.27883471874776","2.23759475780294","2.22738255907949","2.26277335792334","","",
"Finland","FIN","Research and development expenditure (% of GDP)","GB.XPD.RSDV.GD.ZS","","","","","","","","","","","","","","","","","","","","","","","","","","","","","","","","","","","","","2.45511","2.6226","2.78542","3.05687","3.24271","3.19405","3.25409","3.29898","3.30943","3.32412","3.33285","3.33727","3.53719","3.73427","3.70524","3.62434","3.4095","3.28462","3.16344","2.88826","2.74716","2.74723","2.77601","2.81534","2.93278","3.01133","2.982","3.0938","","",
"Fiji","FJI","Research and development expenditure (% of GDP)","GB.XPD.RSDV.GD.ZS","","","","","","","","","","","","","","","","","","","","","","","","","","","","","","","","","","","","","","","","","","","","","","","","","","","","","","","","","","","","","","","","","","",
"France","FRA","Research and development expenditure (% of GDP)","GB.XPD.RSDV.GD.ZS","","","","","","","","","","","","","","","","","","","","","","","","","","","","","","","","","","","","","2.23224","2.15216","2.10343","2.1165","2.10066","2.1494","2.18758","2.13086","2.10438","2.05599","2.05331","2.02815","2.06363","2.21273","2.17771","2.18761","2.22761","2.23369","2.27173","2.22401","2.22468","2.20422","2.20407","2.19668","2.2742","2.21278","2.21937","2.17832","","",
"Faroe Islands","FRO","Research and development expenditure (% of GDP)","GB.XPD.RSDV.GD.ZS","","","","","","","","","","","","","","","","","","","","","","","","","","","","","","","","","","","","","","","","","","","","0.85253","","","","","","","","","","","","","","","","","","","","","","",
"Micronesia, Fed. Sts.","FSM","Research and development expenditure (% of GDP)","GB.XPD.RSDV.GD.ZS","","","","","","","","","","","","","","","","","","","","","","","","","","","","","","","","","","","","","","","","","","","","","","","","","","","","","","","","","","","","","","","","","","",
"Gabon","GAB","Research and development expenditure (% of GDP)","GB.XPD.RSDV.GD.ZS","","","","","","","","","","","","","","","","","","","","","","","","","","","","","","","","","","","","","","","","","","","","","","","","0.41633","0.5109","0.57924","","","","","","","","","","","","","","","","",
"United Kingdom","GBR","Research and development expenditure (% of GDP)","GB.XPD.RSDV.GD.ZS","","","","","","","","","","","","","","","","","","","","","","","","","","","","","","","","","","","","","1.5754","1.53729","1.54777","1.62268","1.60963","1.59544","1.61383","1.58131","1.53089","1.55004","1.57625","1.6183","1.60901","1.66991","1.63887","1.64681","1.57587","1.62096","2.26488","2.27566","2.32051","2.32602","2.70889","2.6707","2.93993","2.89968","2.75224","2.67614","","",
"Georgia","GEO","Research and development expenditure (% of GDP)","GB.XPD.RSDV.GD.ZS","","","","","","","","","","","","","","","","","","","","","","","","","","","","","","","","","","","","","0.33088","0.3424","0.35384","0.28769","0.2153","0.23848","0.18574","0.2176","0.2442","0.17658","","","","","","","","0.0771","0.16991","0.29397","0.28025","0.26645","0.27573","0.28197","0.29765","0.24875","0.2347","0.25084","0.26435","",
"Ghana","GHA","Research and development expenditure (% of GDP)","GB.XPD.RSDV.GD.ZS","","","","","","","","","","","","","","","","","","","","","","","","","","","","","","","","","","","","","","","","","","","","","","","","0.23157","","","0.37655","","","","","","","","","","","","","","","",
"Gibraltar","GIB","Research and development expenditure (% of GDP)","GB.XPD.RSDV.GD.ZS","","","","","","","","","","","","","","","","","","","","","","","","","","","","","","","","","","","","","","","","","","","","","","","","","","","","","","","","","","","","","","","","","","",
"Guinea","GIN","Research and development expenditure (% of GDP)","GB.XPD.RSDV.GD.ZS","","","","","","","","","","","","","","","","","","","","","","","","","","","","","","","","","","","","","","","","","","","","","","","","","","","","","","","","","","","","","","","","","","",
"Gambia, The","GMB","Research and development expenditure (% of GDP)","GB.XPD.RSDV.GD.ZS","","","","","","","","","","","","","","","","","","","","","","","","","","","","","","","","","","","","","","","","","","","","","","","","","0.01261","0.01086","","0.0848","","","","","","","0.06933","","","","","","","",
"Guinea-Bissau","GNB","Research and development expenditure (% of GDP)","GB.XPD.RSDV.GD.ZS","","","","","","","","","","","","","","","","","","","","","","","","","","","","","","","","","","","","","","","","","","","","","","","","","","","","","","","","","","","","","","","","","","",
"Equatorial Guinea","GNQ","Research and development expenditure (% of GDP)","GB.XPD.RSDV.GD.ZS","","","","","","","","","","","","","","","","","","","","","","","","","","","","","","","","","","","","","","","","","","","","","","","","","","","","","","","","","","","","","","","","","","",
"Greece","GRC","Research and development expenditure (% of GDP)","GB.XPD.RSDV.GD.ZS","","","","","","","","","","","","","","","","","","","","","","","","","","","","","","","","","","","","","","0.44268","","0.59085","","0.57753","","0.56163","0.54073","0.59224","0.57051","0.58513","0.67086","0.63414","0.60491","0.6837","0.71953","0.82288","0.84553","0.9716","1.00556","1.1492","1.2066","1.26236","1.48872","1.43353","1.47714","1.4943","","",
"Grenada","GRD","Research and development expenditure (% of GDP)","GB.XPD.RSDV.GD.ZS","","","","","","","","","","","","","","","","","","","","","","","","","","","","","","","","","","","","","","","","","","","","","","","","","","","","","","","","","","","","","","","","","","",
"Greenland","GRL","Research and development expenditure (% of GDP)","GB.XPD.RSDV.GD.ZS","","","","","","","","","","","","","","","","","","","","","","","","","","","","","","","","","","","","","","","","","","0.52741","0.55628","0.50804","0.64608","","","","","","","","","","","","","","","","","","","","","",
"Guatemala","GTM","Research and development expenditure (% of GDP)","GB.XPD.RSDV.GD.ZS","","","","","","","","","","","","","","","","","","","","","","","","","","","","","","","","","","","","","","","","","","","","","","0.03556","0.0501","0.06782","0.0629","0.0562","0.04421","0.04894","0.04543","0.03916","0.02949","0.03064","0.02311","0.02955","0.02938","0.02642","0.04887","0.05835","0.00549","0.00609","","",
"Guam","GUM","Research and development expenditure (% of GDP)","GB.XPD.RSDV.GD.ZS","","","","","","","","","","","","","","","","","","","","","","","","","","","","","","","","","","","","","","","","","","","","0.2657","0.25518","0.2561","","","","","","","","","","","","","","","","","","","","",
"Guyana","GUY","Research and development expenditure (% of GDP)","GB.XPD.RSDV.GD.ZS","","","","","","","","","","","","","","","","","","","","","","","","","","","","","","","","","","","","","","","","","","","","","","","","","","","","","","","","","","","","","","","","","","",
"High income","HIC","Research and development expenditure (% of GDP)","GB.XPD.RSDV.GD.ZS","","","","","","","","","","","","","","","","","","","","","","","","","","","","","","","","","","","","","2.12755713714719","2.15529417518073","2.16055530517441","2.23302821887488","2.29071889192532","2.32297533091082","2.26391852373566","2.23352082948661","2.17865376061877","2.18546504052235","2.20543482485767","2.20056788092079","2.26522733558959","2.34329864591813","2.31509136979629","2.30585675825837","2.32503064520049","2.31919481093035","2.41424030271251","2.44759233839061","2.50278193883138","2.53253279810324","2.60560777709804","2.68552170916288","2.86059219799692","2.81076375254701","2.84261638625838","2.87543396727734","","",
"Hong Kong SAR, China","HKG","Research and development expenditure (% of GDP)","GB.XPD.RSDV.GD.ZS","","","","","","","","","","","","","","","","","","","","","","","","","","","","","","","","","","","","","","","0.4283","0.45767","0.46493","0.53645","0.58147","0.68027","0.72176","0.77343","0.79469","0.75161","0.71996","0.77342","0.74946","0.72086","0.72733","0.73017","0.74014","0.76183","0.7915","0.83519","0.8633","0.92557","0.99236","0.97026","1.07293","1.10625","1.12597","",
"Honduras","HND","Research and development expenditure (% of GDP)","GB.XPD.RSDV.GD.ZS","","","","","","","","","","","","","","","","","","","","","","","","","","","","","","","","","","","","","","","","","0.04453","0.03834","0.04181","0.04215","0.04155","","","","","","","","","","","0.01497","","0.03994","0.06394","0.05997","","","","","","",
"Heavily indebted poor countries (HIPC)","HPC","Research and development expenditure (% of GDP)","GB.XPD.RSDV.GD.ZS","","","","","","","","","","","","","","","","","","","","","","","","","","","","","","","","","","","","","","","","","","","","","","","","","","","","","","","","","","","","","","","","","","",
"Croatia","HRV","Research and development expenditure (% of GDP)","GB.XPD.RSDV.GD.ZS","","","","","","","","","","","","","","","","","","","","","","","","","","","","","","","","","","","","","","","","0.83157","1.04221","0.91745","0.94088","0.94098","1.02048","0.84799","0.73228","0.78328","0.87629","0.82999","0.72875","0.73493","0.73545","0.79163","0.76744","0.82388","0.84569","0.84354","0.94608","1.07723","1.23536","1.24187","1.41896","1.38621","","",
"Haiti","HTI","Research and development expenditure (% of GDP)","GB.XPD.RSDV.GD.ZS","","","","","","","","","","","","","","","","","","","","","","","","","","","","","","","","","","","","","","","","","","","","","","","","","","","","","","","","","","","","","","","","","","",
"Hungary","HUN","Research and development expenditure (% of GDP)","GB.XPD.RSDV.GD.ZS","","","","","","","","","","","","","","","","","","","","","","","","","","","","","","","","","","","","","0.62791","0.69745","0.65606","0.67067","0.78999","0.91225","0.98314","0.91985","0.86077","0.92043","0.97835","0.95488","0.97817","1.13027","1.13102","1.18116","1.25758","1.38449","1.3437","1.33884","1.17645","1.31498","1.50196","1.46473","1.58067","1.63327","1.39056","1.37748","","",
"IBRD only","IBD","Research and development expenditure (% of GDP)","GB.XPD.RSDV.GD.ZS","","","","","","","","","","","","","","","","","","","","","","","","","","","","","","","","","","","","","","","","0.580956392928416","0.650023289183398","0.673820416736299","0.721993156476626","0.76192435543119","0.791453023286595","0.820702993603394","0.851756786017962","0.879039992116509","0.926059579315417","1.00674702346533","1.07214548766582","1.08697002159114","1.17518591669319","1.1716062297587","1.2963753622998","1.34020427008938","1.35801073355302","1.33446805150401","1.38963654884501","1.43141463649453","1.58734956120548","1.77054384540358","1.83450349802395","1.8752807844862","","",
"IDA & IBRD total","IBT","Research and development expenditure (% of GDP)","GB.XPD.RSDV.GD.ZS","","","","","","","","","","","","","","","","","","","","","","","","","","","","","","","","","","","","","","","","","0.633964390130209","0.659554737443174","0.704195633275327","0.755849389341781","0.782519629939138","0.804681362613175","0.845868501332795","0.849371845962723","0.916378319952868","0.993350210659469","1.05709931860512","1.07405881316922","1.17030194642158","1.1527806798398","1.28385612898363","1.30949018439984","1.34300113319404","1.30445207761074","1.37742122178945","1.38371472102598","1.5739543653088","1.74106452597515","1.81332330587806","1.83676717753263","","",
"IDA total","IDA","Research and development expenditure (% of GDP)","GB.XPD.RSDV.GD.ZS","","","","","","","","","","","","","","","","","","","","","","","","","","","","","","","","","","","","","","","","","","","","","","","","","","","","","","","","","","","","","","","","","","",
"IDA blend","IDB","Research and development expenditure (% of GDP)","GB.XPD.RSDV.GD.ZS","","","","","","","","","","","","","","","","","","","","","","","","","","","","","","","","","","","","","","","","","","","","","","","","0.289114982839005","","","","","","","","","","","","0.239077012351723","","","","","","",
"Indonesia","IDN","Research and development expenditure (% of GDP)","GB.XPD.RSDV.GD.ZS","","","","","","","","","","","","","","","","","","","","","","","","","","","","","","","","","","","","","","","","","0.06769","0.04756","","","","","","","","0.08332","","","","0.0847","","","0.24535","0.23805","0.22632","0.27129","0.28068","","","","","",
"IDA only","IDX","Research and development expenditure (% of GDP)","GB.XPD.RSDV.GD.ZS","","","","","","","","","","","","","","","","","","","","","","","","","","","","","","","","","","","","","","","","","","","","","","","","","","","","","","","","","","","","","","","","","","",
"Isle of Man","IMN","Research and development expenditure (% of GDP)","GB.XPD.RSDV.GD.ZS","","","","","","","","","","","","","","","","","","","","","","","","","","","","","","","","","","","","","","","","","","","","","","","","","","","","","","","","","","","","","","","","","","",
"India","IND","Research and development expenditure (% of GDP)","GB.XPD.RSDV.GD.ZS","","","","","","","","","","","","","","","","","","","","","","","","","","","","","","","","","","","","","0.63905","0.68669","0.70378","0.72413","0.75699","0.73591","0.72567","0.71929","0.7569","0.82411","0.80473","0.80507","0.85876","0.83314","0.78849","0.75502","0.74399","0.70642","0.70158","0.6931","0.66984","0.66603","0.66001","0.65942","0.64558","","","","","",
"Not classified","INX","Research and development expenditure (% of GDP)","GB.XPD.RSDV.GD.ZS","","","","","","","","","","","","","","","","","","","","","","","","","","","","","","","","","","","","","","","","","","","","","","","","","","","","","","","","","","","","","","","","","","",
"Ireland","IRL","Research and development expenditure (% of GDP)","GB.XPD.RSDV.GD.ZS","","","","","","","","","","","","","","","","","","","","","","","","","","","","","","","","","","","","","1.27156","1.24271","1.20801","1.15141","1.08383","1.05194","1.05575","1.12435","1.17778","1.19197","1.19887","1.23409","1.39126","1.61371","1.59425","1.53761","1.5455","1.53562","1.47756","1.14062","1.14954","1.20821","1.08244","1.13733","1.12466","1.0732","1.53215","1.58829","","",
"Iran, Islamic Rep.","IRN","Research and development expenditure (% of GDP)","GB.XPD.RSDV.GD.ZS","","","","","","","","","","","","","","","","","","","","","","","","","","","","","","","","","","","","","","","","","","0.50218","0.49558","0.59484","0.50453","0.62284","0.55921","","0.64647","0.27258","0.26442","","0.29435","0.23601","","0.39383","","0.75983","","0.78829","","0.72665","","","","",
"Iraq","IRQ","Research and development expenditure (% of GDP)","GB.XPD.RSDV.GD.ZS","","","","","","","","","","","","","","","","","","","","","","","","","","","","","","","","","","","","","","","","","","","","","","","","0.04554","0.03435","0.04562","0.03684","0.03476","","","0.03835","0.04017","0.03737","0.04596","0.04279","0.03266","0.04053","0.0407","","","","",
"Iceland","ISL","Research and development expenditure (% of GDP)","GB.XPD.RSDV.GD.ZS","","","","","","","","","","","","","","","","","","","","","","","","","","","","","","","","","","","","","","1.79808","1.95098","2.23507","2.57201","2.83989","2.8212","2.7055","","2.67969","2.85265","2.53294","2.46413","2.59713","","2.40366","","1.69237","1.93616","2.18137","2.11011","2.08365","2.00081","2.34018","2.4864","2.78171","2.60089","2.64005","","",
"Israel","ISR","Research and development expenditure (% of GDP)","GB.XPD.RSDV.GD.ZS","","","","","","","","","","","","","","","","","","","","","","","","","","","","","","","","","","","","","2.4753","2.69533","2.80723","3.21199","3.81316","4.05338","3.99197","3.76142","3.74703","3.91123","4.01416","4.28533","4.24165","4.01799","3.8421","3.91608","4.06028","4.10651","4.19613","4.29761","4.59051","4.74032","4.91965","5.35528","5.83209","5.75725","6.17831","6.34589","","",
"Italy","ITA","Research and development expenditure (% of GDP)","GB.XPD.RSDV.GD.ZS","","","","","","","","","","","","","","","","","","","","","","","","","","","","","","","","","","","","","0.94421","0.98522","1.00275","0.97865","1.00104","1.03714","1.07704","1.05539","1.04662","1.04057","1.07903","1.12421","1.15548","1.21261","1.21296","1.19531","1.25559","1.29425","1.33148","1.33213","1.35915","1.36393","1.41934","1.45558","1.49869","1.41065","1.36563","1.37935","","",
"Jamaica","JAM","Research and development expenditure (% of GDP)","GB.XPD.RSDV.GD.ZS","","","","","","","","","","","","","","","","","","","","","","","","","","","","","","","","","","","","","","","","","","0.0491","0.06096","","","","","","","","","","","","","","","","","","","","","","","",
"Jordan","JOR","Research and development expenditure (% of GDP)","GB.XPD.RSDV.GD.ZS","","","","","","","","","","","","","","","","","","","","","","","","","","","","","","","","","","","","","","","","","","","0.33689","","","","","","0.42154","","","","","","","","0.69547","","","","","","","","","",
"Japan","JPN","Research and development expenditure (% of GDP)","GB.XPD.RSDV.GD.ZS","","","","","","","","","","","","","","","","","","","","","","","","","","","","","","","","","","","","","2.64303","2.72177","2.82745","2.84672","2.85841","2.92348","2.96514","2.99319","2.98125","3.13092","3.22766","3.29257","3.29224","3.1959","3.10495","3.20537","3.1737","3.27895","3.36788","3.24071","3.10665","3.16636","3.2192","3.21824","3.26556","3.27383","3.40053","3.44125","","",
"Kazakhstan","KAZ","Research and development expenditure (% of GDP)","GB.XPD.RSDV.GD.ZS","","","","","","","","","","","","","","","","","","","","","","","","","","","","","","","","","","","","","","0.29337","0.22039","0.18383","0.18104","0.22009","0.25509","0.25246","0.24837","0.28361","0.24281","0.20884","0.21654","0.22924","0.15341","0.15349","0.16525","0.17132","0.16722","0.16951","0.14179","0.12667","0.11683","0.11841","0.12602","0.13023","0.11715","0.14449","0.16242","",
"Kenya","KEN","Research and development expenditure (% of GDP)","GB.XPD.RSDV.GD.ZS","","","","","","","","","","","","","","","","","","","","","","","","","","","","","","","","","","","","","","","","","","","","","","","","0.35521","","","0.69222","","","","","","","","","","","","0.40651","0.80427","0.81069","",
"Kyrgyz Republic","KGZ","Research and development expenditure (% of GDP)","GB.XPD.RSDV.GD.ZS","","","","","","","","","","","","","","","","","","","","","","","","","","","","","","","","","","","","","","0.1939","0.21064","0.17992","0.15637","0.17189","0.1981","0.22272","0.19926","0.19861","0.23014","0.23425","0.19017","0.15997","0.15547","0.15633","0.1661","0.14914","0.12536","0.11903","0.11121","0.10707","0.10107","0.08535","0.08356","0.07102","0.06922","0.05414","0.05269","",
"Cambodia","KHM","Research and development expenditure (% of GDP)","GB.XPD.RSDV.GD.ZS","","","","","","","","","","","","","","","","","","","","","","","","","","","","","","","","","","","","","","","","","","","0.0474","","","","","","","","","","","","","0.08828","","","","","","","","","","",
"Kiribati","KIR","Research and development expenditure (% of GDP)","GB.XPD.RSDV.GD.ZS","","","","","","","","","","","","","","","","","","","","","","","","","","","","","","","","","","","","","","","","","","","","","","","","","","","","","","","","","","","","","","","","","","",
"St. Kitts and Nevis","KNA","Research and development expenditure (% of GDP)","GB.XPD.RSDV.GD.ZS","","","","","","","","","","","","","","","","","","","","","","","","","","","","","","","","","","","","","","","","","","","","","","","","","","","","","","","","","","","","","","","","","","",
"Korea, Rep.","KOR","Research and development expenditure (% of GDP)","GB.XPD.RSDV.GD.ZS","","","","","","","","","","","","","","","","","","","","","","","","","","","","","","","","","","","","","2.14233","2.17409","2.03608","1.9446","2.0494","2.19872","2.13042","2.19657","2.35292","2.42725","2.61516","2.75895","2.86774","3.02145","3.17913","3.44409","3.6852","3.77487","3.88983","3.78907","3.78638","4.07341","4.27155","4.36379","4.5214","4.59673","4.84753","4.94352","","",
"Kuwait","KWT","Research and development expenditure (% of GDP)","GB.XPD.RSDV.GD.ZS","","","","","","","","","","","","","","","","","","","","","","","","","","","","","","","","","","","","","","0.20538","0.25796","0.19763","0.12542","0.17884","0.18001","0.14347","0.1301","0.10083","0.08479","0.08585","0.08551","0.11213","0.1014","0.09898","0.09721","0.30153","0.42705","0.0966","0.07985","0.0804","0.06329","0.18512","0.17805","","0.0801","0.09547","0.08954","",
"Latin America & Caribbean (excluding high income)","LAC","Research and development expenditure (% of GDP)","GB.XPD.RSDV.GD.ZS","","","","","","","","","","","","","","","","","","","","","","","","","","","","","","","","","","","","","","","","","0.566281961796708","0.534303944226374","0.522031882243246","0.559013039778361","0.564507534011108","0.589992541830815","0.591373785826759","0.645585302967232","0.691201264416505","0.725638857108893","0.764511449354682","0.736272397999331","0.708589003230844","0.749622792342875","0.787574646118715","0.776243138884855","0.725578487221862","0.679763769120232","0.6718672554356","0.654956262674072","0.68037634277728","0.65529864902249","0.692892011042687","0.696974020068996","","",
"Lao PDR","LAO","Research and development expenditure (% of GDP)","GB.XPD.RSDV.GD.ZS","","","","","","","","","","","","","","","","","","","","","","","","","","","","","","","","","","","","","","","","","","","0.0371","","","","","","","","","","","","","","","","","","","","","","","",
"Lebanon","LBN","Research and development expenditure (% of GDP)","GB.XPD.RSDV.GD.ZS","","","","","","","","","","","","","","","","","","","","","","","","","","","","","","","","","","","","","","","","","","","","","","","","","","","","","","","","","","","","","","","","","","",
"Liberia","LBR","Research and development expenditure (% of GDP)","GB.XPD.RSDV.GD.ZS","","","","","","","","","","","","","","","","","","","","","","","","","","","","","","","","","","","","","","","","","","","","","","","","","","","","","","","","","","","","","","","","","","",
"Libya","LBY","Research and development expenditure (% of GDP)","GB.XPD.RSDV.GD.ZS","","","","","","","","","","","","","","","","","","","","","","","","","","","","","","","","","","","","","","","","","","","","","","","","","","","","","","","","","","","","","","","","","","",
"St. Lucia","LCA","Research and development expenditure (% of GDP)","GB.XPD.RSDV.GD.ZS","","","","","","","","","","","","","","","","","","","","","","","","","","","","","","","","","","","","","","","0.57395","0.27374","","","","","","","","","","","","","","","","","","","","","","","","","","",
"Latin America & Caribbean","LCN","Research and development expenditure (% of GDP)","GB.XPD.RSDV.GD.ZS","","","","","","","","","","","","","","","","","","","","","","","","","","","","","","","","","","","","","","","","","0.557752059828362","0.531209415360542","0.515535076561601","0.551266324225007","0.55592990194665","0.582452907203088","0.582094975874306","0.619133423938285","0.666022153469657","0.692091567954177","0.732677520135218","0.707866275754934","0.680454956322769","0.712916414074282","0.753258371465564","0.728873328202675","0.687370788747671","0.647229574033165","0.638182174027151","0.626038248103588","0.644615222117082","0.617603270264567","0.657401382768952","0.682681546543488","","",
"Least developed countries: UN classification","LDC","Research and development expenditure (% of GDP)","GB.XPD.RSDV.GD.ZS","","","","","","","","","","","","","","","","","","","","","","","","","","","","","","","","","","","","","","","","","","","","","","","","","","","","","","","","","","","","","","","","","","",
"Low income","LIC","Research and development expenditure (% of GDP)","GB.XPD.RSDV.GD.ZS","","","","","","","","","","","","","","","","","","","","","","","","","","","","","","","","","","","","","","","","","","","","","","","","","","","","","","","","","","","","","","","","","","",
"Liechtenstein","LIE","Research and development expenditure (% of GDP)","GB.XPD.RSDV.GD.ZS","","","","","","","","","","","","","","","","","","","","","","","","","","","","","","","","","","","","","","","","","","","","","","","","","","","","","","","","","","","","5.86833","","","","6.00984","","",
"Sri Lanka","LKA","Research and development expenditure (% of GDP)","GB.XPD.RSDV.GD.ZS","","","","","","","","","","","","","","","","","","","","","","","","","","","","","","","","","","","","","0.18356","","","","0.14392","","","","0.1821","","0.1742","","0.11444","","0.13241","","","0.0973","0.09605","0.10291","0.12034","0.11818","0.11949","","0.11616","","0.10506","","","",
"Lower middle income","LMC","Research and development expenditure (% of GDP)","GB.XPD.RSDV.GD.ZS","","","","","","","","","","","","","","","","","","","","","","","","","","","","","","","","","","","","","","","","","","","","","","0.634990975469287","","0.569858148228751","","0.644667994788059","0.625909837904731","0.60643255047049","","","","","","0.583738806545404","","0.547403081220086","","","","","","",
"Low & middle income","LMY","Research and development expenditure (% of GDP)","GB.XPD.RSDV.GD.ZS","","","","","","","","","","","","","","","","","","","","","","","","","","","","","","","","","","","","","","","","","0.614258093754642","0.630984373335038","0.676603828231056","0.728115638665939","0.76454827164179","0.796415662279293","0.842409965995132","0.847593553498541","0.932516592047564","1.00210102110607","1.08390858589689","1.11193797777656","1.2195605341089","1.19477569666069","1.3398030879602","1.35323895626264","1.39111979423271","1.3466308945359","1.43391120594534","1.42946991299371","1.63624813052416","1.84896536423247","1.94940550009888","1.94660854100118","","",
"Lesotho","LSO","Research and development expenditure (% of GDP)","GB.XPD.RSDV.GD.ZS","","","","","","","","","","","","","","","","","","","","","","","","","","","","","","","","","","","","","","","","","","","0.04185","0.04295","0.05532","","","","","0.0291","","0.01255","","","","0.05101","","","","","","","","0.09453","","",
"Late-demographic dividend","LTE","Research and development expenditure (% of GDP)","GB.XPD.RSDV.GD.ZS","","","","","","","","","","","","","","","","","","","","","","","","","","","","","","","","","","","","","","","","","0.822240063648511","0.86978252302268","0.893069196446551","0.948138357587538","0.959151291112737","1.0155841204369","1.02256832302327","1.05433130799235","1.0897775068919","1.26336412549039","1.30584151297195","1.27965214501074","1.41694330377263","1.45865029570522","1.5185508624373","1.58029436811179","1.64436355816066","1.64865821073684","1.6710773045223","1.76617643616171","1.9287748714655","1.96116789365958","2.02080468716553","2.09034358877655","","",
"Lithuania","LTU","Research and development expenditure (% of GDP)","GB.XPD.RSDV.GD.ZS","","","","","","","","","","","","","","","","","","","","","","","","","","","","","","","","","","","","","0.48892","0.53405","0.54142","0.49976","0.58422","0.66634","0.65651","0.66316","0.74758","0.74799","0.79381","0.80111","0.78876","0.82848","0.79379","0.90998","0.8976","0.95322","1.03495","1.04077","0.84391","0.8963","0.92781","0.98701","1.12379","1.10044","1.05289","1.04977","","",
"Luxembourg","LUX","Research and development expenditure (% of GDP)","GB.XPD.RSDV.GD.ZS","","","","","","","","","","","","","","","","","","","","","","","","","","","","","","","","","","","","","","","","","1.58314","","","1.6235","1.58819","1.55873","1.64886","1.57165","1.54663","1.58839","1.42373","1.42453","1.20664","1.23381","1.217","1.25226","1.2669","1.23898","1.17039","1.18209","1.09627","1.03153","1.0653","1.07045","","",
"Latvia","LVA","Research and development expenditure (% of GDP)","GB.XPD.RSDV.GD.ZS","","","","","","","","","","","","","","","","","","","","","","","","","","","","","","","","","","","","","0.40892","0.37657","0.38967","0.3619","0.4459","0.41106","0.42203","0.37616","0.41593","0.54958","0.68285","0.58167","0.60627","0.46114","0.6183","0.73982","0.68884","0.63536","0.71433","0.641","0.45065","0.53004","0.66138","0.6602","0.75663","0.77085","0.8122","0.8236","","",
"Macao SAR, China","MAC","Research and development expenditure (% of GDP)","GB.XPD.RSDV.GD.ZS","","","","","","","","","","","","","","","","","","","","","","","","","","","","","","","","","","","","","","","","","","0.06224","0.06957","0.06244","0.05344","0.0876","0.0829","0.05684","0.10106","0.05407","0.05012","0.04427","0.04789","0.05117","0.08776","0.13649","0.23492","0.1721","0.20113","0.24721","0.45327","0.37318","0.42754","0.27103","0.31097","",
"St. Martin (French part)","MAF","Research and development expenditure (% of GDP)","GB.XPD.RSDV.GD.ZS","","","","","","","","","","","","","","","","","","","","","","","","","","","","","","","","","","","","","","","","","","","","","","","","","","","","","","","","","","","","","","","","","","",
"Morocco","MAR","Research and development expenditure (% of GDP)","GB.XPD.RSDV.GD.ZS","","","","","","","","","","","","","","","","","","","","","","","","","","","","","","","","","","","","","","","0.24582","","","0.5463","0.47179","0.56588","","","0.54987","","","","0.66036","","","","","","","","","","","","","","","",
"Monaco","MCO","Research and development expenditure (% of GDP)","GB.XPD.RSDV.GD.ZS","","","","","","","","","","","","","","","","","","","","","","","","","","","","","","","","","","","","","","","","","","","","","0.03787","0.03821","","","","","","","","","","","","","","","","","","","","",
"Moldova","MDA","Research and development expenditure (% of GDP)","GB.XPD.RSDV.GD.ZS","","","","","","","","","","","","","","","","","","","","","","","","","","","","","","","","","","","","","0.87296","0.80679","","","","","","0.32405","0.34903","0.39865","0.40622","0.54557","0.53463","0.52557","0.3665","0.33764","0.34907","0.29783","0.31463","0.30735","0.28005","0.25789","0.25626","0.24145","0.23511","0.23154","0.22959","0.22111","0.21589","",
"Madagascar","MDG","Research and development expenditure (% of GDP)","GB.XPD.RSDV.GD.ZS","","","","","","","","","","","","","","","","","","","","","","","","","","","","","","","","","","","","","","0.18325","0.0938","0.08342","0.10032","0.18175","0.20173","0.2907","0.1926","0.15096","0.14119","0.12091","0.11764","0.13054","0.09903","0.09067","","","0.01321","","0.01264","0.01275","","","","","","","","",
"Maldives","MDV","Research and development expenditure (% of GDP)","GB.XPD.RSDV.GD.ZS","","","","","","","","","","","","","","","","","","","","","","","","","","","","","","","","","","","","","","","","","","","","","","","","","","","","","","","","","","","","","","","","","","",
"Middle East, North Africa, Afghanistan & Pakistan","MEA","Research and development expenditure (% of GDP)","GB.XPD.RSDV.GD.ZS","","","","","","","","","","","","","","","","","","","","","","","","","","","","","","","","","","","","","","","","","","","","","","0.723768521489148","","","","","","","","","","","","","","","","1.32887737497567","","","","",
"Mexico","MEX","Research and development expenditure (% of GDP)","GB.XPD.RSDV.GD.ZS","","","","","","","","","","","","","","","","","","","","","","","","","","","","","","","","","","","","","0.23838","0.26404","0.28519","0.32719","0.29205","0.30815","0.33745","0.37454","0.37053","0.38103","0.35298","0.38039","0.42416","0.45748","0.47353","0.45268","0.40284","0.40806","0.41962","0.41477","0.37601","0.31955","0.29816","0.27629","0.29185","0.27305","0.25727","0.26746","0.25372","",
"Marshall Islands","MHL","Research and development expenditure (% of GDP)","GB.XPD.RSDV.GD.ZS","","","","","","","","","","","","","","","","","","","","","","","","","","","","","","","","","","","","","","","","","","","","","","","","","","","","","","","","","","","","","","","","","","",
"Middle income","MIC","Research and development expenditure (% of GDP)","GB.XPD.RSDV.GD.ZS","","","","","","","","","","","","","","","","","","","","","","","","","","","","","","","","","","","","","","","","","0.615159732427844","0.632647148894026","0.679555082246219","0.731516454091264","0.769236873281497","0.803099127284449","0.845437491030121","0.852283745800425","0.936928270016734","1.00607620070576","1.0885069817118","1.11264628762222","1.2196944641189","1.19603404780204","1.34310508196159","1.35746626069656","1.39282727750303","1.35178304718127","1.43413395493281","1.43186858175855","1.63718773615774","1.85162871790729","1.95110266746545","1.95286788905516","","",
"North Macedonia","MKD","Research and development expenditure (% of GDP)","GB.XPD.RSDV.GD.ZS","","","","","","","","","","","","","","","","","","","","","","","","","","","","","","","","","","","","","","0.35911","0.40842","0.32809","0.41888","0.2931","0.24461","0.21064","0.23237","0.22825","0.19373","0.17093","0.22358","0.19679","0.21634","0.22276","0.32676","0.43894","0.51646","0.44412","0.43585","0.35439","0.36367","0.36783","0.37264","0.37252","0.37372","0.3699","0.37363","",
"Mali","MLI","Research and development expenditure (% of GDP)","GB.XPD.RSDV.GD.ZS","","","","","","","","","","","","","","","","","","","","","","","","","","","","","","","","","","","","","","","","","","","","","","","","0.17325","","","0.47271","","","","","0.26458","","0.24505","","0.13306","","0.14596","","0.14743","","",
"Malta","MLT","Research and development expenditure (% of GDP)","GB.XPD.RSDV.GD.ZS","","","","","","","","","","","","","","","","","","","","","","","","","","","","","","","","","","","","","","","","","","","0.25107","0.23874","0.4892","0.53008","0.58085","0.54654","0.52409","0.50513","0.58346","0.65483","0.79196","0.72644","0.67653","0.69942","0.54032","0.52592","0.54557","0.54851","0.60002","0.59682","0.5745","0.64792","","",
"Myanmar","MMR","Research and development expenditure (% of GDP)","GB.XPD.RSDV.GD.ZS","","","","","","","","","","","","","","","","","","","","","","","","","","","","","","","","","","","","","","0.05985","0.03417","0.04406","0.11306","0.07144","0.16216","","","","","","","","","","","","","","","0.03218","0.05881","0.08341","0.15568","0.12402","0.03519","0.02307","","",
"Middle East, North Africa, Afghanistan & Pakistan (excluding high income)","MNA","Research and development expenditure (% of GDP)","GB.XPD.RSDV.GD.ZS","","","","","","","","","","","","","","","","","","","","","","","","","","","","","","","","","","","","","","","","","","","","","","0.399556830861665","","","","0.323783283861287","","","","","","0.39337321029174","","0.493582619748358","","0.493250414559265","","0.538755837378145","","","","",
"Montenegro","MNE","Research and development expenditure (% of GDP)","GB.XPD.RSDV.GD.ZS","","","","","","","","","","","","","","","","","","","","","","","","","","","","","","","","","","","","","","","","","","","","0.79772","1.01874","0.92443","1.22991","1.14521","","","","0.31485","","0.37431","0.3632","0.374","0.32454","0.34898","0.50374","0.36328","","","","","","",
"Mongolia","MNG","Research and development expenditure (% of GDP)","GB.XPD.RSDV.GD.ZS","","","","","","","","","","","","","","","","","","","","","","","","","","","","","","","","","","","","","","0.16786","0.16643","0.15016","0.18757","0.26749","0.25173","0.2518","0.26777","0.23775","0.19121","0.23827","0.33667","0.30478","0.24438","0.23054","0.23913","0.23246","0.2234","0.1564","0.18346","0.1342","0.10161","0.0927","0.13301","0.10008","0.08365","","","",
"Northern Mariana Islands","MNP","Research and development expenditure (% of GDP)","GB.XPD.RSDV.GD.ZS","","","","","","","","","","","","","","","","","","","","","","","","","","","","","","","","","","","","","","","","","","","","","","","","","","","","","","","","","","","","","","","","","","",
"Mozambique","MOZ","Research and development expenditure (% of GDP)","GB.XPD.RSDV.GD.ZS","","","","","","","","","","","","","","","","","","","","","","","","","","","","","","","","","","","","","","","","","","","0.35598","","","","0.3977","","0.13607","","0.37595","","","","","0.30814","","","","","","","","","","",
"Mauritania","MRT","Research and development expenditure (% of GDP)","GB.XPD.RSDV.GD.ZS","","","","","","","","","","","","","","","","","","","","","","","","","","","","","","","","","","","","","","","","","","","","","","","","","","","","","","","","","","","0.01019","","","","","","","",
"Mauritius","MUS","Research and development expenditure (% of GDP)","GB.XPD.RSDV.GD.ZS","","","","","","","","","","","","","","","","","","","","","","","","","","","","","","","","","","","","","","0.27529","0.25831","0.30596","0.28025","0.35775","0.36317","0.32171","0.36329","0.35574","","","","","","","0.17773","","","","","0.35423","0.33387","0.35699","0.40299","0.36784","0.30879","0.23892","0.26181","",
"Malawi","MWI","Research and development expenditure (% of GDP)","GB.XPD.RSDV.GD.ZS","","","","","","","","","","","","","","","","","","","","","","","","","","","","","","","","","","","","","","","","","","","","","","","","","","","","","","","","","","","","0.17752","","","","","","",
"Malaysia","MYS","Research and development expenditure (% of GDP)","GB.XPD.RSDV.GD.ZS","","","","","","","","","","","","","","","","","","","","","","","","","","","","","","","","","","","","","0.21645","","0.39789","","0.46899","","0.65254","","0.5999","","0.61106","","0.78847","1.01001","1.03608","1.03342","1.09269","","1.26275","1.27945","1.41517","","1.04026","","0.95055","","1.0121","","","",
"North America","NAC","Research and development expenditure (% of GDP)","GB.XPD.RSDV.GD.ZS","","","","","","","","","","","","","","","","","","","","","","","","","","","","","","","","","","","","","2.38902998565091","2.41514747889346","2.44483919399198","2.4913859311694","2.56825283882575","2.59694074452381","2.50999539452395","2.50792073225329","2.44890304019706","2.45811888028042","2.49293854653873","2.54858897664181","2.65916060407432","2.71491693311385","2.62714699305689","2.63912442423792","2.58092161099971","2.59749552332333","2.61556360368098","2.68778930567554","2.75352453100094","2.79036479453057","2.89216041080928","3.03819831011577","3.31029130044039","3.34336470006787","3.3569508936103","3.32735501728451","","",
"Namibia","NAM","Research and development expenditure (% of GDP)","GB.XPD.RSDV.GD.ZS","","","","","","","","","","","","","","","","","","","","","","","","","","","","","","","","","","","","","","","","","","","","","","","","","","","0.13963","","","","0.34986","","","","","","","","0.64636","","","",
"New Caledonia","NCL","Research and development expenditure (% of GDP)","GB.XPD.RSDV.GD.ZS","","","","","","","","","","","","","","","","","","","","","","","","","","","","","","","","","","","","","","","","","","","","","","","","","","","","","","","","","","","","","","","","","","",
"Niger","NER","Research and development expenditure (% of GDP)","GB.XPD.RSDV.GD.ZS","","","","","","","","","","","","","","","","","","","","","","","","","","","","","","","","","","","","","","","","","","","","","","","","","","","","","","","","","","","","","","","","","","",
"Nigeria","NGA","Research and development expenditure (% of GDP)","GB.XPD.RSDV.GD.ZS","","","","","","","","","","","","","","","","","","","","","","","","","","","","","","","","","","","","","","","","","","","","","","","","0.13223","","","","","","","","","","","","0.28444","","","","","","",
"Nicaragua","NIC","Research and development expenditure (% of GDP)","GB.XPD.RSDV.GD.ZS","","","","","","","","","","","","","","","","","","","","","","","","","","","","","","","","","","","","","","0.0651","","","","","0.03493","","","","","","","","","0.08344","0.10449","0.10284","0.08935","0.10742","","","","","","","","","","",
"Netherlands","NLD","Research and development expenditure (% of GDP)","GB.XPD.RSDV.GD.ZS","","","","","","","","","","","","","","","","","","","","","","","","","","","","","","","","","","","","","1.83733","1.84171","1.73966","1.81986","1.78907","1.79214","1.73931","1.77665","1.78132","1.7667","1.73208","1.66063","1.61247","1.65161","1.69388","1.8651","1.90094","2.13953","2.15067","2.11792","2.11546","2.14167","2.1027","2.14036","2.26514","2.21542","2.17529","2.26719","","",
"Norway","NOR","Research and development expenditure (% of GDP)","GB.XPD.RSDV.GD.ZS","","","","","","","","","","","","","","","","","","","","","","","","","","","","","","","","","","","","","","1.5935","","1.60437","","1.56019","1.62644","1.67572","1.53976","1.47715","1.44972","1.55795","1.54556","1.71678","1.6412","1.61714","1.61053","1.64216","1.70369","1.92351","2.03286","2.08168","2.03482","2.13599","2.24436","1.88764","1.55081","1.85142","","",
"Nepal","NPL","Research and development expenditure (% of GDP)","GB.XPD.RSDV.GD.ZS","","","","","","","","","","","","","","","","","","","","","","","","","","","","","","","","","","","","","","","","","","","","","","","","","0.05439","0.25924","0.30221","","","","","","","","","","","","","","","",
"Nauru","NRU","Research and development expenditure (% of GDP)","GB.XPD.RSDV.GD.ZS","","","","","","","","","","","","","","","","","","","","","","","","","","","","","","","","","","","","","","","","","","","","","","","","","","","","","","","","","","","","","","","","","","",
"New Zealand","NZL","Research and development expenditure (% of GDP)","GB.XPD.RSDV.GD.ZS","","","","","","","","","","","","","","","","","","","","","","","","","","","","","","","","","","","","","","1.05649","","0.96387","","1.10029","","1.14891","","1.12043","","1.15764","","1.24916","","1.23083","","1.15275","","1.22707","","1.34788","","1.4642","","1.48604","","1.54848","","",
"OECD members","OED","Research and development expenditure (% of GDP)","GB.XPD.RSDV.GD.ZS","","","","","","","","","","","","","","","","","","","","","","","","","","","","","","","","","","","","","2.10526548293269","2.12738705156932","2.13470101507911","2.20271423155301","2.24621915834745","2.27790246894565","2.22208435474246","2.21451937901625","2.16533926733613","2.17710413315693","2.20140113013815","2.2025381386414","2.28201361754262","2.35854567860961","2.32126537291714","2.34614072315896","2.36455974451767","2.35398351785893","2.43142281914764","2.46125133944572","2.51043341868186","2.53598811696777","2.64055443669157","2.70936776686714","2.91948235220053","2.89422761827735","2.94231137326631","2.93439075279869","","",
"Oman","OMN","Research and development expenditure (% of GDP)","GB.XPD.RSDV.GD.ZS","","","","","","","","","","","","","","","","","","","","","","","","","","","","","","","","","","","","","","","","","","","","","","","","","","","","0.11962","0.18281","0.14854","0.18588","0.21866","0.22691","0.19925","0.19031","0.27255","0.31599","0.29266","0.28711","0.37526","0.38979","",
"Other small states","OSS","Research and development expenditure (% of GDP)","GB.XPD.RSDV.GD.ZS","","","","","","","","","","","","","","","","","","","","","","","","","","","","","","","","","","","","","","","","","","","0.857517603206836","0.850776679750429","0.449446466114021","1.11916677655522","1.31252855578349","1.21945925192866","","","","","","","","","","1.04388247617076","0.99117898805138","1.20286540759596","1.35332602739128","1.42042860813961","1.37990760466746","1.36659113608658","","",
"Pakistan","PAK","Research and development expenditure (% of GDP)","GB.XPD.RSDV.GD.ZS","","","","","","","","","","","","","","","","","","","","","","","","","","","","","","","","","","","","","","0.15565","0.10919","0.1159","0.09536","0.12408","0.16228","","","0.32946","","0.52343","","0.40218","","0.30491","","0.26179","","0.22193","","0.21214","","0.17475","","0.16431","","0.16399","","",
"Panama","PAN","Research and development expenditure (% of GDP)","GB.XPD.RSDV.GD.ZS","","","","","","","","","","","","","","","","","","","","","","","","","","","","","","","","","","","","","0.33279","0.3175","0.28281","0.283","0.37287","0.36808","0.34737","0.32323","0.22516","0.22835","0.22884","0.1782","0.18646","0.12889","0.14075","0.16818","0.07323","0.06028","0.11935","0.10422","0.12829","0.13083","0.13355","0.13613","0.23246","0.17691","0.18302","0.15803","0.19708","",
"Peru","PER","Research and development expenditure (% of GDP)","GB.XPD.RSDV.GD.ZS","","","","","","","","","","","","","","","","","","","","","","","","","","","","","","","","","","","","","","0.0836","0.10072","0.09849","0.11266","0.11096","0.10614","0.10813","0.15578","","","","","","","0.08282","0.0553","0.08174","0.10805","0.11702","0.12008","0.12085","0.12683","0.15696","0.17229","0.13754","0.16206","0.17611","","",
"Philippines","PHL","Research and development expenditure (% of GDP)","GB.XPD.RSDV.GD.ZS","","","","","","","","","","","","","","","","","","","","","","","","","","","","","","","","","","","","","","","","","","","0.13263","0.12527","","0.10692","","0.10498","","0.10901","","0.11222","","0.13207","","0.15683","","","0.32222","0.25926","0.27625","","","","","",
"Palau","PLW","Research and development expenditure (% of GDP)","GB.XPD.RSDV.GD.ZS","","","","","","","","","","","","","","","","","","","","","","","","","","","","","","","","","","","","","","","","","","","","","","","","","","","","","","","","","","","","","","","","","","",
"Papua New Guinea","PNG","Research and development expenditure (% of GDP)","GB.XPD.RSDV.GD.ZS","","","","","","","","","","","","","","","","","","","","","","","","","","","","","","","","","","","","","","","","","","","","","","","","","","","","","","","","","0.03158","","","","","","","","","",
"Poland","POL","Research and development expenditure (% of GDP)","GB.XPD.RSDV.GD.ZS","","","","","","","","","","","","","","","","","","","","","","","","","","","","","","","","","","","","","0.6369","0.641","0.65746","0.67786","0.63806","0.61861","0.55501","0.53626","0.54999","0.56121","0.54899","0.56103","0.59719","0.65932","0.72252","0.74726","0.88476","0.8807","0.9454","0.99807","0.9616","1.03055","1.19426","1.3088","1.37128","1.41558","1.44162","1.55525","","",
"Pre-demographic dividend","PRE","Research and development expenditure (% of GDP)","GB.XPD.RSDV.GD.ZS","","","","","","","","","","","","","","","","","","","","","","","","","","","","","","","","","","","","","","","","","","","","","","","","","","","","","","","","","","","","","","","","","","",
"Puerto Rico (US)","PRI","Research and development expenditure (% of GDP)","GB.XPD.RSDV.GD.ZS","","","","","","","","","","","","","","","","","","","","","","","","","","","","","","","","","","","","","","","","","","","","","","","","","","0.45131","","","","0.43859","","0.42882","","","","","","","","","","",
"Korea, Dem. People's Rep.","PRK","Research and development expenditure (% of GDP)","GB.XPD.RSDV.GD.ZS","","","","","","","","","","","","","","","","","","","","","","","","","","","","","","","","","","","","","","","","","","","","","","","","","","","","","","","","","","","","","","","","","","",
"Portugal","PRT","Research and development expenditure (% of GDP)","GB.XPD.RSDV.GD.ZS","","","","","","","","","","","","","","","","","","","","","","","","","","","","","","","","","","","","","0.5495","0.56374","0.62486","0.68121","0.72156","0.76482","0.72184","0.69802","0.7293","0.75755","0.95448","1.12417","1.44335","1.58002","1.53317","1.45558","1.37661","1.32325","1.28892","1.24552","1.2815","1.32224","1.35078","1.39487","1.60979","1.66711","1.69051","1.69491","","",
"Paraguay","PRY","Research and development expenditure (% of GDP)","GB.XPD.RSDV.GD.ZS","","","","","","","","","","","","","","","","","","","","","","","","","","","","","","","","","","","","","","","","","","0.06699","0.07493","0.06135","0.06066","0.06091","","","0.04113","","","0.04216","0.06517","0.07163","0.07901","0.09674","0.11676","0.14888","0.14684","0.13751","0.15697","0.14398","0.11944","0.14117","","",
"West Bank and Gaza","PSE","Research and development expenditure (% of GDP)","GB.XPD.RSDV.GD.ZS","","","","","","","","","","","","","","","","","","","","","","","","","","","","","","","","","","","","","","","","","","","","","","","","0.19723","0.14914","0.35646","0.36156","","","0.45434","","","","","","","","","","","","",
"Pacific island small states","PSS","Research and development expenditure (% of GDP)","GB.XPD.RSDV.GD.ZS","","","","","","","","","","","","","","","","","","","","","","","","","","","","","","","","","","","","","","","","","","","","","","","","","","","","","","","","","","","","","","","","","","",
"Post-demographic dividend","PST","Research and development expenditure (% of GDP)","GB.XPD.RSDV.GD.ZS","","","","","","","","","","","","","","","","","","","","","","","","","","","","","","","","","","","","","2.16202439244706","2.19097859193762","2.19379735325728","2.26088721724784","2.31961096604645","2.3517442368539","2.29570812575103","2.28384918363542","2.2343917279891","2.25414106105663","2.28354220943801","2.29611504229614","2.37889719617595","2.4458723833045","2.4160634204027","2.444440037067","2.46521683370531","2.45544899036706","2.53974740010783","2.55813343457579","2.60341427284485","2.62454254829446","2.73396900584431","2.79305741904112","3.00978778780676","2.97151446683273","3.02511266035915","3.02512839178151","","",
"French Polynesia","PYF","Research and development expenditure (% of GDP)","GB.XPD.RSDV.GD.ZS","","","","","","","","","","","","","","","","","","","","","","","","","","","","","","","","","","","","","","","","","","","","","","","","","","","","","","","","","","","","","","","","","","",
"Qatar","QAT","Research and development expenditure (% of GDP)","GB.XPD.RSDV.GD.ZS","","","","","","","","","","","","","","","","","","","","","","","","","","","","","","","","","","","","","","","","","","","","","","","","","","","","","0.4786","","","0.51883","","","0.53129","","","0.68058","","","","",
"Romania","ROU","Research and development expenditure (% of GDP)","GB.XPD.RSDV.GD.ZS","","","","","","","","","","","","","","","","","","","","","","","","","","","","","","","","","","","","","0.67472","0.57451","0.49541","0.39832","0.36626","0.39129","0.37721","0.39708","0.38942","0.41262","0.45682","0.51148","0.55215","0.44393","0.44657","0.47457","0.46244","0.39022","0.38207","0.48796","0.48863","0.50693","0.49698","0.47491","0.46414","0.47108","0.46274","0.51656","","",
"Russian Federation","RUS","Research and development expenditure (% of GDP)","GB.XPD.RSDV.GD.ZS","","","","","","","","","","","","","","","","","","","","","","","","","","","","","","","","","","","","","0.96591","1.04374","0.95383","0.99623","1.04983","1.17694","1.24652","1.28604","1.15133","1.06797","1.07294","1.11611","1.04435","1.25192","1.1302","1.01545","1.02766","1.02732","1.07241","1.10085","1.10238","1.10967","0.99001","1.03531","1.09099","0.96602","0.91494","0.93518","0.93706","",
"Rwanda","RWA","Research and development expenditure (% of GDP)","GB.XPD.RSDV.GD.ZS","","","","","","","","","","","","","","","","","","","","","","","","","","","","","","","","","","","","","","","","","","","","","","","","","","","","","","","","","0.64945","","","0.75853","","","","0.78149","","",
"South Asia","SAS","Research and development expenditure (% of GDP)","GB.XPD.RSDV.GD.ZS","","","","","","","","","","","","","","","","","","","","","","","","","","","","","","","","","","","","","0.623488631237301","0.68669","0.70378","0.72413","0.736011405769646","0.73591","0.72567","0.71929","0.740626265197392","0.82411","0.78632736913797","0.80507","0.826499370275791","0.827694335291312","0.762064289662439","0.75502","0.74399","0.682172287887328","0.678025269824795","0.670154902767671","0.649546154608078","0.647201451866441","0.64176002005904","0.65942","0.629398082170943","","","","","",
"Saudi Arabia","SAU","Research and development expenditure (% of GDP)","GB.XPD.RSDV.GD.ZS","","","","","","","","","","","","","","","","","","","","","","","","","","","","","","","","","","","","","","","","","","","","0.06233","0.05315","0.0423","0.04245","0.04521","0.04902","0.07338","0.884","0.88541","0.85824","0.79069","","","","","","","0.47618","0.39379","0.41439","0.49487","0.63522","",
"Sudan","SDN","Research and development expenditure (% of GDP)","GB.XPD.RSDV.GD.ZS","","","","","","","","","","","","","","","","","","","","","","","","","","","","","","","","","","","","","","","","0.53007","0.47277","0.37483","0.32247","0.2808","0.23825","0.225","","","","","","","","","","","","","","","","","","","","",
"Senegal","SEN","Research and development expenditure (% of GDP)","GB.XPD.RSDV.GD.ZS","","","","","","","","","","","","","","","","","","","","","","","","","","","","","","","","","","","","","","","","","","","","","","","","","0.29374","","0.4343","","","","","0.5772","","","","","","","","","","",
"Singapore","SGP","Research and development expenditure (% of GDP)","GB.XPD.RSDV.GD.ZS","","","","","","","","","","","","","","","","","","","","","","","","","","","","","","","","","","","","","1.31991","1.41565","1.73708","1.81624","1.81699","2.0093","2.03282","1.99679","2.07859","2.14806","2.11656","2.31986","2.59673","2.1279","1.92918","2.06955","1.91833","1.92104","2.08228","2.17445","2.06892","1.89683","1.80836","1.88845","2.15983","1.93761","1.80821","","","",
"Solomon Islands","SLB","Research and development expenditure (% of GDP)","GB.XPD.RSDV.GD.ZS","","","","","","","","","","","","","","","","","","","","","","","","","","","","","","","","","","","","","","","","","","","","","","","","","","","","","","","","","","","","","","","","","","",
"Sierra Leone","SLE","Research and development expenditure (% of GDP)","GB.XPD.RSDV.GD.ZS","","","","","","","","","","","","","","","","","","","","","","","","","","","","","","","","","","","","","","","","","","","","","","","","","","","","","","","","","","","","","","","","","","",
"El Salvador","SLV","Research and development expenditure (% of GDP)","GB.XPD.RSDV.GD.ZS","","","","","","","","","","","","","","","","","","","","","","","","","","","","","","","","","","","","","","","0.08818","","","","","","","","","0.1056","0.13399","0.0909","0.07806","0.0355","0.03397","0.06387","0.09377","0.14348","0.14493","0.18078","0.16531","0.17477","0.16299","0.16252","0.14333","0.10152","","",
"San Marino","SMR","Research and development expenditure (% of GDP)","GB.XPD.RSDV.GD.ZS","","","","","","","","","","","","","","","","","","","","","","","","","","","","","","","","","","","","","","","","","","","","","","","","","","","","","","","","","","","","","","","","","","",
"Somalia, Fed. Rep.","SOM","Research and development expenditure (% of GDP)","GB.XPD.RSDV.GD.ZS","","","","","","","","","","","","","","","","","","","","","","","","","","","","","","","","","","","","","","","","","","","","","","","","","","","","","","","","","","","","","","","","","","",
"Serbia","SRB","Research and development expenditure (% of GDP)","GB.XPD.RSDV.GD.ZS","","","","","","","","","","","","","","","","","","","","","","","","","","","","","","","","","","","","","","0.67058","0.69758","0.87925","0.80171","0.28973","0.6108","0.46825","0.28194","0.38621","0.42907","0.55664","0.64463","0.78609","0.67458","0.65677","0.81922","0.65574","0.69287","0.77867","0.80779","0.83834","0.88154","0.84798","0.86478","0.94784","0.91938","0.87816","0.93978","",
"Sub-Saharan Africa (excluding high income)","SSA","Research and development expenditure (% of GDP)","GB.XPD.RSDV.GD.ZS","","","","","","","","","","","","","","","","","","","","","","","","","","","","","","","","","","","","","","","","","","","","","","","","0.442468713514599","","","","","","","","","","","","","","","","","","",
"South Sudan","SSD","Research and development expenditure (% of GDP)","GB.XPD.RSDV.GD.ZS","","","","","","","","","","","","","","","","","","","","","","","","","","","","","","","","","","","","","","","","","","","","","","","","","","","","","","","","","","","","","","","","","","",
"Sub-Saharan Africa","SSF","Research and development expenditure (% of GDP)","GB.XPD.RSDV.GD.ZS","","","","","","","","","","","","","","","","","","","","","","","","","","","","","","","","","","","","","","","","","","","","","","","","0.442468713514599","","","","","","","","","","","","","","","","","","",
"Small states","SST","Research and development expenditure (% of GDP)","GB.XPD.RSDV.GD.ZS","","","","","","","","","","","","","","","","","","","","","","","","","","","","","","","","","","","","","","","","","","","","0.728870052377194","","","","","","","","","","","","","","","0.853701889474843","","","","","","","",
"Sao Tome and Principe","STP","Research and development expenditure (% of GDP)","GB.XPD.RSDV.GD.ZS","","","","","","","","","","","","","","","","","","","","","","","","","","","","","","","","","","","","","","","","","","","","","","","","","","","","","","","","","","","","","","","","","","",
"Suriname","SUR","Research and development expenditure (% of GDP)","GB.XPD.RSDV.GD.ZS","","","","","","","","","","","","","","","","","","","","","","","","","","","","","","","","","","","","","","","","","","","","","","","","","","","","","","","","","","","","","","","","","","",
"Slovak Republic","SVK","Research and development expenditure (% of GDP)","GB.XPD.RSDV.GD.ZS","","","","","","","","","","","","","","","","","","","","","","","","","","","","","","","","","","","","","0.88102","1.04585","0.76234","0.64406","0.63865","0.62571","0.564","0.56511","0.50263","0.49537","0.47498","0.44734","0.4616","0.47302","0.60583","0.65398","0.79377","0.8184","0.87462","1.15366","0.78513","0.88153","0.83184","0.82138","0.88944","0.90093","0.97686","1.03359","","",
"Slovenia","SVN","Research and development expenditure (% of GDP)","GB.XPD.RSDV.GD.ZS","","","","","","","","","","","","","","","","","","","","","","","","","","","","","","","","","","","","","1.26688","1.24861","1.31033","1.34289","1.36862","1.4824","1.46036","1.25957","1.38062","1.42797","1.54569","1.43261","1.63465","1.83331","2.06914","2.4311","2.58339","2.59426","2.38854","2.21611","2.02922","1.88219","1.96365","2.05725","2.15559","2.13847","2.1","2.13385","","",
"Sweden","SWE","Research and development expenditure (% of GDP)","GB.XPD.RSDV.GD.ZS","","","","","","","","","","","","","","","","","","","","","","","","","","","","","","","","","","","","","","3.27265","","3.37825","","3.87215","","3.5823","3.36628","3.3641","3.47963","3.24176","3.49083","3.41266","3.18756","3.20686","3.24636","3.27557","3.12457","3.24088","3.25643","3.39374","3.34602","3.39847","3.50181","3.41565","3.47239","3.59978","","",
"Eswatini","SWZ","Research and development expenditure (% of GDP)","GB.XPD.RSDV.GD.ZS","","","","","","","","","","","","","","","","","","","","","","","","","","","","","","","","","","","","","","","","","","","","","","","","","","","","","","","","0.27807","","","","","","","","","","",
"Sint Maarten (Dutch part)","SXM","Research and development expenditure (% of GDP)","GB.XPD.RSDV.GD.ZS","","","","","","","","","","","","","","","","","","","","","","","","","","","","","","","","","","","","","","","","","","","","","","","","","","","","","","","","","","","","","","","","","","",
"Seychelles","SYC","Research and development expenditure (% of GDP)","GB.XPD.RSDV.GD.ZS","","","","","","","","","","","","","","","","","","","","","","","","","","","","","","","","","","","","","","","","","","0.39968","0.3826","0.38707","0.32574","0.28393","","","","","","","","","","","0.2017","","","","","","","","","",
"Syrian Arab Republic","SYR","Research and development expenditure (% of GDP)","GB.XPD.RSDV.GD.ZS","","","","","","","","","","","","","","","","","","","","","","","","","","","","","","","","","","","","","","","","","","","","","","","","","","","","","","","","0.01942","","","","","","","0.04217","","","",
"Turks and Caicos Islands","TCA","Research and development expenditure (% of GDP)","GB.XPD.RSDV.GD.ZS","","","","","","","","","","","","","","","","","","","","","","","","","","","","","","","","","","","","","","","","","","","","","","","","","","","","","","","","","","","","","","","","","","",
"Chad","TCD","Research and development expenditure (% of GDP)","GB.XPD.RSDV.GD.ZS","","","","","","","","","","","","","","","","","","","","","","","","","","","","","","","","","","","","","","","","","","","","","","","","","","","","","","","","","0.23294","","","","","","","","","",
"East Asia & Pacific (IDA & IBRD countries)","TEA","Research and development expenditure (% of GDP)","GB.XPD.RSDV.GD.ZS","","","","","","","","","","","","","","","","","","","","","","","","","","","","","","","","","","","","","0.460024805480053","0.560601146769203","0.622093409712827","0.68714004253487","0.722183945753278","0.789926278334075","0.899560875386689","0.991672504944057","1.09127312539587","1.16299926803795","1.2323368827159","1.22844908069114","1.32549350236945","1.38091860941462","1.6573354928432","1.5918170884932","1.85116850389039","1.6819873872822","1.90789568520804","1.87217417493176","1.87088501634354","1.87006122731623","1.88271981025066","1.95159268838599","2.11819098023791","2.30357679372756","2.41879972397241","2.47582029067574","","",
"Europe & Central Asia (IDA & IBRD countries)","TEC","Research and development expenditure (% of GDP)","GB.XPD.RSDV.GD.ZS","","","","","","","","","","","","","","","","","","","","","","","","","","","","","","","","","","","","","0.733647327727587","0.777100960706311","0.650630641350442","0.676455288276437","0.695753116263651","0.775475145797565","0.786369092159285","0.785176750060116","0.758884448761341","0.749885726257765","0.756156434581896","0.809569692825588","0.790089119097277","0.887348395541812","0.852646127041152","0.814193621082567","0.84688472495892","0.833029484110431","0.857834097660022","0.880670374935927","0.915249173262369","0.944309610200855","0.93200573035798","0.968313707742464","1.00845409233774","0.966865197619736","0.928838565644767","0.993324007184082","","",
"Togo","TGO","Research and development expenditure (% of GDP)","GB.XPD.RSDV.GD.ZS","","","","","","","","","","","","","","","","","","","","","","","","","","","","","","","","","","","","","","","","","","","","","","","","","","","0.16962","","0.15973","","0.19074","","","","","","","","","","0.22229","",
"Thailand","THA","Research and development expenditure (% of GDP)","GB.XPD.RSDV.GD.ZS","","","","","","","","","","","","","","","","","","","","","","","","","","","","","","","","","","","","","0.11918","0.10214","","0.24836","0.24471","0.25231","0.23055","0.24534","0.23828","0.21889","0.23271","0.2008","0.20331","0.23455","","0.36146","","0.44163","0.47988","0.61609","0.77829","1.00165","1.11375","1.14317","1.32818","1.20822","1.15902","0.93628","","",
"Tajikistan","TJK","Research and development expenditure (% of GDP)","GB.XPD.RSDV.GD.ZS","","","","","","","","","","","","","","","","","","","","","","","","","","","","","","","","","","","","","","","","","","0.08953","0.07068","0.06885","0.06697","0.0957","0.10732","0.06778","0.06983","0.08577","0.08914","0.12148","0.11432","0.11851","0.11624","0.1034","0.10622","0.10957","0.09401","0.09367","0.08969","","","","","",
"Turkmenistan","TKM","Research and development expenditure (% of GDP)","GB.XPD.RSDV.GD.ZS","","","","","","","","","","","","","","","","","","","","","","","","","","","","","","","","","","","","","","","","","","","","","","","","","","","","","","","","0.11","0.16","0.09","0.08","0.11","0.13","0.1","0.14","0.09","","",
"Latin America & the Caribbean (IDA & IBRD countries)","TLA","Research and development expenditure (% of GDP)","GB.XPD.RSDV.GD.ZS","","","","","","","","","","","","","","","","","","","","","","","","","","","","","","","","","","","","","","","","","0.55901999067423","0.530626577704823","0.515429052438189","0.551649594638023","0.55603974159638","0.584073293124665","0.58536053179378","0.622687514800935","0.668231615752068","0.699144542842875","0.734198967308324","0.713057309586719","0.683877003969143","0.720821623162584","0.757922274757321","0.741071136453956","0.694354703019606","0.651330024451738","0.640235962347604","0.627601765260088","0.647968615418545","0.617603270264567","0.657401382768952","0.682681546543488","","",
"Timor-Leste","TLS","Research and development expenditure (% of GDP)","GB.XPD.RSDV.GD.ZS","","","","","","","","","","","","","","","","","","","","","","","","","","","","","","","","","","","","","","","","","","","","","","","","","","","","","","","","","","","","","","","","","","",
"Middle East, North Africa, Afghanistan & Pakistan (IDA & IBRD)","TMN","Research and development expenditure (% of GDP)","GB.XPD.RSDV.GD.ZS","","","","","","","","","","","","","","","","","","","","","","","","","","","","","","","","","","","","","","","","","","","","","","0.399556830861665","","","","0.323503886504332","","","","","","0.39337321029174","","0.493582619748358","","0.493250414559265","","0.538755837378145","","","","",
"Tonga","TON","Research and development expenditure (% of GDP)","GB.XPD.RSDV.GD.ZS","","","","","","","","","","","","","","","","","","","","","","","","","","","","","","","","","","","","","","","","","","","","","","","","","","","","","","","","","","","","","","","","","","",
"South Asia (IDA & IBRD)","TSA","Research and development expenditure (% of GDP)","GB.XPD.RSDV.GD.ZS","","","","","","","","","","","","","","","","","","","","","","","","","","","","","","","","","","","","","0.623488631237301","0.68669","0.70378","0.72413","0.736011405769646","0.73591","0.72567","0.71929","0.740626265197392","0.82411","0.78632736913797","0.80507","0.826499370275792","0.827694335291312","0.762064289662439","0.75502","0.74399","0.682172287887328","0.678025269824795","0.670154902767671","0.649546154608078","0.647201451866441","0.64176002005904","0.65942","0.629398082170943","","","","","",
"Sub-Saharan Africa (IDA & IBRD countries)","TSS","Research and development expenditure (% of GDP)","GB.XPD.RSDV.GD.ZS","","","","","","","","","","","","","","","","","","","","","","","","","","","","","","","","","","","","","","","","","","","","","","","","0.442468713514599","","","","","","","","","","","","","","","","","","",
"Trinidad and Tobago","TTO","Research and development expenditure (% of GDP)","GB.XPD.RSDV.GD.ZS","","","","","","","","","","","","","","","","","","","","","","","","","","","","","","","","","","","","","0.10325","0.11553","0.12715","0.12292","0.108","0.10417","0.13178","0.11501","0.11441","0.11431","0.07233","0.05922","0.03072","0.05665","0.04771","0.04024","0.04155","0.0541","0.07657","0.08051","0.08662","0.08587","0.08371","0.06007","0.06455","0.05445","0.05039","","","",
"Tunisia","TUN","Research and development expenditure (% of GDP)","GB.XPD.RSDV.GD.ZS","","","","","","","","","","","","","","","","","","","","","","","","","","","","","","","","","","","","","","","","","","","0.54302","0.65044","0.73095","0.71195","0.67729","0.6654","0.63933","0.70644","0.65806","0.67458","0.64937","0.637","0.61988","0.59413","0.56539","0.69953","0.71645","0.74658","","","","","","",
"Turkiye","TUR","Research and development expenditure (% of GDP)","GB.XPD.RSDV.GD.ZS","","","","","","","","","","","","","","","","","","","","","","","","","","","","","","","","","","","","","0.45159","0.49168","0.36198","0.45557","0.46558","0.52247","0.50904","0.46532","0.49713","0.56381","0.55292","0.68616","0.68741","0.80363","0.79369","0.79393","0.82595","0.81206","0.8564","0.96732","1.11979","1.17632","1.27093","1.3196","1.36748","1.40209","1.32342","1.42224","","",
"Tuvalu","TUV","Research and development expenditure (% of GDP)","GB.XPD.RSDV.GD.ZS","","","","","","","","","","","","","","","","","","","","","","","","","","","","","","","","","","","","","","","","","","","","","","","","","","","","","","","","","","","","","","","","","","",
"Tanzania","TZA","Research and development expenditure (% of GDP)","GB.XPD.RSDV.GD.ZS","","","","","","","","","","","","","","","","","","","","","","","","","","","","","","","","","","","","","","","","","","","","","","","","0.33462","","","0.37307","","","0.51456","","","","","","","","","","","","",
"Uganda","UGA","Research and development expenditure (% of GDP)","GB.XPD.RSDV.GD.ZS","","","","","","","","","","","","","","","","","","","","","","","","","","","","","","","","","","","","","","","","","","","0.36756","0.25612","0.26056","0.21514","0.30033","0.38821","0.32632","0.25547","0.3599","","","","0.14265","","","","","","","","","0.4383","","",
"Ukraine","UKR","Research and development expenditure (% of GDP)","GB.XPD.RSDV.GD.ZS","","","","","","","","","","","","","","","","","","","","","","","","","","","","","","","","","","","","","","1.1923","1.06993","0.96968","0.92904","0.98944","0.96269","1.07166","1.04392","0.99518","0.91403","0.81869","0.80991","0.82596","0.80278","0.7109","0.72363","0.733","0.65034","0.61477","0.48339","0.44878","0.47113","0.43384","0.40318","0.38478","0.32673","0.32209","0.36988","",
"Upper middle income","UMC","Research and development expenditure (% of GDP)","GB.XPD.RSDV.GD.ZS","","","","","","","","","","","","","","","","","","","","","","","","","","","","","","","","","","","","","","","","","0.626297868184785","0.637158882331134","0.69618491642886","0.739507256189264","0.782378484891279","0.837010491445823","0.878447790171953","0.923283072508603","0.982482310738092","1.07335622778343","1.18332547430808","1.19980175988041","1.31359741622615","1.28448424004828","1.44558537731462","1.47254913257101","1.50912401852283","1.47566979445011","1.54528453023653","1.59658562157875","1.77593057997441","1.90425559778497","1.98875081975164","2.00770643673343","","",
"Uruguay","URY","Research and development expenditure (% of GDP)","GB.XPD.RSDV.GD.ZS","","","","","","","","","","","","","","","","","","","","","","","","","","","","","","","","","","","","","0.26501","0.34994","0.19186","0.22417","0.20925","","0.23818","","","0.46031","0.36385","0.42159","0.37442","0.40239","0.32882","0.32962","0.30808","0.29118","0.31707","0.35109","0.37391","0.44052","0.50484","0.56805","0.67606","0.61467","0.62206","0.70196","","",
"United States","USA","Research and development expenditure (% of GDP)","GB.XPD.RSDV.GD.ZS","","","","","","","","","","","","","","","","","","","","","","","","","","","","","","","","","","","","","2.45013","2.47714","2.49621","2.54362","2.61982","2.63715","2.54746","2.55014","2.48685","2.50192","2.54545","2.61516","2.74481","2.7918","2.71443","2.73803","2.67272","2.69591","2.70882","2.77328","2.83677","2.88315","2.98956","3.14297","3.41788","3.4689","3.48736","3.44716","","",
"Uzbekistan","UZB","Research and development expenditure (% of GDP)","GB.XPD.RSDV.GD.ZS","","","","","","","","","","","","","","","","","","","","","","","","","","","","","","","","","","","","","","","","","0.36063","0.34544","0.29356","0.26825","0.27041","0.23741","0.22395","0.21721","0.19354","0.20315","0.1543","0.14877","0.15512","0.155","0.15335","0.16497","0.17238","0.13212","0.11164","0.10128","0.12554","0.11843","0.14297","0.11093","0.10416","",
"St. Vincent and the Grenadines","VCT","Research and development expenditure (% of GDP)","GB.XPD.RSDV.GD.ZS","","","","","","","","","","","","","","","","","","","","","","","","","","","","","","","","","","","","","","","","","","0.04008","0.1139","","","","","","","","","","","","","","","","","","","","","","","",
"Venezuela, RB","VEN","Research and development expenditure (% of GDP)","GB.XPD.RSDV.GD.ZS","","","","","","","","","","","","","","","","","","","","","","","","","","","","","","","","","","","","","","","","","","","","","","0.18907","0.31742","0.2011","0.23803","0.24014","0.18823","0.15296","0.2501","0.31853","0.33713","","","","","","","","","","","",
"British Virgin Islands","VGB","Research and development expenditure (% of GDP)","GB.XPD.RSDV.GD.ZS","","","","","","","","","","","","","","","","","","","","","","","","","","","","","","","","","","","","","","","","","","","","","","","","","","","","","","","","","","","","","","","","","","",
"Virgin Islands (U.S.)","VIR","Research and development expenditure (% of GDP)","GB.XPD.RSDV.GD.ZS","","","","","","","","","","","","","","","","","","","","","","","","","","","","","","","","","","","","","","","","","","","0.06617","0.03776","0.03424","0.02936","0.03122","0.02717","","","","","","","","","","","","","","","","","","",
"Viet Nam","VNM","Research and development expenditure (% of GDP)","GB.XPD.RSDV.GD.ZS","","","","","","","","","","","","","","","","","","","","","","","","","","","","","","","","","","","","","","","","","","","0.19273","","","","","","","","","0.14955","","0.29932","","0.35629","","0.41895","","0.41652","","0.42494","","0.41456","","",
"Vanuatu","VUT","Research and development expenditure (% of GDP)","GB.XPD.RSDV.GD.ZS","","","","","","","","","","","","","","","","","","","","","","","","","","","","","","","","","","","","","","","","","","","","","","","","","","","","","","","","","","","","","","","","","","",
"World","WLD","Research and development expenditure (% of GDP)","GB.XPD.RSDV.GD.ZS","","","","","","","","","","","","","","","","","","","","","","","","","","","","","","","","","","","","","1.96493893801616","1.9626668481595","1.97178662319723","2.04650060133132","2.04500045332699","2.06218411545921","2.02635273484562","2.01586800611062","1.96742558956221","1.94742294314691","1.95948046250741","1.92478790620051","1.97782056990498","2.01385351337703","1.99889242984883","1.98165761122278","2.01288483345794","1.975191691907","2.08659703677765","2.10431830423067","2.14865606825884","2.14199917077902","2.21817463707231","2.26339308318271","2.45606936077903","2.5227995854217","2.5711591602204","2.59737836465431","","",
"Samoa","WSM","Research and development expenditure (% of GDP)","GB.XPD.RSDV.GD.ZS","","","","","","","","","","","","","","","","","","","","","","","","","","","","","","","","","","","","","","","","","","","","","","","","","","","","","","","","","","","","","","","","","","",
"Kosovo","XKX","Research and development expenditure (% of GDP)","GB.XPD.RSDV.GD.ZS","","","","","","","","","","","","","","","","","","","","","","","","","","","","","","","","","","","","","","","","","","","","","","","","","","","","","","","","","","","","","","","","","","",
"Yemen, Rep.","YEM","Research and development expenditure (% of GDP)","GB.XPD.RSDV.GD.ZS","","","","","","","","","","","","","","","","","","","","","","","","","","","","","","","","","","","","","","","","","","","","","","","","","","","","","","","","","","","","","","","","","","",
"South Africa","ZAF","Research and development expenditure (% of GDP)","GB.XPD.RSDV.GD.ZS","","","","","","","","","","","","","","","","","","","","","","","","","","","","","","","","","","","","","","0.52694","","","","0.64224","","0.6765","0.72681","0.77024","0.80291","0.79364","0.80567","0.74993","0.66284","0.66753","0.66934","0.6633","0.70987","0.73147","0.74992","0.76257","0.68586","0.61304","0.60296","0.6139","0.61479","","","",
"Zambia","ZMB","Research and development expenditure (% of GDP)","GB.XPD.RSDV.GD.ZS","","","","","","","","","","","","","","","","","","","","","","","","","","","","","","","","","","","","","0.01104","0.00737","","","","","0.00544","0.00847","0.02223","0.02493","","","0.27819","","","","","","","","","","","","","","","","","",
"Zimbabwe","ZWE","Research and development expenditure (% of GDP)","GB.XPD.RSDV.GD.ZS","","","","","","","","","","","","","","","","","","","","","","","","","","","","","","","","","","","","","","","","","","","","","","","","","","","","","","","","","","","","","","","","","","",
