"Data Source","World Development Indicators",

"Last Updated Date","2026-07-13",

"Country Name","Country Code","Indicator Name","Indicator Code","1960","1961","1962","1963","1964","1965","1966","1967","1968","1969","1970","1971","1972","1973","1974","1975","1976","1977","1978","1979","1980","1981","1982","1983","1984","1985","1986","1987","1988","1989","1990","1991","1992","1993","1994","1995","1996","1997","1998","1999","2000","2001","2002","2003","2004","2005","2006","2007","2008","2009","2010","2011","2012","2013","2014","2015","2016","2017","2018","2019","2020","2021","2022","2023","2024","2025",
"Aruba","ABW","Gross capital formation (% of GDP)","NE.GDI.TOTL.ZS","","","","","","","","","","","","","","","","","","","","","","","","","","","","","","","","","","","","31.1336717428088","28.4615384615385","30.2334062727936","31.7007715531701","30.8690012970169","25.4941135775374","23.9991775312859","26.629979781872","28.8817040907799","28.4513918843887","33.160442199198","34.5191296544988","31.746651038248","32.1030557196345","29.6421797785745","28.2831797071863","27.4166371579459","23.5225068320821","23.825859897396","23.1114410000278","21.538867068293","20.5749571545811","20.5511714864529","22.4017184437014","22.611387828686","23.9310901158451","20.2580852591336","19.643757329474","18.3808626720902","25.7457063450048","",
"Africa Eastern and Southern","AFE","Gross capital formation (% of GDP)","NE.GDI.TOTL.ZS","","","","","","","","","","","","","","","","","","","","","","","","","","","","","","","","","","","19.6124750586942","19.8000089558293","19.1899032666154","18.0142182975772","19.4960540365684","19.0583407651532","19.1515492152971","18.4252071648693","17.8245165473664","18.4567751868605","19.9060495158955","19.6155002997092","20.3841303400989","21.4828789568832","23.8690383090801","23.6153540357604","21.5855152221464","22.5831872562448","23.2823799975498","23.746915154508","24.3007098274719","23.4739056966484","22.0204409767615","22.0009047803993","21.7808662127609","21.7712033478383","19.5119486028044","19.6430557879755","20.4602088639754","19.8439885640593","18.5096855776108","18.192574724704",
"Afghanistan","AFG","Gross capital formation (% of GDP)","NE.GDI.TOTL.ZS","","","","","","","","","","","","","","","","","","","","","","","","","","","","","","","","","","","","","","","","","","","","","","","","","","","","","","","","","","","","","11.5","13","16.7","15.2924823859473","17.0868898068985","",
"Africa Western and Central","AFW","Gross capital formation (% of GDP)","NE.GDI.TOTL.ZS","","","","","","","","","","","","","","","","","","","","","","","","","","","","","","","","","","","","","","","","","","","","","","","","","","","","","","","","","","","","","","","","","","",
"Angola","AGO","Gross capital formation (% of GDP)","NE.GDI.TOTL.ZS","","","","","","","","","","","","","","","","","","","","","","","","","","0","0","0","0","0","0","","","","","","","","","","","","29.7741669108793","29.8069552749919","32.7033343290724","28.013994896608","24.1285215638157","26.8723206787925","31.0476642799695","42.1126629947993","29.7638327938358","27.3662454532289","27.968561401116","26.9937630527719","28.8734781931353","29.1086095938024","29.6920729502549","28.7560301666038","23.9346610105943","24.5361609250318","19.7582446469097","16.2456410230343","14.5062482098448","12.4388656074311","10.6377456764616","",
"Albania","ALB","Gross capital formation (% of GDP)","NE.GDI.TOTL.ZS","","","","","","","","","","","","","","","","","","","","","35.805834723522","36.3861156517659","39.2829001338862","37.373346292896","32.9255350791543","33.9319591391124","32.0348354243886","29.4538695223043","29.957542067619","32.8770715994479","30.360946807547","7.60311109567282","5.65668410228241","13.6761374504386","18.8965848987739","16.4271239839877","21.1475152669262","19.7587807672594","22.7895725962923","24.2715109633495","34.0401392244169","38.2280453184166","38.5753358181086","36.7221284326025","36.3319472329288","38.3843892451909","37.3389564722485","35.6688758642439","33.3056707670518","32.4404588015772","32.4926226328977","33.8376091539876","29.7150278852687","29.0566378899977","28.3047822758213","27.8134648405134","26.814346013014","27.657593194662","27.1252994132038","25.2875256073276","26.2183472454095","28.6722669213413","26.8023654741294","23.4392861436214","24.9514965978049","",
"Andorra","AND","Gross capital formation (% of GDP)","NE.GDI.TOTL.ZS","","","","","","","","","","","","","","","","","","","","","","","","","","","","","","","","","","","","","","","","","","","","","","","","","","","","","","","","","","","","","","","","","","",
"Arab World","ARB","Gross capital formation (% of GDP)","NE.GDI.TOTL.ZS","","","","","","","","","17.7030041166994","17.643736287116","19.3769450616055","18.5107505900642","18.0428519763848","10.8413616475231","24.990720981619","23.2124151361185","27.0597417802726","27.981052427321","30.8064429124484","26.3699409959679","24.8310468707493","27.090005402062","30.331514437927","28.4308627143971","27.8569884475312","24.4250450512952","24.2112785186203","21.4498997797401","22.4629704686715","17.8238175715233","29.8701725079057","21.5563384273229","23.0073391661462","23.4232730715486","22.162608051818","22.191320479105","20.9468008247418","18.7830037227369","22.265456868992","21.8767543726027","19.9655089974924","21.6044564914015","21.1180558659807","21.388340821682","21.6471957063333","21.5385724160708","22.6852343026859","25.4923266734919","26.3362856268755","28.1483512979712","26.7007189107015","24.185036054576","23.6069053058278","24.4573860524472","25.3746994550831","27.0574353142992","26.6437559744701","25.9307017837508","24.9853236934844","25.979418566823","24.173983629953","24.7576928686132","24.7992811189169","26.0419090539278","26.3984966689811","",
"United Arab Emirates","ARE","Gross capital formation (% of GDP)","NE.GDI.TOTL.ZS","","","","","","","","","","","","","","","","","","","","","","","","","","","","","","","","","","","","","","","","","","22.5025990615233","22.5457042216584","22.12974081645","19.9785353271834","20.1668488070303","19.2704004545817","25.199181321379","25.0980915436418","31.6335487626395","28.9193120278212","24.7738344997906","23.4214180776536","21.1407306481068","22.1222043524869","21.6431987527735","20.9292470909093","20.6035924667325","21.1611360615772","23.1853277033332","22.8266628121979","25.3830113301618","26.0584868811112","26.6386668902392","","",
"Argentina","ARG","Gross capital formation (% of GDP)","NE.GDI.TOTL.ZS","23.4792342590099","27.7664470644615","21.7309350217721","18.2728788276194","21.4739126232485","22.4276757468008","20.5425466290179","21.2150357873283","21.6904972921362","23.9906052021963","24.4400952475051","24.1130324177909","23.8915446190398","20.8938115320811","22.2603317856376","29.4410469590453","30.7294395896829","30.9416888038212","27.8001595713111","25.8567694620944","25.257786289888","22.6910887215618","21.7549479464592","20.8877523061467","19.9640924492995","17.5890669180019","17.4617642050861","19.5548660012086","18.6400388971926","15.5146982752804","13.9969815756662","14.6369773950796","16.7024057741857","19.6881104233422","19.9656232520199","18.5004105114971","19.6238724452255","20.8260515469902","20.9707691548621","17.8629278753399","17.5334874363903","15.6259653308051","10.8539052402585","14.1469621012504","17.5512703642799","18.8882641376513","18.6804872364334","20.099113202908","19.5727758777106","16.0531123592112","17.7055338062046","18.39845891735","16.5019865298875","17.3057789012596","17.2628810064651","17.0707048841583","17.6632278606203","18.2125671747754","16.6138850156371","14.2100303992191","14.4151557410245","18.0762892471421","17.3855861358427","19.3822632919135","15.8378002382311","16.1135884834348",
"Armenia","ARM","Gross capital formation (% of GDP)","NE.GDI.TOTL.ZS","","","","","","","","","","","","","","","","","","","","","","","","","","","","","","","47.1476843569867","39.7791441837119","1.6312582610658","9.8722030338445","27.9421579326358","20.8085693442274","21.0954471662552","23.2656792922768","22.6863518699904","20.7688804703858","21.92233140183","22.9043552862001","25.4182967616869","28.3479499830947","29.1225577000264","35.765438994108","42.2254576837845","44.3516229755633","47.9428358213473","41.1450508029059","38.8147549853077","31.9217989798477","24.6809527475996","22.1524900726313","21.2830406859193","20.7305301265762","18.0155086734171","18.4217402148728","22.3997393267701","17.4085294108567","19.663832943599","22.9638762261581","22.2551321660516","22.9413054452812","23.8327452429021","24.2105870879516",
"American Samoa","ASM","Gross capital formation (% of GDP)","NE.GDI.TOTL.ZS","","","","","","","","","","","","","","","","","","","","","","","","","","","","","","","","","","","","","","","","","","","","","","","","","","","","","","","","","","","","","","","","","","",
"Antigua and Barbuda","ATG","Gross capital formation (% of GDP)","NE.GDI.TOTL.ZS","","","","","","","","","","","","","","","","","","","","","","","","","","","","","","","","","","","","","","","","","","","","","","","","","","","","","","","","","","","","","","","","","","",
"Australia","AUS","Gross capital formation (% of GDP)","NE.GDI.TOTL.ZS","31.5223270629245","33.0890290324413","28.378985181859","30.7756203924826","30.6456160135326","33.4868902570285","32.5648060936156","32.8716799529775","32.9367928075753","33.5833180903603","32.9247835497835","32.0488721804511","30.3812789993948","28.3472300168364","30.5269253039954","26.7685968944448","26.3888722489127","26.9270692769208","25.7803589080678","27.8104319601759","27.0479581617892","28.6352822435297","29.7907617181955","25.2651722829067","26.5989221327375","27.9680389504086","28.4424076754033","27.3201611356225","27.9325156772125","29.5715064391998","28.9035413494686","24.1869322471591","22.3143615452669","23.5691741898356","24.2365489229294","25.9545428001265","24.7503241868902","24.8171857091867","25.6000393051793","26.0993037595699","26.2042380502619","23.3481102313323","24.3675142044517","25.8939093336516","27.0204316493562","27.4127496143182","27.4574581872329","27.4507449663445","28.5401924147253","27.2762472195114","26.697693257066","26.3824449207632","27.6233466177263","27.7570773936691","26.6111234581966","26.1669365772477","25.3483902403269","24.0798824498086","24.5546475824653","23.2971815966264","22.3449300806534","22.8801883097412","23.6997957124432","23.873104248989","24.323541758006","24.4610361593107",
"Austria","AUT","Gross capital formation (% of GDP)","NE.GDI.TOTL.ZS","","","","","","","","","","","31.4333409830536","31.4265276695276","32.4057741283835","32.6547440551864","32.9382030442151","27.5044114028849","28.8748157765454","30.0794196614993","26.8655184002982","29.7181969744119","29.1472905075519","27.2693239400671","24.8931032241733","23.3358170355813","24.0777118139373","24.7605640221541","24.0359568701897","24.3638840312594","25.930207426435","26.8075731157937","27.0291365800716","27.2400245299165","26.5363693813937","25.5676488572243","26.4142187207699","27.1040016269491","26.4922454602716","26.3834218161954","26.2499845729946","26.2733169274141","25.9400787116929","25.4261245518381","23.7779667439374","24.4562050749722","24.2036725711211","23.9653234755669","23.8292704822076","24.7335259294195","24.7047623915806","23.0148012049122","22.8592812354211","24.3521600435893","24.2558827220405","23.9413047862951","23.848669034824","24.012126686949","24.4571707244108","24.9780618382281","25.8982762235252","25.5090080970816","25.6530737541266","27.6569430631097","29.2367940014427","26.0041363951547","23.5771489456415","23.6592175891117",
"Azerbaijan","AZE","Gross capital formation (% of GDP)","NE.GDI.TOTL.ZS","","","","","","","","","","","","","","","","","","","","","","","","","","","","","","","26.5347885402456","3.1062874251497","-0.692931681915313","21.7974522292994","15.3130504403523","23.7791733058393","29.0016833784674","34.2367729474717","33.3662733244202","26.4946623930492","20.6735762277188","20.6768756114079","34.5764948453608","53.1714825439026","57.9904339874798","41.5348372928728","29.8593848353266","21.5250083743234","18.6936308461975","18.9486398045026","18.0595784763923","20.2678468568795","22.3167232028526","25.6579354439517","27.5100357372221","27.9135711658698","25.6813382496045","24.3789256985575","20.1294761024821","20.3077798481492","23.6659543305763","17.0785981597198","12.0037141895326","17.7431851628057","20.7000716068547","18.8877097308938",
"Burundi","BDI","Gross capital formation (% of GDP)","NE.GDI.TOTL.ZS","","","","","","","","","","","","","","","","","","","","","","","","","","","","","","","","","","","","","","","","","","","","","","","","","","","","","","","","","","","","","","","","","","",
"Belgium","BEL","Gross capital formation (% of GDP)","NE.GDI.TOTL.ZS","","","","","","","","","","","29.6566888191858","28.5570889394491","26.5595358095269","27.5935750442645","30.2930162049949","26.6322365651753","26.9755800760862","26.6342768857943","26.4213414637772","25.9575738619264","26.5551106570398","22.5730012588296","21.5987922902751","18.7590888145527","19.8182689993281","18.9772622333502","18.5655923999919","19.6346877735902","21.8609744955767","23.5258653626574","24.3463734360231","22.8402761359904","22.5925252624135","21.9318894363435","22.0127684782659","21.7907720637316","21.6307467878374","22.3003415862901","22.3486590795955","22.6890118180362","23.7829613022103","22.6338254993949","20.7474019774138","20.9647077064668","22.6670601715452","23.6810632000764","23.9705491132595","24.6032741505197","25.9367703303917","22.0264057475968","22.3942744569467","24.4795580355563","23.5882360674433","22.7089453730117","23.2582959776352","23.3223676294346","24.1815766017974","24.3318331321638","25.5515767637203","24.6756822316808","24.068567845367","24.4470278661753","27.3616458676872","25.2961910988566","24.5534745689848","25.7467384344267",
"Benin","BEN","Gross capital formation (% of GDP)","NE.GDI.TOTL.ZS","11.4249717830018","10.9628408414962","11.109211341735","11.6168291782208","9.73416583214586","8.77749971102941","8.7782951178963","11.8251630532691","12.3746562986148","12.6631880774218","11.5923801456269","10.285643631099","13.3636368845738","13.0759687590775","18.2311159102171","19.3020911602236","16.6521857765632","17.7509342196848","16.0640103788601","19.0221796978577","15.1565679481707","15.6767522384168","27.6044169260841","17.3215150751257","12.7803178241589","8.93997374769409","13.4644446396163","12.9269405057397","15.6332306177376","11.8171441375108","14.060356419347","14.4780446923295","13.6211087439991","16.0581365080412","17.8022147065571","21.4197671425652","17.5511679710447","18.5448564263514","18.1551570848512","18.227093726169","16.0084024487125","17.7527202451424","14.8337225342659","15.1637900420403","15.218605125346","12.0860448919113","12.8734651191902","16.3768679983693","13.7404206600646","14.8657187295579","15.608089212583","16.4625572802737","15.276312739626","18.86187234768","19.2575856279899","20.731792085746","20.2720396046954","23.9604222292501","26.3865130249513","25.6298005790604","25.6338435081567","28.8506183177663","31.1483716430973","34.5306621756362","35.0624524984838","35.8263558083087",
"Burkina Faso","BFA","Gross capital formation (% of GDP)","NE.GDI.TOTL.ZS","8.51993883472013","8.65423244076445","8.7078006986699","8.80123695624159","9.63910843996261","8.71195309693156","7.97208404775534","8.02271556863936","8.27018498705671","9.61030709849981","10.270033771264","14.8739002346814","17.2774944490496","20.631068926715","25.5231718077638","23.1042219989016","22.8445038626324","19.5624544512027","18.3189338028038","16.4000938527472","15.1069505593291","14.1309296513323","17.9266349310782","17.1322658540656","14.1666284842185","22.9532781499561","20.1365915917835","19.2226564070552","18.7889112659956","20.4100171651494","18.9133966293571","21.2456099038687","19.3024334654199","19.459397383889","27.1661616484543","23.9253428809499","24.944707127053","27.3917783789695","24.1745628345865","17.2965015904257","14.5706990626075","13.5458978685006","13.4516848777294","15.4592813585183","15.5181038099984","17.5635935306702","16.1250056320714","18.2510847811436","20.7319624459801","19.9900322638267","21.9904340000138","22.1235118043343","24.6529928973207","23.7099150061433","19.2622491931648","19.4066997164243","20.7955479484027","22.0618365902649","21.7391048190018","19.7578680144889","17.1615174265995","15.5079014507343","18.0585053758947","20.264268940383","21.7942973666908","17.2222874070324",
"Bangladesh","BGD","Gross capital formation (% of GDP)","NE.GDI.TOTL.ZS","6.89426584038759","7.72941134721944","11.9904086727836","9.85562867298552","11.9751662541869","11.4762752432939","9.01689829253079","10.7087041177763","14.154801345283","12.5083636694694","11.3446569376759","8.22782728437302","4.69769640474618","8.71200689758102","7.37485722304406","6.14790581498772","9.91136204173915","11.5232177984098","11.5467985472657","11.2038721266497","14.4393912962956","17.1557664410058","17.3632790930077","16.5627367701504","16.4842575699599","15.8309437037216","16.1764548292232","15.4734420283602","15.7359830693445","16.1209144348967","16.4586755151535","16.8959474633294","17.3050292766937","17.9468320109013","18.402556188374","19.1197958221399","20.7299506037379","21.8162145054057","22.1214128239602","22.7213703034657","23.8085625731369","24.1743067306933","24.3414161366729","24.6791888612834","24.9918339447004","25.8304355145863","26.1441457474299","26.1784970672047","26.2022714003991","26.2060570157536","26.2466561760577","27.4209733686034","28.2623350097187","28.3896207536466","28.5778757115563","28.886689247008","30.2397639179985","30.9468731155675","31.8225747704431","32.2137331126266","31.3079413414304","31.0187387357172","32.047275580905","30.9512000834944","30.7004900245244","28.5411003849809",
"Bulgaria","BGR","Gross capital formation (% of GDP)","NE.GDI.TOTL.ZS","","","","","","","","","","","","","","","","","","","","","33.9981798877597","35.4872732386443","34.1333513112654","32.8872269238339","33.201581027668","32.1992199219922","35.875","32.9067837447127","34.4146901300689","33.1109463800346","25.5871073383031","22.5976159933121","19.8885663634061","15.2823311542564","9.39115290580193","17.7285696544682","1.15732750526262","9.72740977629433","18.7085980494502","19.8436643838826","19.0461421311854","21.3510606825964","20.529013802931","22.0741671260247","23.4333545983608","27.7396801127277","32.0563311507493","33.606222556895","36.9245307045696","28.5382141833642","22.5179653399321","21.3581940338909","21.8870795265983","21.0060147414226","21.5078429076067","20.999927047816","18.9624308573589","19.8169934625584","21.1661567293564","20.7340041548231","20.1519171584818","20.7058880948029","22.6875893032554","19.7877556466321","20.4299060253788","21.7165315576291",
"Bahrain","BHR","Gross capital formation (% of GDP)","NE.GDI.TOTL.ZS","","","","","","","","","","","","","","","","","","","","","40.5672438426273","36.5976553939922","31.9052361032189","38.568869737229","37.44829740166","31.3522077569477","23.417609932171","22.3899698870627","17.7648883474967","21.6672283860815","14.4494275559834","25.1521262819148","25.870904237088","16.0977766087387","17.2666142954711","12.8476626290964","12.6688993317759","15.3435407727243","18.8405037317512","6.95233313658607","16.5750590582953","15.7093968978237","23.3477306246465","23.735810361348","20.5199354428997","26.7352737398905","30.3879536462009","34.7132604204404","34.9481240884218","26.1446971919251","28.5983559958528","22.497932951159","28.3178818196342","26.202347618295","26.9460773553345","25.6249300828539","27.8856988345954","33.5452337227581","35.5603270966476","35.6238571804314","37.2956671453326","28.0921527332781","24.5901868987674","29.168098874443","28.3585894626884","",
"Bahamas, The","BHS","Gross capital formation (% of GDP)","NE.GDI.TOTL.ZS","","","","","","","","","","","","","","","","","","12.5105189340813","11.3407015857761","12.8268105959984","18.2880251628847","18.8433228180862","21.4661344484572","20.3312557710065","16.3490274851796","19.1709406287302","18.422649140546","18.7951370226653","","31.4996734160679","29.414718888187","29.3568958202085","27.8613702155034","23.3395860284605","25.8606934642528","27.6550014581511","30.4937655860349","29.0792058569001","32.1122399103205","28.7524385498453","30.1852170564615","26.8735956373237","24.2085493336456","24.2737108642641","23.1908641247271","27.3367763973892","33.5164375814502","30.5104187660218","29.4556336690101","28.053608710113","27.9860060064819","30.1833582411908","31.3421141002201","29.1972544939047","31.3993051503263","24.6114077177806","25.7808751862233","27.5562589881818","25.6388854218672","25.3844995104316","23.0710591323143","24.4404752014622","23.8155546600656","22.8631485204272","26.8063766358446","",
"Bosnia and Herzegovina","BIH","Gross capital formation (% of GDP)","NE.GDI.TOTL.ZS","","","","","","","","","","","","","","","","","","","","","","","","","","","","","","","","","","","","19.9831460781267","41.2139014001628","41.9999993717899","38.0000002760846","27.9999793095576","30.3063848486067","31.5798435626332","31.4743870270505","30.2984402640792","30.5199983473086","29.4542245809708","25.812454778118","30.4691927596175","32.3119832270202","23.713209921992","21.9146685888149","22.6759067100927","22.8835705606596","21.6685850406414","23.0340139751835","22.1698345771577","23.3303836437325","25.1642904731319","24.8120206694305","25.1910361335464","23.4676997821764","26.2530245363466","27.9026684634452","27.0434003535468","27.3654614276439","28.7377419362939",
"Belarus","BLR","Gross capital formation (% of GDP)","NE.GDI.TOTL.ZS","","","","","","","","","","","","","","","","","","","","","","","","","","","","","","","26.5588914549654","33.3333333333333","31.5217391304348","41.0152284263959","32.9343000056202","24.7498002520531","23.5192009966691","26.8369544475643","26.7119649197264","23.7067689249137","25.3986730605006","23.7608599445648","22.1768515932559","24.9543276593883","28.6673014374357","28.4604661956657","32.1841371566982","34.0919031794272","37.6416510261128","36.8640444559238","40.6563662623236","37.2175950788459","35.0942730563184","38.7980262073973","34.8410329356421","29.0346959914608","26.4775827022928","28.0303589091824","28.0788785453202","29.1499946931726","27.4548359346196","24.3807348526394","21.5979064833979","24.7116791837371","25.8414137114394","27.1222916675388",
"Belize","BLZ","Gross capital formation (% of GDP)","NE.GDI.TOTL.ZS","","","","","","","","","","","","","","","","","","","","","17.9288306138306","18.8789581975072","14.1313584791792","14.3343717337402","17.1608660237644","16.0338778280543","14.9706876404494","15.8917212341687","18.2744345711235","22.2265010181226","22.0514270521151","24.205544292346","22.9947445253166","24.9782337814503","18.3051430481526","19.4626188132585","18.1535871983306","17.8004116203385","16.6226358838681","21.3316711230288","26.2033579229094","21.9693029743777","20.6306064805787","17.7005500159465","16.6841070074175","17.7739187670556","17.2466623086068","17.2933361571682","21.0239807378235","16.2264058728229","15.4511716601437","11.8723938779086","13.0724770204323","14.1295773427114","17.0966974648616","16.7264083366378","17.9729353607653","15.0577226916743","16.5318151258508","16.8394904249154","18.4434323395975","21.675393036644","20.191917433134","18.9112096493515","19.7878841757033","",
"Bermuda","BMU","Gross capital formation (% of GDP)","NE.GDI.TOTL.ZS","","","","","","","","","","","","","","","","","","","","","","","","","","","","","","","","","","","","","","","","","","","","","","","","","","","13.0430267361979","12.5825420569453","11.0144291764369","10.8931113391845","12.0945969964397","11.8925858297364","12.8032086210967","13.763644733725","13.4097576009445","14.7485170334877","12.2379040805742","12.902924909709","12.7026098741948","11.2150851626763","11.038752628066","",
"Bolivia","BOL","Gross capital formation (% of GDP)","NE.GDI.TOTL.ZS","","","","","","","","","","","16.3880152292667","16.8331284572833","20.1375598086124","20.4178537511871","14.5814495788322","23.022569516605","19.1852488704337","19.1573372973475","24.6948219462248","20.8313934153642","16.6377551478981","16.0512799213634","15.6239101625166","13.2382468850762","19.6716028308147","19.464305732424","13.5589242842271","13.508042680195","13.9807785321096","11.587557434737","12.5319367065277","15.5777692542444","16.7043358669022","16.5637752364324","14.371195053134","15.244003062267","16.2372212746505","19.6319690404537","23.6065117115701","18.771852078251","18.1434786934628","14.2684344660588","16.294673391902","13.2320723069973","11.0217031489009","14.2536216336637","13.8653311051279","15.1866548549559","17.5527400611141","16.971260971496","17.0070184588469","19.8155524290026","17.6729919914841","19.0177268858945","21.0337970312715","20.2812768788265","21.0573618533858","24.3763407852814","24.0294938980641","22.7024136915554","17.268345922029","17.7866439972031","18.0408015748368","18.9835359683279","17.9470160851028","",
"Brazil","BRA","Gross capital formation (% of GDP)","NE.GDI.TOTL.ZS","17.5232269408406","18.8354665120659","20.3126738423307","19.0396965842808","18.8226041657334","19.4218502397387","19.0343850340575","16.6495536472918","18.8871335395952","22.5249333862905","20.5420007091554","21.2625148787298","21.2085471898153","22.0447346391829","24.3114640242604","25.6975921331099","23.0421198404484","22.0475188520747","23.0331267356395","23.1379277243404","23.1135062558596","23.580302746211","21.8998565393313","17.8825127668248","17.4692254111657","20.299093219092","19.9608396615159","23.1736016647865","24.3442266859346","26.9027870382664","20.1677066020429","19.768768868394","18.9345399423489","20.8463552065145","22.1455629464805","17.2923463458623","17.2669463759545","17.7639856110956","18.1647519194741","17.3895597435179","18.9031192683871","18.7418602950836","17.4490794834956","16.8566884007152","17.9125683422575","17.2048834494962","17.8164738793472","19.8193259830854","21.6193828541669","18.796135029807","21.8013215585586","21.8262711166856","21.4172253691912","21.6937669568432","20.5484107553739","17.4116258675005","14.9695469721031","14.6255875978858","15.0950416291605","15.5167908009424","16.1158206039466","19.5218850206383","18.0882204442366","15.7606472065087","16.9814356044398","17.0759965150742",
"Barbados","BRB","Gross capital formation (% of GDP)","NE.GDI.TOTL.ZS","","","","","","","","","","","","","","","","","","","","","","","","","","","","","","","","","","","","","","","","","","","","","","","","","","","","","","","","","","","","","","","","","","",
"Brunei Darussalam","BRN","Gross capital formation (% of GDP)","NE.GDI.TOTL.ZS","","","","","","","","","","","","","","","","","","","","","","","","","","","","","","11.132431245796","10.8883467958047","12.1490865531045","15.3763343274918","19.6242738719365","18.1087984709979","22.5398742056951","27.5780982591353","23.6709520913239","24.6719369741807","15.5887589991886","18.7374704379378","20.8703202916699","33.8596055630689","21.987880654086","19.5879660530209","16.1152698630712","15.1721720330137","19.7540037479305","20.641358896163","26.2203911122241","23.6902575256773","26.0242928941481","32.8821465207434","39.5934116228483","27.44181699276","35.2473258617273","34.6202628541232","34.804760189414","41.0665959296934","38.6777534991209","40.5878302733583","31.2725676396553","25.8510429426901","29.6282073672206","27.8989646632704","27.1271902797812",
"Bhutan","BTN","Gross capital formation (% of GDP)","NE.GDI.TOTL.ZS","","","","","","","","","","","","","","","","","","","","","31.5267329456202","33.7651237426316","37.0630403646791","40.7023038599502","39.5063538907005","45.9283635452411","43.8697913427241","38.4314215490844","40.06760835762","33.8043371019896","27.8570301973124","32.4271872410223","39.9853761229255","41.0868079846613","48.9149717328521","44.7169159640622","37.4597045608218","27.2132660409736","31.3105533972852","35.2474105213207","54.0420474077414","61.3891806428222","68.5694487644125","66.860297997122","67.7331934324244","61.2151499544783","47.8076929499924","42.9183614516456","44.1634785286925","50.189271152596","62.9334525245912","68.2199911028334","69.4487268866834","64.0143242143309","56.5119544142318","56.4311104866744","56.3993877727553","54.1677690599275","54.0155173304793","46.0853579286619","39.0705723424763","44.3885960336557","55.7788292981126","45.2657364801262","42.60143228366","",
"Botswana","BWA","Gross capital formation (% of GDP)","NE.GDI.TOTL.ZS","6.0157377230548","7.39943781282824","8.7990623144","9.80709519719892","12.2828705146115","13.2621951219512","21.8157181571816","25.4462003115376","30.7368421052632","38.2538253825383","45.3226976069616","50.4405286343612","50.9441384736428","50.8999704927707","47.8720846357297","41.8998667428136","33.7712519319938","33.4648257725181","36.3636363636364","37.2193953906016","40.0521496573889","43.4056761268781","37.6584852399407","29.3891200373294","29.4435306166786","22.9944128810203","21.4853452558371","15.5008334596151","23.5845154886472","36.1081829228058","37.3669769651251","33.2101747012514","30.4193006321517","28.7795309764933","25.9825442079303","27.1301337481509","23.4435212132871","24.0519865995919","37.9366725943489","25.6259512487481","29.551080393757","29.888136618651","30.1938052068805","30.1430074223364","31.3514430014324","25.374133887578","21.692781593681","23.0747568630383","35.4683348008758","32.6299076727603","34.7021091252242","39.1181150467037","35.9998617809678","24.8793287159182","25.2530625662887","28.4432892203156","22.0676982064961","25.0058963191325","25.902879643882","30.8204405592326","32.7272598389392","27.3637239028603","26.791517866856","30.1423262091485","36.2043201504329","29.1572113352996",
"Central African Republic","CAF","Gross capital formation (% of GDP)","NE.GDI.TOTL.ZS","19.6363558254555","21.1920526292707","23.2786931652776","21.7665568639355","22.1264358377924","21.4092140921409","21.1340180412371","21.8362332506203","16.2191162781606","16.3656809951136","17.9836725059846","18.7486065298326","18.4335091758965","20.845819730692","15.5018227040011","13.8013083941029","11.9662600437102","11.5539359714923","10.8868706910689","9.79419790195751","7.00712558895795","8.73940581291743","6.6693745735901","11.8326550451605","12.307141868553","15.3840610482698","12.7794631117698","12.6311152484333","10.509412126939","11.7558442614205","12.708059808033","12.6480117971933","12.402501317821","10.5784818131858","11.7060536294691","14.1190311542986","7.27502143391952","10.0801891360073","11.0127689102356","12.9619643989924","11.0722959362908","10.2408292129649","9.62494666555282","6.4047925068294","6.81213802638146","9.86481735599986","10.2342110190608","10.6872405778362","12.728492373968","13.2041724777738","16.8437813047686","13.7084644737209","10.8339751287687","7.5153240218181","21.9907907197476","21.8053804538636","22.463467946845","25.6012512008403","26","26","25.9999999979092","25.3641399970476","24.3266600012173","23.7477562200269","23.6306628287835","9.30438422011293",
"Canada","CAN","Gross capital formation (% of GDP)","NE.GDI.TOTL.ZS","","22.6268836865309","23.1924191378908","23.0238891401817","23.9909880969918","26.4177554316064","27.1002716722145","24.4044252207284","23.4765028572865","24.1832503207317","22.1242947392729","23.096440598999","23.1263301089843","24.3273663064838","25.8512406581645","24.8354499960847","25.1167234534298","24.2879094203223","23.4947302721084","25.1415795084268","23.7626589533241","25.2960435228772","19.9239530013061","20.2214015133534","20.9603754226319","21.5336371835921","21.6803068568065","22.1777844328059","23.5060472743398","23.6100294976466","21.3042109213358","19.3412969720978","18.377419839763","18.4749885213182","19.5160940033233","19.380342728238","18.9277232582103","21.2179786877437","21.0452953522346","20.6841812842289","20.6144677111521","19.6713949333135","19.739312333447","20.466644988938","21.3828445226375","22.6318510676463","23.5954200309501","23.9078762217461","24.0724446665267","21.9594523644514","23.4819201321447","24.1513309493639","24.8676388656292","24.9078583876335","24.8706826761656","23.8215694588745","22.7610976853029","23.5504142207539","23.3772902489361","23.0423743758558","22.6746869777427","24.3050650816917","25.0269800530907","23.6376218677924","23.168254276671","23.15443514883",
"Central Europe and the Baltics","CEB","Gross capital formation (% of GDP)","NE.GDI.TOTL.ZS","","","","","","","","","","","","","","","","","","","","","","","","","","","","","","","","","","","","23.0716224681682","24.7355383405379","25.7275818779912","26.0154538736813","25.3208941346277","25.5056312330339","24.1997856062852","23.4075253545134","23.7682691547856","25.1175714338986","24.8140229150958","26.7294964554385","29.0480096822374","28.6689970238236","23.0336991659558","22.99183075381","23.8333244390171","22.4712356623673","21.5926828957746","22.6067921665136","23.0866371582927","21.8624012644222","22.0726154569277","23.2758850774767","23.2561045364148","21.8966602780964","24.5756355596004","26.008262584263","22.4421873463163","21.5442193641404","21.8218708004044",
"Switzerland","CHE","Gross capital formation (% of GDP)","NE.GDI.TOTL.ZS","","","","","","","","","","","44.4069260975552","44.7114478527079","43.7568512874361","43.1237011621972","43.0132821674421","31.6290413834072","28.5454442313764","28.550978123158","29.8848124013693","32.8577129051922","37.4383034941476","34.7289245403785","31.9954720219551","31.3184572485863","33.3639983949136","33.3997647482244","33.1536548566635","33.5469052811226","35.2825068277152","37.1073716268107","37.461082537557","34.1862083713756","29.8171506321563","28.0504020176783","29.6053919389877","29.4917831255492","29.0179878540063","27.4415597082","28.6612623744383","28.038319761824","27.9176282410949","28.5122550939251","27.2487659367689","26.7513983417559","25.0557566926262","27.458181859409","28.2033629386961","27.1952335500482","27.637426604477","28.7707915094253","26.3569227706682","28.7441224133593","27.1030209487493","25.7348146586546","26.3311648855109","25.9410074917815","26.6210457356761","27.1836865705199","27.2924547005501","27.8910708551059","31.3016462281195","28.1537223975792","26.6594304095158","28.5542320055981","26.7253398015124","29.4875351254104",
"Channel Islands","CHI","Gross capital formation (% of GDP)","NE.GDI.TOTL.ZS","","","","","","","","","","","","","","","","","","","","","","","","","","","","","","","","","","","","","","","","","","","","","","","","","","","","","","","","","","","","","","","","","","",
"Chile","CHL","Gross capital formation (% of GDP)","NE.GDI.TOTL.ZS","13.7388728996108","15.1395129581715","12.4358454285144","15.005847334354","14.3878591176382","15.2714205507813","16.618546372932","16.4394722723445","16.7315648019413","15.5238279847394","16.9120916809652","15.0605729268696","12.5705941240395","8.34980740566951","21.6525191776714","13.6529645825103","13.3341135615523","14.972080359417","18.4751769095831","18.3682930147462","21.6917582086836","22.9881588703307","11.6103909760837","11.9992599145468","19.0154594051283","16.8400047172759","18.5728738312777","22.003853540174","23.0306046219956","25.6592946392905","25.7232653777983","23.341676276014","24.8635574680026","27.7812912604082","25.5343368834102","27.5292622461532","29.8812134444565","29.8592663281389","28.6186850894279","22.5504742140038","23.7507565901543","24.0912149524836","24.1083893516193","23.3991373808031","21.2432280953364","23.2677016954958","22.1863204596536","22.3480228340307","28.8969424277685","22.9200072895058","24.7754671336591","26.6462973582796","28.791349395371","27.4969595601166","25.1580935799669","25.5994382084201","23.7087897319925","22.6366697426235","24.2030786765181","24.94531502311","21.0773285826388","24.1498841986761","25.7670400608281","23.3331278198537","23.1192669583529","24.0570386136924",
"China","CHN","Gross capital formation (% of GDP)","NE.GDI.TOTL.ZS","39.4986681327632","22.7572483035064","15.7035408173779","21.7166309297306","24.3011524546751","27.0515096880037","30.4013318657505","23.8201111605653","24.888290626073","24.9642038256092","32.8162153192607","33.5845171488947","31.1982006102093","32.9034962037238","33.1534340901066","34.9804771441711","33.1642759720738","33.8227621398292","37.5415882273122","36.2372832294507","34.544058348021","32.8896636883936","31.9192153428932","31.8645996336511","34.3128885510943","38.9914630864753","37.6578802293366","37.2550720459819","39.0114582938763","37.1432672399768","34.0914985430681","35.5377442696039","39.3081668840399","43.4763551900211","40.2783746945492","39.092189056179","37.7768637845413","35.7413524462449","34.9859486932226","34.2336141056633","33.6326827140045","35.523858010134","36.0687816828708","39.4280130265115","41.6343741627493","40.178086700104","39.6897003482818","40.2220879226288","41.9607249432501","44.9282638913962","46.1023443345586","46.2703012824496","45.8169211701107","45.9224093546636","45.3115352657107","42.7349872564364","42.1386166189127","42.5497375507577","43.313827489682","42.6695374085222","42.5723735094229","42.6822612949312","42.3554333470499","41.1297102455381","40.4815134449629","",
"Cote d'Ivoire","CIV","Gross capital formation (% of GDP)","NE.GDI.TOTL.ZS","16.7249346868871","19.8409833871734","13.8895677843114","17.7828302206107","21.844553229471","21.8722278559894","21.8203464279959","19.7822819419222","17.8121051127139","19.5252903802389","22.4956529301408","21.8019049040204","20.8753481714801","23.1801100638271","22.0162385649865","22.4445788805056","22.9892273852736","27.3323803561107","29.7621710087445","27.9654493263813","26.5361179605953","25.9404733819914","23.1882903653993","18.4127717783294","11.6507777029108","12.9513847390107","12.0634100487767","12.3172446612444","12.6503527480085","8.90395594998841","6.68880333930737","7.35800116106434","6.92388460182044","9.79307108436347","13.7157180662276","15.5984458141094","13.0192531132058","16.5285766916775","20.2721403299213","14.6266918422589","15.8924072733403","14.2203409229788","12.0234754844887","13.9684419032966","14.7182926366705","13.8421414471747","14.1808271176765","13.7262735107761","18.1800206859596","14.7435495856944","21.6810545298756","16.5937189121478","20.4508171031026","22.9098013286147","22.6204558252908","23.3881494701744","23.1944017562697","20.8176586853442","22.2527904990641","21.9899384954404","21.7428934104601","23.5753170688856","27.4853115364793","24.5444478808032","20.8698505769184","19.3019144967857",
"Cameroon","CMR","Gross capital formation (% of GDP)","NE.GDI.TOTL.ZS","","","","","","12.5313277309816","13.3428984570068","13.7646556176326","13.3590734894829","10.695560941263","16.0276563140363","16.6471026211096","18.2467810765236","19.8914569735473","17.0806863264918","19.9738658681523","17.5884525323815","28.4892085675","31.2488126942468","28.520369873741","20.9828387899748","27.1877091328542","24.7963165305702","25.9778457278979","25.9436609488241","24.8849469573947","25.5128340595997","24.6997632687695","20.8973122907833","17.0960125608687","17.8119783746051","16.6726548065075","14.3053862792332","13.7616244323822","16.611616276948","17.5396063138349","17.3666475143596","17.6839404673153","18.4534049673478","17.6692974002941","17.1923305666251","18.7740622006083","19.4413944162664","18.0947361657846","18.8678143226466","18.6709254882433","17.7758598449069","18.3784496512645","19.7540543269388","18.5596853746796","18.2284440377378","18.732400822037","18.0007381699582","18.6515459692181","19.7278343398902","18.2498554883353","19.8180548448427","19.4451374024879","19.5380296351056","18.9346454960496","17.6605439792144","18.1266921736343","19.1074398091244","19.2850918964923","18.9056881687822","19.3425524762361",
"Congo, Dem. Rep.","COD","Gross capital formation (% of GDP)","NE.GDI.TOTL.ZS","","","","","","","","","","","","","","","","","","","","","","","","","","","","","","","","0","","","7.54464240751745","9.37360155268959","27.8518170091084","2.50000003125","2.10000002102123","3.06901067065956","14.4334963339406","6.70414075173646","7.43579108293426","9.52455484338981","12.2569205489908","17.1365592567105","17.4216172625871","15.8599755149209","19.1942664559253","18.3539612035209","24.0289275977627","25.2869778606739","26.1121884425366","28.101667729394","31.9941439501849","28.2489760430453","25.730139110082","27.5611277266771","28.6743449237541","22.3026244777218","21.848825739462","32.5613117581078","36.6858404848256","34.0781273164972","31.3868760536429","31.6534511007956",
"Congo, Rep.","COG","Gross capital formation (% of GDP)","NE.GDI.TOTL.ZS","53.1868268240706","64.6534536154606","36.2984794057723","22.7410854889746","20.3105559722893","22.4279805703744","30.2582931734317","31.5068442648706","29.5819837620579","26.705376752033","24.2105182894737","26.6065356460421","29.0821303381643","31.9536487582781","35.0603277501774","39.1119210462287","31.003885801442","26.5957412765957","27.332323197176","25.9607434901961","35.7658157602664","48.1631899575411","59.7323943661972","38.4384385635636","30.3912363067293","30.2843026370004","29.4506275252279","19.7283630151546","18.6191198786039","14.1282961951711","15.9055118110236","20.5281644334591","21.5996908809892","29.4961189317195","54.486135428967","36.5726424919523","32.7904131722705","22.2333849671756","26.6843752717155","27.7720278755261","22.6259541984733","26.356637211346","23.4075965604067","26.0903241706861","22.5203408420881","25.9379984821473","28.2834567847369","61.0536960552352","42.0714121709361","54.295110833528","47.1901706659231","36.8419012310002","43.8168282700271","47.0644823800022","52.8446172450901","76.7823246780685","71.266855758205","45.8944862253605","29.5270088622039","25.9000965433665","23.7315670324983","21.9769014632722","20.9792068255243","25.2109559920067","26.8446298603412","29.3854818484005",
"Colombia","COL","Gross capital formation (% of GDP)","NE.GDI.TOTL.ZS","20.254788067313","20.4925719075639","18.1265918501018","17.654420741864","17.5140547950811","14.7252347573072","19.0584703554616","16.9980119284294","19.0902350106074","17.8773449806673","20.2322848879248","19.4154702795633","18.1268260782432","18.2698634643856","21.4557794431485","16.9925057021831","17.5627031393841","18.7520337863411","18.2842635463728","18.1509853913596","19.0685377391348","20.6239947790292","20.4871425036179","19.8932136967006","18.9649700356585","19.0409037023224","18.0011626474892","19.9974887833835","21.9897406504351","19.9757541589656","20.606730546634","19.1054638472664","20.5545014602291","24.9421331103752","25.5384467490805","25.7987433287578","22.1509386589832","20.9237506240474","19.7280791808155","12.8801341708134","14.8956270290748","16.0322513515548","17.2515418448331","18.6818190163212","19.4409966142669","21.6562413080915","22.9389629039528","23.4542806868515","23.7209214485662","21.9875830884376","21.8887622688674","22.9955914400596","22.1046440622529","22.1825448506007","24.0033136584861","23.7736922946916","23.1674195572494","21.5993768407696","21.1954755611258","21.3806095458027","19.1281469366662","18.9169518896828","19.7872446007318","16.380607358871","16.4725596445723","16.7190504572681",
"Comoros","COM","Gross capital formation (% of GDP)","NE.GDI.TOTL.ZS","","","","","","","","","","","","","","","","","","","","","18.0421691370966","18.0423558945909","18.0423318112659","18.0422569350863","18.0422894255551","18.0423421730915","18.0423651680164","18.0423676492044","18.0423914750146","18.0423823249153","18.0422800196632","18.0423764478935","18.0423355920762","18.0423449084394","18.042342040617","18.0422894761898","18.04236157044","18.042298422133","18.042276603012","18.0422763531768","18.0422951907498","18.0423401335293","18.0423117261602","18.0423216260422","18.0423340046778","18.0423131684956","18.042325784844","16.8874091034811","19.2488768740532","17.990680545639","18.1749508794904","16.0214526508746","16.1515733625598","16.3561844009634","15.2029666865291","13.6380402758518","12.5606730066488","13.4334433748138","14.8680929255808","12.7348062616273","11.8017625319814","13.5021643659675","13.3347942895571","13.2901153960903","11.9915935727452","11.8452140902633",
"Cabo Verde","CPV","Gross capital formation (% of GDP)","NE.GDI.TOTL.ZS","","","","","","","","","","","","","","","","","","","","","","","","","","","","","","","","","","","","","","","","","","","","","","","","47.271484248355","45.9358045471371","41.3602933111924","44.9568060390526","44.9117743846551","35.2038713812683","29.9872865504067","34.9962522997627","29.1071744394227","28.5553782407275","29.2834862444324","27.486159184509","23.4319738651901","28.9619236573871","27.7497642140942","21.8794313027596","21.7251071461541","16.3137481360407","17.4067204998959",
"Costa Rica","CRI","Gross capital formation (% of GDP)","NE.GDI.TOTL.ZS","17.500435762948","18.8782257826928","19.453333401954","18.794428201113","15.9941227211216","19.5036263457489","19.0583909643872","19.3573443674368","18.0271913321862","20.0289989915831","20.5364402034314","24.3365569988745","22.0270697923513","23.9933477919256","26.7386519574344","21.6410983994924","23.6621911818762","24.2697692098913","23.4613617893244","25.3140139719524","26.5747298967581","29.0266482230556","24.686093520034","24.181759128942","22.6994636554979","25.8891732914039","25.2097398281202","27.121490833765","24.466264923824","26.5859956089387","27.3228217996094","18.4018638879207","20.4335222154287","21.0288015581772","20.7707528154972","19.5418409549976","17.7504784547766","20.054417683583","22.6617778019987","21.0797960342214","20.6866901495888","20.1154891970238","19.8863199468575","18.9650514990792","18.9299695030923","18.964146287559","21.0856413153172","23.2867685312078","24.6107398761009","18.4529135654525","19.8339182789853","20.0481793796003","19.8541952107629","19.5904602524013","19.2231535479054","18.8537262706218","18.8889411095324","18.0648744429374","18.1541532198539","15.6902512387303","15.5304597737241","17.764923755565","18.3796686094569","15.8466847822892","16.1938876806136","15.7847318414254",
"Caribbean small states","CSS","Gross capital formation (% of GDP)","NE.GDI.TOTL.ZS","","","","","","","","","","","","","","","","","","","","","","","","","","","","","","","","","","","","","","","","","","","","","","","","","","","","","","","","","","","","","","","","","","",
"Cuba","CUB","Gross capital formation (% of GDP)","NE.GDI.TOTL.ZS","","","","","","","","","","","25.9269410117525","25.9369732566977","25.9345463731111","25.9162428013305","25.8920087224423","25.9549352793108","25.9871336943319","25.9224089955827","25.8247287887372","25.7708389681058","26.2695658877628","26.1481267218795","25.5987837096193","25.3363273427299","25.5013911079374","28.7632021860748","25.5409280020537","22.8520702537413","24.0240445606368","26.326710025583","24.8024922353702","13.9954824284752","6.54495917471368","6.39438192725822","5.24213085101504","7.01427497815333","15.8969556218756","14.9539294435905","13.2031250825681","11.8570267084039","12.5033534650291","11.4647248945787","9.19635015852696","8.50361547803416","8.80061775253252","10.774593517397","11.7286150905906","10.1839638658861","14.8446789230721","10.9375","10.0733739584629","8.47079286853167","8.57521773013768","9.39363301705812","7.6113275995244","9.38923115061148","9.56020685555022","10.2982486239326","12.0335788664448","11.494997466827","9.87499068484984","23.8110260482963","18.2946265398607","21.4185705757855","24.2142342206136","",
"Curacao","CUW","Gross capital formation (% of GDP)","NE.GDI.TOTL.ZS","","","","","","","","","","","","","","","","","","","","","","","","","","","","","","","","","","","","","","","","","","","","","","34.9138591723173","34.3026947528675","35.4515345216102","38.9359277053594","36.5864282225877","36.6275848758626","37.7759954207402","32.2011392260924","30.4838533181729","25.7891289955871","26.3697416948829","28.6395278604093","30.8959067067378","41.0673551203898","","","","","","","",
"Cayman Islands","CYM","Gross capital formation (% of GDP)","NE.GDI.TOTL.ZS","","","","","","","","","","","","","","","","","","","","","","","","","","","","","","","","","","","","","","","","","","","","","","","","","","","","","","","","","","","","","","","","","","",
"Cyprus","CYP","Gross capital formation (% of GDP)","NE.GDI.TOTL.ZS","","","","","","","","","","","","","","","","22.5291760208021","26.5648323756972","34.8853722036776","37.2161940988201","38.726580211903","37.8140189709447","33.8127814083843","31.7201665012892","30.1134871336779","33.595031989419","30.3400346189038","25.9229188754433","25.5308414288787","27.4562850124496","30.8919291059449","27.0454275173864","25.8421500253731","28.6989594160607","24.0877025597726","25.5156537748794","26.5338684333737","24.2025436192963","24.0288125482553","19.0397138826455","19.8134523139147","20.4291577976899","17.7345535252016","20.2817486986233","19.49832670211","21.8649074462916","22.2094374377754","24.3137543872675","24.0710075269171","28.6449330178426","22.5317717896077","23.6867268786643","18.5481211774998","15.8177899862593","12.5650583420074","13.1877395604674","13.3226795380088","17.0541463112928","20.3824581997576","18.9431273490169","19.490745103117","20.6447561187859","19.6456471946313","20.5950947059272","21.4727017396107","20.6776389266328","19.2596047828909",
"Czechia","CZE","Gross capital formation (% of GDP)","NE.GDI.TOTL.ZS","","","","","","","","","","","","","","","","","","","","","","","","","","","","","","","24.3277286034708","22.2724066655312","25.3890238994575","26.4647230849772","29.7817050664405","33.8561860572745","35.8320529231384","32.6953430221502","30.7431840522591","29.7451345778523","31.8350210442972","32.0060318555442","30.4816181826653","29.5495865624593","29.8242716361965","29.2856028582089","30.0796940275085","32.1072107272958","30.9994095449633","26.3978882297703","26.7312876523202","26.6053370220652","25.6688421143623","24.3768606031502","25.3494353917128","26.9686249210792","25.0750046974725","25.0897410946251","25.6426079021172","26.171850655873","24.7302051809802","28.1285338444502","31.0333010301464","28.2189210871769","26.3223927850509","26.7554004860893",
"Germany","DEU","Gross capital formation (% of GDP)","NE.GDI.TOTL.ZS","","","","","","","","","","","33.278578878368","32.3681640596784","31.1280852111878","29.7922667513098","26.9195238369104","24.8513625806296","26.0102985328885","25.6388605733496","25.945488052697","27.9105352714841","27.6833281172969","25.0382510127874","23.5575871456212","24.3596147519764","24.1181342897383","23.52124534138","23.5417801621924","22.9393947401981","23.6839289330579","24.6749419871737","25.2643366002088","26.2249546057137","25.6374386656452","24.1533795395313","24.5513106495033","24.4770596811461","23.460405691293","23.4050264846125","24.0608017564073","23.7583524291849","23.9639660790924","22.7645716524028","20.151752302821","19.5766263092364","19.0213864564072","18.7355259254163","19.897946566207","20.7873433455798","20.8867329914107","18.0064315128089","19.5310600093299","21.2669872693317","19.4724714926695","19.7883815690324","20.139488753447","19.4978020945699","19.7122567843741","20.6909762954118","21.6503641494105","21.381259046499","21.7290304632077","22.6730557200041","23.2760146288029","21.994283425489","21.4994328905028","21.9314930278238",
"Djibouti","DJI","Gross capital formation (% of GDP)","NE.GDI.TOTL.ZS","","","","","","","","","","","","","","","","","","","","","","","","","","","","","","","","","","","","","","","","","","","","","","","","","","","","","","56.9079297902791","3.11518509884608","-3.94592435677103","21.9359401140492","21.6328079279849","2.78690075604472","2.28145969959191","-0.248727784664231","-15.6784437711797","-10.5957415251433","-3.7352612180732","0.252268985586049","1.55023263730147",
"Dominica","DMA","Gross capital formation (% of GDP)","NE.GDI.TOTL.ZS","","","","","","","","","","","","","","","","","","","","","","","","","","","","","","","","","","","","","","","","","","","","","","","","","","","","","","","","","","","","","","","","","","",
"Denmark","DNK","Gross capital formation (% of GDP)","NE.GDI.TOTL.ZS","","","","","","","25.6442257679921","25.1538602173858","25.0453447340054","27.0378189002729","26.7461761278856","25.9119088737487","26.7081032129474","27.5421286673335","26.9472196406025","22.4820976446144","25.4293850852667","24.418617559832","23.1402004112756","23.1153112796224","20.1462969309744","17.0811078051372","18.339599600925","18.4312799359679","20.6727305316566","22.1699172073213","23.8590635229867","22.0271392529802","21.0574986406422","21.3244929978655","20.7926471394728","19.6001118620312","18.923380103226","17.3548958584816","18.7158365815896","20.6446400534927","20.0192738426291","22.0150354063714","22.5996961616985","20.8350374028012","22.2944061771116","21.7493884508849","21.256815503883","20.885998901756","21.6460819600503","22.1713094338111","24.2627515456151","25.231367727118","24.0357328016323","19.0326255602397","17.8221551141916","18.9874945831856","19.2269717517509","19.3525146403367","20.1482030437865","20.5435311718122","21.680712423112","21.9568242214893","22.5323146804877","21.8859998750194","22.7626532555055","23.9587122773163","24.7772032902353","23.6446197797629","23.2065036119904","22.1224200633434",
"Dominican Republic","DOM","Gross capital formation (% of GDP)","NE.GDI.TOTL.ZS","12.6115463763592","8.86714298512674","11.9038951583546","16.0182840155489","18.320984625681","9.77367413579552","15.8552698444964","15.529570931581","15.3739227133723","18.1308411214953","19.1434533826994","17.8577857785779","19.7081614169266","22.0970658478335","23.3471306012236","24.5100577906201","22.3138554979122","21.7888862244119","23.8717472118959","25.3550774714483","24.6298788694482","22.7037678706043","19.2382127391925","19.7625400733141","17.877772459893","17.3719111375766","19.571902917208","22.8429754593012","23.2192667721952","25.7637333451277","23.3496591496817","16.6480690176188","18.7912677867218","19.758137929436","21.0043956056779","20.0495370317422","20.0542675368915","22.1014052569614","28.0693783386682","27.1127710844376","27.8926622004107","26.7706440741139","26.9567556785451","19.4091627404806","20.6273486504175","24.7730711459319","26.9268715003108","27.6334194585944","29.8982115807869","23.3722106355299","26.0714218346178","24.6033236905519","23.7525597160893","22.1057612783667","22.3946076084169","22.6506907232187","22.1728652705364","21.1809206285418","25.2022908220767","25.2348623794613","24.879515915457","30.2749635460096","30.6705570734763","27.8145628515185","26.9980468938553","24.7037677098246",
"Algeria","DZA","Gross capital formation (% of GDP)","NE.GDI.TOTL.ZS","42.1845773976957","47.1895290012373","35.4206134085157","28.9406623909188","21.8466084009868","22.6039435563255","17.3241316785394","23.434416768712","27.8679219220707","32.3527364810427","36.6490688527348","35.2813421933013","34.3024894195121","40.2841949679221","40.016534397594","45.4068264160628","43.3502750997663","46.9147351205209","52.2193540184654","42.5459250808005","39.0769221517633","36.9905945376913","37.283237083041","37.5695334243511","35.164423994732","34.5691720680959","33.5559245880029","27.5563794742765","27.6394845392376","30.0732338591257","28.5894206651089","31.8413271022186","30.7574894245852","29.0909081133635","30.0801428611511","30.9085562401555","25.6784142626908","22.4469725267253","27.1484816562939","26.2476846690659","23.5639069007647","29.4025185679593","32.422149775997","32.0808213874135","32.8514476424712","31.175075513314","30.3621197641824","33.5715459915764","35.5369334164485","46.0669131037696","43.2868274827225","39.7538222142123","40.2823786992933","44.5820108403061","46.8984793363791","51.779612559441","51.6415142855742","48.2675922575805","46.4568594962626","44.6295617875004","42.9493576825015","39.146266285101","35.0979536992694","37.6168765143841","41.098075603421","45.2674453295975",
"East Asia & Pacific (excluding high income)","EAP","Gross capital formation (% of GDP)","NE.GDI.TOTL.ZS","35.3655652427078","20.1261470773184","15.2738784729512","20.6403818419325","22.9971711279051","25.5575588919037","28.6753421062722","22.6003491574551","23.1020644213018","23.3744899398154","31.0740026237896","31.9385933573434","30.0195431139197","31.385281879514","30.4471395547958","32.2316175399512","29.7702558662468","30.4190788765404","31.7818437959539","31.3800488225594","29.9941324204681","29.1838775989026","28.8581265285805","30.8552382838961","30.4479574615745","32.8014707432589","31.4319971045201","30.0897338091577","33.0494632627103","34.1239587191931","33.8065251065956","34.74727789439","35.9871945340252","37.9559842992612","37.0502155483797","37.0766659398888","36.4661485960327","34.406018405796","31.8728080745016","30.2163301561382","30.3323999509433","32.2080223534191","32.5414008755749","35.3338020052437","37.1816987992581","36.476083172119","35.8575527275272","36.4660880257719","38.4244207248034","40.9057351112692","42.23214840266","42.5975954787205","42.6566500986092","42.8557559293474","42.4420654296608","40.4597505183855","39.9357985253611","40.3880733467996","41.2532299089028","40.4671478060313","40.2276573876466","40.8200803682438","40.418732073074","39.144457274708","38.5692686253475","",
"Early-demographic dividend","EAR","Gross capital formation (% of GDP)","NE.GDI.TOTL.ZS","19.8250791309669","20.7018981365608","19.6670866353735","19.5144941969207","20.9520707047577","21.6240374736842","20.3408529621535","20.5798989005951","20.4364686342792","20.7865488544901","22.0537481694829","22.0702118438028","22.3418201674768","21.1038212734207","24.6438472222578","25.498708198952","27.5733035246576","28.5902745027007","27.8454850231297","24.8687884173311","25.9424939955715","26.2327729560388","24.7714751698581","25.2234393371971","24.2335004663844","22.4033157076546","22.3098699281329","22.1243627046375","23.1120476891303","23.4538939286774","23.5744368149983","23.6184284064739","23.9772716588162","22.9714110269892","23.4569705585928","23.655918315099","23.3877635457493","23.4322687784801","23.3988868022876","22.8059972555182","21.8790727748828","21.783358458509","22.6404464004498","23.5850228717289","25.1304984552362","25.4839188396369","26.592592044457","28.1230359542393","27.9029709821627","27.5280863113057","28.5152012439879","28.6959786591544","28.2065733432859","27.4833257519906","27.5554482772503","27.2588480599331","26.8367431039559","27.2673318263476","27.4170393488911","26.6689542989733","25.7784619446321","27.3202052522213","28.2463035455006","28.4356645168283","28.1490216711262","27.8669322843875",
"East Asia & Pacific","EAS","Gross capital formation (% of GDP)","NE.GDI.TOTL.ZS","59.3603475232987","37.1006474495208","28.2435100765348","34.3287273408693","35.9481980363462","40.3244758231477","41.9466121300416","33.8607569686886","32.6784103991295","32.681798067242","37.7730161335314","36.013514437905","35.5583447685901","37.8505601041904","37.4641221400137","34.0137659934398","32.9170285528818","32.5836828176361","33.4477500994014","34.8415417669298","34.0359265406837","33.2769147095325","32.1228394411592","30.7319408952292","30.7073885661259","31.6831897055721","31.3854199907187","31.5646385371477","34.0866429361054","35.2550942751551","35.9256813721197","35.6014787826333","34.3103811366915","33.7930271402216","32.8705973620763","33.1576299881088","33.7713859946406","32.7522194333727","30.2972635469745","29.2476823394275","29.7709480370001","29.2994364297447","28.4155874626358","29.1024446905156","29.9240258959583","30.1345694896211","30.4279152686594","30.9643273765861","32.2794725037475","31.8333149284794","33.1184091982749","33.9743987717795","34.5091438906599","35.4642058743547","35.7737321344555","34.882491640808","34.3931019848217","35.0026983994291","35.8365534407662","35.3855845069873","35.2486610441955","36.1840419744199","36.3194530671178","35.1710895675472","34.7766958895711","",
"Europe & Central Asia (excluding high income)","ECA","Gross capital formation (% of GDP)","NE.GDI.TOTL.ZS","","","","","","","","","","","","","","","","","","","","","","","","","","","","","","","25.4265806861184","23.9143160242019","26.6671372019738","26.8398446354409","24.3341946262155","25.6037548696229","25.9617094765801","24.4180437180118","23.441637454081","20.2299235412099","22.9563551498873","20.8730577075154","22.0411476453378","23.2490811410219","25.27054225591","27.114643981332","29.1569368913778","29.440092780708","29.0931228549081","24.3165078274008","26.7983737372076","28.3719651007096","27.2453281831864","27.9450342734389","27.4824686751782","27.9695671229003","27.996644210502","29.5394212617154","28.6588471510913","26.5508441320425","29.2255144673796","29.3701613063244","31.0841006242174","30.4396006475948","28.9013395379019","29.7591036930903",
"Europe & Central Asia","ECS","Gross capital formation (% of GDP)","NE.GDI.TOTL.ZS","","","","","","","","","","","29.7589438761537","28.8150869937521","28.255174141597","29.3266656180294","29.5240011389855","26.0763189465209","27.1286912185805","26.2962297266553","25.4031692052801","26.1948167501879","26.4721900063792","24.0662247644708","23.6732098381169","23.147841034411","23.4339685996535","23.3091307924263","23.3699044368194","23.6879354408617","24.9363355600031","26.0386171150273","25.5386724553042","24.8868067501183","23.7936205084036","21.890846939568","22.1541103990598","22.3698883366056","21.8523988927336","21.6598433265804","22.133762529359","22.0725977065511","22.6407301116796","22.2281288444305","21.3878935192339","21.3254609092343","21.5627099861409","21.9286294175871","22.9741803313575","23.8741443837618","23.6665038174061","20.3077258288673","21.1447903575697","21.9398714464428","20.9472265780878","20.695733653223","20.9373573233372","21.1626711320179","21.364987920803","22.0063136178107","22.1864664387018","22.6219279769826","22.6408234345182","23.1398911666167","23.8720793183024","23.2092200023965","22.4573658055355","22.926258994668",
"Ecuador","ECU","Gross capital formation (% of GDP)","NE.GDI.TOTL.ZS","25.4143930602756","25.4251038911976","23.7317119575315","23.9202889330766","24.637161298936","22.1583517190968","20.2638227947672","20.308050707342","15.4355597934553","20.0095156196003","16.3593990071063","18.6803734243888","19.1502797962606","16.1797634380407","21.4106344116277","16.9642458544423","17.3429056801348","20.7634909197944","22.3925039526174","19.1233699343418","22.0695718662562","22.4624262258265","18.0841854791344","17.6933377297511","15.6377851268143","15.7169115180474","19.5802742087946","20.744059706371","21.1690428135705","22.3836642737737","20.1520380846263","17.8993560734041","18.5671580687204","17.0310040842616","17.4256704062713","16.0884542552235","14.9386605261091","16.6179432038656","19.9849105614128","15.7601582851424","17.1669504072431","18.4913081237538","19.6562625754518","15.7730766736655","16.2503185471483","17.4645010337808","18.118128561743","18.3175597771056","21.5659407925863","21.1732351412126","23.4900158733515","23.5320911453288","23.0133036457677","24.8833528938608","24.7058907826623","22.6864358338097","20.2460508591084","22.4803878213361","22.5404393330524","21.04923118303","17.5849129748726","20.7476106763154","22.4059052025305","20.7283478756321","19.5061364493705","20.9382930185742",
"Egypt, Arab Rep.","EGY","Gross capital formation (% of GDP)","NE.GDI.TOTL.ZS","15.4355543418897","16.0682340914899","17.8643631685352","18.4674539961549","19.4041514041514","16.8836901346281","16.3947163947164","14.0681710588607","13.0129972430091","10.7474207674608","14.6020739630185","12.8654797523477","11.2535097717606","13.1973980485364","18.8883135595128","25.9450495609241","21.6284342093488","23.9917660385632","28.6003807652153","32.1870243531202","27.5000000004807","32.0987503586538","28.949946562166","30.8270676691729","30.379746835443","29.7587131367292","29.4784580498866","26.0194174757282","33.1168831168831","31.6883103896104","28.9144058455115","23.7333333333333","19.4823867721064","19.8453608247423","20.6285714285714","20.1470588235294","18.1342632955536","17.562993606619","21.5031315240083","21.6189856957087","19.5530726256983","18.2603847226094","17.9994721562418","16.8862275449102","16.9379765093756","17.9758588672238","18.7307754573418","20.8512352309345","22.3897264098269","19.1901746305891","19.5010774075916","17.1030559404857","16.0267510598913","14.2119974199097","13.6431924882629","14.2886370146078","15.0402303092936","18.734101042151","20.6249196348206","20.6540385989993","18.8180606572831","18.2122435502994","19.8559132929551","16.4907339937373","12.9967401874752","12.8907929996361",
"Euro area","EMU","Gross capital formation (% of GDP)","NE.GDI.TOTL.ZS","","","","","","","","","","","30.0809239409483","28.968102876729","28.3675276512268","28.9934397545686","28.9287030539835","25.5601825955917","26.6615232236795","25.8984647920559","25.2870017252547","26.145124315644","26.8311345473534","24.4935121987908","23.8620728760101","23.0454129020907","22.9798866170982","22.7114557629291","22.6388084801387","22.7333375884214","23.81524272761","24.5853075679734","24.8049104738614","24.5456148736512","23.5762076317823","21.637258162619","21.9834857677852","22.3513124135164","21.6749997146408","21.789537319369","22.5434397567663","22.8178090647312","23.3913535306435","22.8692440681131","21.8033662621405","21.7148562088674","21.931894119722","22.2141337852087","23.2023173419516","23.9245787557053","23.4654886196565","20.2353398043584","20.7709882525461","21.3228021351475","19.8200475012493","19.4486448134093","19.765585876319","20.1717665259907","20.3832519865707","20.9966877338487","21.5962469801393","22.3513491187907","22.0268472577289","22.7737154916541","23.860747851764","22.4042759213814","21.4231833624219","21.8912390372887",
"Eritrea","ERI","Gross capital formation (% of GDP)","NE.GDI.TOTL.ZS","","","","","","","","","","","","","","","","","","","","","","","","","","","","","","","","","7.81085654182101","16.9950134881059","25.1373961895457","22.5366961317006","27.5892573606133","31.2807273816123","32.2868589150857","45.5141796492478","21.9967567603027","35.2606217610795","29.5489323270544","26.5439604075464","20.2629217457409","20.3394397206045","13.6811165438244","12.6735754136609","12.7135404800139","9.26379597839317","12.3854014927083","12.626317662696","","","","","","","","","","","","","","",
"Spain","ESP","Gross capital formation (% of GDP)","NE.GDI.TOTL.ZS","","","","","","","","","","","28.3592795052176","26.0720252569383","27.3126692246546","28.698580237836","31.8459100446494","30.108702101977","28.4183963438302","26.3656256990143","24.1718413888545","23.564029339421","24.3726048259371","22.7073133054672","22.5835171130443","21.7288645163574","20.5964637249933","20.8198240394992","21.7288582238905","23.1609017036908","25.3490667267879","26.6762987702604","26.8366821808878","26.0175021899712","24.0663837338676","21.4639090625489","21.6518714365569","22.5192771895824","22.2359933407779","22.6184122041501","23.934271607516","25.5474244088959","26.6723700485971","26.4824711323646","26.705648861478","27.5285511216757","28.3028257363739","29.4041085115965","30.5843124611931","30.458980215138","28.4790441123592","23.3519417701936","22.3988413816153","20.7135839205008","18.5944685336556","17.412338687976","18.1481477916625","19.3734408230247","19.0611122143393","19.5656670290524","20.7061758213476","20.9088226144802","20.6266482703898","21.8740337716536","22.6896137188078","21.1209265029601","21.1732200987249","21.4098077707284",
"Estonia","EST","Gross capital formation (% of GDP)","NE.GDI.TOTL.ZS","","","","","","","","","","","","","","","","","","","","","","","","","","","","","","","","","","25.9798021372351","26.8127267793607","26.4111323654494","27.4830229594263","30.7232535651635","31.6245038899654","25.9038094343294","28.4761032107323","29.6026320949271","32.9307657546669","35.1880300634078","34.6488549298291","33.3508381603819","39.8256877468792","40.0058943445447","31.6334055843093","21.0087753498274","21.5876781655604","25.4681664047184","29.0805066900785","26.8697121064814","26.727615908803","24.6409611018289","24.7023530937166","25.9381976210924","27.8503992212561","26.356088071314","29.6538687688692","30.9476651950782","27.9197718559639","25.1272018410877","24.5542382524843","24.8484773056413",
"Ethiopia","ETH","Gross capital formation (% of GDP)","NE.GDI.TOTL.ZS","","","","","","","","","","","","","","","","","","","","","","0","0","0","0","0","0","0","0","0","0","0","0","0","0","0","0","0","0","0","0","0","0","0","0","0","0","0","0","0","0","32.1076664694521","37.0979619673542","34.0811183155872","37.9937253037378","40.6712729848122","37.3487629699646","38.4439871569806","34.1629551124182","35.2639756233364","30.5789686598282","28.0252954109535","25.3422268262091","22.1694039604305","20.5754723151817","20.1199721623161",
"European Union","EUU","Gross capital formation (% of GDP)","NE.GDI.TOTL.ZS","","","","","","","","","","","30.1681532870717","28.9629728680986","28.3769836689749","28.9378082598649","29.0025945089705","25.8097862309296","26.8405012185924","25.9178559954141","25.1691444561743","26.1008953650305","26.7355457459801","24.2901244307149","23.6998688883563","22.942451415398","22.9737201420086","22.8646397788287","22.7888025561271","22.8975185267566","23.9515676199787","24.8049923373751","25.0364619848113","24.499003587849","23.5031151802909","21.5286273564527","21.9155033309576","22.303855897281","21.7296292771468","21.8874884988271","22.6404298598641","22.828510402212","23.4401066706692","22.8768746611712","21.8279669272345","21.7326614176036","22.0159735458205","22.2528983852817","23.3208231176935","24.2034216980176","23.7869535773398","20.4056500775899","20.9287666645066","21.528092119356","20.0927152674271","19.6899194301731","20.1099791009151","20.5323193230853","20.672791641382","21.2519738618161","21.8791651768094","22.5107125606624","22.1398198708378","23.0875130270926","24.2028431443501","22.5353593553062","21.5891925782564","21.9871843751093",
"Finland","FIN","Gross capital formation (% of GDP)","NE.GDI.TOTL.ZS","","","","","","","","","","","31.8216799928711","31.9418924071406","29.4133687529503","30.8945675388541","37.0262372556363","36.1656051779694","29.2252383526005","27.9854156187071","24.3945818554308","27.7736774454432","31.2448009506833","28.4017760962665","28.6805945036455","28.4041394335512","27.2388757905767","26.9557750107342","26.0642032037782","26.8133069400538","29.1100131666428","32.0054497181983","30.1371971329317","24.0884562723643","21.071875073715","18.6053031187945","19.7835536041304","20.3668718386251","20.2614314992596","21.7633888266946","23.0231418820736","22.4103146081584","23.8741513058525","23.1797971136758","22.0594179466451","22.231962772058","22.8724778097656","24.6073870744416","24.0013652587917","25.5534350124827","25.2485161104333","21.4741244119185","22.6073229974435","24.3388732893172","23.628342432802","22.6578278795265","22.1690024531831","21.9056862297328","23.5883124649425","24.309542246313","25.7234643496259","24.5675378797407","24.9836073895773","24.7881526265858","27.2854002667819","23.0226552627241","22.3393346932712","21.9039811811669",
"Fiji","FJI","Gross capital formation (% of GDP)","NE.GDI.TOTL.ZS","","","","","","","","","","","","","","","","","","","","","30.8528991712007","34.7348484848485","25.8667145679899","20.7756942062954","19.0778640319925","18.7329079307201","18.8273927618526","15.5746655746656","12.3267825648778","12.5464649579685","14.3131313131313","15.3183153770813","13.3423063563737","17.5659068384539","15.2033219857095","15.4065466094049","17.7524102838779","19.1443531283139","27.4684122393058","26.4806900710522","20.426615905719","20.4040404040404","23.2814526588846","27.5933229386407","28.3288231659244","20.109126984127","19.5016617533845","16.9868200952188","23.4233854934657","18.7332543818484","18.8034133838972","20.9973030462356","17.2726504613479","27.6331608661719","20.8868030181719","22.4177893827969","21.1168480958448","21.4235008492943","21.0487815705545","19.0575988776403","16.4454526616571","20.1916042501306","21.8309409306188","19.7992404570242","20.8672206832872","",
"France","FRA","Gross capital formation (% of GDP)","NE.GDI.TOTL.ZS","25.9054113459209","25.5984093854174","26.3943318550453","26.4071148801383","27.9422660942009","27.6479927122607","28.4577432517683","28.4505745988384","27.9826372401264","28.8759265377654","28.6427140907786","27.8228716506658","28.0824328400925","28.6696066258177","29.555860850035","25.2682024240644","26.9076860617947","25.9952709248086","24.6996115721825","25.2167478768822","26.1163834885544","23.8522112517773","24.1767124016057","22.0241491997679","21.4105351250654","21.2723789337356","21.8089701080998","22.3120902538891","23.3652340051982","24.2752053199391","24.4166717434176","23.5809030570734","21.8057009887396","19.2950345538123","20.0277093753549","20.1870996465323","19.2219851950366","18.8941086598021","20.1267071009099","20.7309977149378","21.8578770673408","21.5146500727515","20.7001905304491","20.6506168230936","21.3643685480586","21.9113534781153","22.6851885959248","23.5691050042771","23.4671040402669","20.7177586249113","21.3378695020042","22.4996452716579","21.8295648772748","21.520441960601","21.8364708236132","21.7165418613305","21.5978606152326","22.1813991959176","22.6115738942638","23.0250733613606","22.8044182138435","23.4474845782806","24.0233523984125","22.9278749312543","21.5139121721262","21.9383964560126",
"Faroe Islands","FRO","Gross capital formation (% of GDP)","NE.GDI.TOTL.ZS","","","","","","","","","","","","","","","","","","","","","","","","","","","","","","","","","","","","","","","22.1189565969173","23.6621329604678","30.8175663142274","26.1207244710926","23.2931008791536","31.4079823736899","20.2347772229319","22.0164882024069","28.6731062531774","32.1466437339491","26.1665235510529","17.5385290318388","19.5208247548459","16.2578237664095","26.2576905295352","21.595790449085","21.758138283562","23.9677773286366","22.1636691977062","23.4598770137724","29.7112462006079","27.6135742909209","28.2582797236121","28.866484662181","32.3235087170667","31.3788787867634","28.1699465696116","",
"Micronesia, Fed. Sts.","FSM","Gross capital formation (% of GDP)","NE.GDI.TOTL.ZS","","","","","","","","","","","","","","","","","","","","","","","","47.7943541623229","","","","","","","","","","","","","","","","","","","","","","","","","","","","","","","","","","","","","","","","","","",
"Gabon","GAB","Gross capital formation (% of GDP)","NE.GDI.TOTL.ZS","","","","","","","","","","","31.9553001217206","31.9695432921028","48.110599078341","37.5543140906269","51.7621737960721","62.6730103806228","73.4946460853845","58.0701246015648","35.0148367952522","32.9196400868756","27.5381552753816","36.3506431634111","35.0155606022374","35.1853284840981","32.9649145354068","41.9926691102966","46.3646390090778","26.3611477611471","37.4748271441054","26.3047547734931","21.6771566086635","26.4680317687759","22.4251144731331","22.448524189334","21.8675948708097","23.3031666249192","24.8489415957155","30.7613138432344","39.5576567296786","26.1685818669453","21.9020564270273","22.7454690749839","25.1070976391096","22.6391014756493","21.4960517696994","21.3645323014692","24.0451962615575","24.8786940506869","25.0898974271767","27.981113361031","29.7011138055349","26.6423895609865","26.9661499641622","29.1805950279998","35.1390486032907","29.2309562924902","26.9822610431075","21.2986084367913","19.2582324284114","21.8987965722319","19.8634691073054","17.4565506185946","16.0269404879625","18.0760661099963","19.1352290513023","24.8259134740888",
"United Kingdom","GBR","Gross capital formation (% of GDP)","NE.GDI.TOTL.ZS","","","","","","","","","","","24.803019228297","24.2107689779823","23.5772827460546","27.6514123215513","28.2092330721341","24.3436279444333","26.5003066821166","25.8604173297263","25.2292938577211","25.3835368295119","21.8204358753913","19.6832558485237","20.4946881762739","21.4340779130715","22.5662835138609","22.3759649155019","22.1262091437958","23.0862074939962","25.8494962583379","26.5009062473522","23.5558879470108","20.0945518746354","19.3151113557582","18.8481723359341","19.8743554715806","18.9204616566911","19.1254683349223","18.297638385084","18.7986884775091","18.5387402828054","18.9469377484139","18.7962716702215","18.6991795058955","18.3223472121232","18.1006116145736","18.4132680657531","18.909666594501","19.1749332518758","18.2886587771819","15.9866102776379","16.6181160375508","16.491680863741","16.5145890011547","17.1697393956196","18.4324178455585","18.4755209500336","18.5956388685899","19.1317371265417","18.8761161911788","19.0285140310906","18.2807146353402","18.8987416108827","18.3468561370256","18.4594014019513","19.1682079957281","19.6884002261946",
"Georgia","GEO","Gross capital formation (% of GDP)","NE.GDI.TOTL.ZS","","","","","","","","","","","","","","","","","","","","","29.2708887706227","25.2073507887461","26.1860751694393","31.1526479750779","32.7332242225859","34.0933304922225","29.8899176204709","28.838714215376","30.6706652126499","27.866796711718","30.7363356942403","28.2722513089005","23.3914209115282","5.99991461800706","2.64656987698105","4.03290267446782","19.5957321959416","17.83745856111","27.1704525995102","26.4529962778062","26.581315880922","30.3277464788732","28.5011829399142","29.0958769748135","30.9874494874953","33.3296044196233","29.7348059086723","33.4545540138168","27.6897912964157","13.9858779050373","20.929149397264","23.1207490708456","26.0276223249812","21.7000864850024","25.6503571653742","26.8771593145768","28.9031069953219","25.1248176100629","27.9262958963283","27.1682284921369","24.6056865974412","20.6788502074962","24.0666627779303","24.9987945206376","24.4998956717628","21.2783084109128",
"Ghana","GHA","Gross capital formation (% of GDP)","NE.GDI.TOTL.ZS","24.3958573072497","20.1075268817204","17.1225937183384","18.7272727272727","19.4983818770227","17.8717598908595","12.8458498023715","10.3058510638298","11.1176470588235","11.7941029485257","14.165559982293","14.12","7.10479573712256","9.02599257355041","13.0472103004292","12.7200454287337","","","","","","","","","6.87682260192711","9.5700893169469","9.36207574213961","10.4340482573727","11.2959904718054","13.2090143055318","14.4439972906995","15.8789864096371","12.8","22.2101701918855","23.9577329490874","20.02141465743","21.1999964722587","24.8062125356045","23.1093894542091","21.0005345047085","23.9986004971918","26.5994216024397","19.7","22.9369279766376","28.3775066840527","29.0021406363098","22.46580573765","15.3845449877747","16.4919639408033","16.4317931081367","13.1001937072805","12.8099929663177","16.967722122965","24.7715380530843","27.1650663374465","27.7096411705743","25.4556554537134","19.5655199555214","21.7093349999065","18.6472756161472","18.2236669857819","17.0366779158262","16.4078520116581","10.1167734489869","9.90013336152883","",
"Gibraltar","GIB","Gross capital formation (% of GDP)","NE.GDI.TOTL.ZS","","","","","","","","","","","","","","","","","","","","","","","","","","","","","","","","","","","","","","","","","","","","","","","","","","","","","","","","","","","","","","","","","","",
"Guinea","GIN","Gross capital formation (% of GDP)","NE.GDI.TOTL.ZS","","","","","","","","","","","","","","","","","","","","","","","","","","","10.2395448438155","11.1537689132642","11.7187573236833","11.7846878662606","13.7904295464944","12.4840120639989","12.0355105900094","12.1794307586093","12.7907272013291","14.9449539080799","14.2533946003059","14.4085318460251","13.1736985505463","13.6120568956807","14.0409789124706","11.3011270031639","9.97077078957571","14.8250363931269","14.2157436663636","13.3976935679061","24.5633976978161","23.4196733530526","26.2176976521342","21.3066122469499","20.3254011637907","24.0533327443322","26.0215285191708","23.4939613943409","22.8165774180333","24.16336683296","52.6698445118375","22.270417145837","19.5473148183264","19.7285576989784","31.5164009990609","16.0762705485493","14.0142215654177","23.4269896966463","32.1029483630478","36.9988628041511",
"Gambia, The","GMB","Gross capital formation (% of GDP)","NE.GDI.TOTL.ZS","","","","","","","8.17808739708676","9.187747957993","10.5903206997085","10.0411264612115","6.889857732905","5.59310043668122","7.22660472972973","8.12","5.95710799267846","8.54501800720288","11.7514570478746","13.2785683629975","23.1329241071429","29.089668813351","26.6954752218547","25.3338998817139","22.4603300233155","18.8831642608018","18.313404657017","15.0861823766995","16.5992532669571","17.1258329062019","16.355962995053","20.3652602341327","22.3431942658285","20.33774597816","24.7893296900346","5.27775613441201","4.68549362124338","6.90370339562912","6.77920057408904","5.17516950891356","4.88440201890588","4.75504718389999","4.56249739677209","11.1727401352846","7.27832762883119","10.0388860071725","14.3183765243099","13.8318506658647","15.6906853088323","12.5665208782691","10.5224347295927","12.8914138046647","13.8767105275043","12.8961682852301","20.8771686494917","14.7115331277791","16.6526122015212","20.3498140429739","24.919934192266","22.9597266827213","20.8784242569263","24.6538431612228","32.34205468872","30.3707902499395","28.6236492072635","27.4459749946814","29.9390742901818","40.3862842226019",
"Guinea-Bissau","GNB","Gross capital formation (% of GDP)","NE.GDI.TOTL.ZS","","","","","","","","","","","29.5728972581679","28.0001794857061","22.7521253803918","20.8898783455442","16.8153069977531","15.3974448788206","16.2587402776971","19.7804976551403","21.6950855282518","21.8370595473489","28.1809613969355","25.7456931365562","28.2595547604301","22.6619262339664","37.7245564040505","25.431636118178","23.7796404356326","35.2144627256135","44.7013023036553","38.9819331345939","29.925818675468","30.9893744027146","48.1099242666037","30.8574690279429","21.7707041676943","22.301054752872","23.0520754974251","53.9278362124338","30.6089755651661","21.9445482040627","20.0607519051822","18.8821713857088","23.5961232443338","27.64774494114","20.9616308959262","18.2527613564441","20.0790987853146","24.2726381660371","17.3390259766336","18.3648740410824","19.4936149100766","15.8456824536409","19.3541909065405","19.2302341915086","20.1399364198987","14.6862099976075","17.6713587535475","18.1207259537486","19.1670199875353","22.6553314686588","25.6520539076115","21.3777985175597","22.1191237069243","26.1883825780139","26.3297674421831","25.811997138469",
"Equatorial Guinea","GNQ","Gross capital formation (% of GDP)","NE.GDI.TOTL.ZS","","","","","","","","","","","","","","","","","","","","","","","","","","","","","","","","","","","","","","","","","","","","","","39.4767488235046","26.5011245422482","29.585907339941","27.5417518128173","39.3928256509129","38.0562994925977","32.0492712659016","41.1481428957988","30.3080451576082","28.7093001746","24.7014529043977","16.6986459903143","14.03171665413","12.5014966275534","10.891703090741","6.98846405853807","8.24679554193157","7.33815470437154","5.29395318380449","5.05406672559606","-3.67920645534179",
"Greece","GRC","Gross capital formation (% of GDP)","NE.GDI.TOTL.ZS","15.2152426095875","20.5512940761309","21.6209766692666","25.0513864574215","29.3079210690835","32.1589823023432","29.0056389314185","27.2711467869401","29.6120716224639","33.9281181081124","33.6493817892242","35.0893015799055","38.531098277573","44.5641474723201","35.3061770900051","33.6124091454659","35.2669006078097","31.1446064321389","30.257017016532","29.6204740837548","28.2555865043219","23.0928133035932","27.4923940692497","26.4365379394967","27.5092775896972","28.9295457116394","27.9969152236899","21.3028814387888","24.5436994949277","24.7896501258346","25.4339840826852","26.2169148198303","23.4523761337906","22.3191586477357","21.0336354720997","20.7405368073224","21.7600388412521","21.1326433933714","23.7367131010281","23.2372482227425","26.1132103512829","25.1433571820657","23.6770908566951","26.1381770101347","25.179542966525","22.1679676033349","26.2902425409373","26.6707144196319","24.8460183343649","18.9186670370279","18.2157587611931","14.0714513074627","12.2606554594296","12.1129082926078","12.136918450953","12.0084097844243","12.4680861540635","11.8883016329317","12.9530537485632","12.0996603246177","13.5410023084822","17.48296657419","18.8094114631783","16.1682825755533","18.2925535607175","17.2436068756368",
"Grenada","GRD","Gross capital formation (% of GDP)","NE.GDI.TOTL.ZS","","","","","","","","","","","","","","","","","","","","","","","","","","","","","","","","","","","","","","","","","","","","","","","","","","","","","","","","","","","","","","","","","","",
"Greenland","GRL","Gross capital formation (% of GDP)","NE.GDI.TOTL.ZS","","","","","","","","","","","","","","","","","","","","","","","","","","","","","","","","","","","","","","","","","","","","19.3560952807588","16.3169608103529","24.1582605403359","23.1391220816105","30.4981506127881","40.2984137449277","32.2123750258059","52.3533172325614","64.008714899286","37.6720801772897","30.0951623064425","22.597956240988","24.0296661076021","24.4966719162409","23.61529351157","21.7411808603811","31.269509364495","33.0152180796327","37.1090109189602","37.84070939282","35.9956193360065","","",
"Guatemala","GTM","Gross capital formation (% of GDP)","NE.GDI.TOTL.ZS","10.3008825508703","8.91613345557105","8.77929345925149","10.555907507127","12.8165663010212","13.309299482447","10.7571726468685","12.9411764705882","15.144365104005","11.408418526782","12.8256302521008","14.3843208383716","12.125826869081","13.6851933019931","18.5987669966398","16.0947914095285","21.4051716305788","20.0383169404866","21.6189496386206","18.7451099949263","15.8655615774176","17.0316590055768","14.1447739180259","11.0718227150576","11.5723335631221","11.497419578864","10.3327439680973","13.910564370404","13.6991972849607","13.5151111989657","13.6026147116177","14.2952804419133","18.3253187154602","17.2462854326623","15.6812995803929","15.0551087041391","12.6867821057714","13.6845417528487","17.3955162051438","17.353993219007","17.8353874290357","19.9770448018788","20.887908572384","20.6215067836553","21.1896060622906","20.0511386188244","21.1650083094562","21.1695664233488","16.6715643176913","13.2666014648944","14.1641936924863","15.4821754242397","15.1941445941618","15.842634417154","15.0711605818958","14.8281546199354","13.8619676619807","13.5961012985168","13.7904254321553","14.329834104624","13.5006823906422","16.7682426727187","16.6289389615705","16.5190523218535","16.4251362811647","16.7712548416598",
"Guam","GUM","Gross capital formation (% of GDP)","NE.GDI.TOTL.ZS","","","","","","","","","","","","","","","","","","","","","","","","","","","","","","","","","","","","","","","","","","","","","","","","","","","","","","","","","","","","","","","","","","",
"Guyana","GUY","Gross capital formation (% of GDP)","NE.GDI.TOTL.ZS","28.2727895819054","23.9799121155053","16.6367444643926","16.8934616661135","16.052710392333","22.2344827586207","23.8683127572016","25.8170703033153","22.2633297062024","20.8182912154031","22.7595220313667","18.6314483247651","19.8398131153012","27.2177419354839","26.4062009008065","33.0610526315789","37.4526890238535","29.0744198452921","20.5095842865031","30.9931377724154","32.7586206896552","31.3713231916921","24.9654218533887","21.3896457765668","27.4203230655248","35.7948717948718","40.1382506976152","31.1079098961753","21.1454814196588","22.2362055509897","31.1330985432403","39.7631504388441","51.7513262292977","40.4281413639131","27.0030369172015","33.2286832637757","31.8572069303129","31.8879419916993","28.9207551153805","24.9979547163444","23.7759824891985","21.5703446978272","20.8604990254453","20.952115865171","23.5456808733306","32.3339782741868","","","","","","","","","","","","","","","","","","","","",
"High income","HIC","Gross capital formation (% of GDP)","NE.GDI.TOTL.ZS","","","","","","","","","","","27.0880977150893","26.7171767351207","27.0015304295853","28.3134015872344","28.4271835700805","25.1704514119831","26.2293438031724","26.3693905919046","26.8622403054923","27.4310969970524","26.5832225000912","25.8763072513686","24.5342107560468","24.1588743748852","25.4775065466878","25.0426278496531","25.086100676749","25.2913619232576","26.3196647634977","26.9124103730667","26.3596402585136","25.7482427510733","24.8911733893041","24.2522750675432","24.513788893656","24.6863287541759","24.5253509427433","24.4190231876594","24.0647214884956","24.1124152876334","24.5829313237761","23.4579402718659","22.594700406284","22.5002606387575","22.9268356287904","23.347294858054","23.8480787387746","23.9866410248375","23.5332734679437","20.4544491389196","21.2770208614602","21.8104054667802","21.7876698374834","21.6850665030526","22.0511226418151","22.3290235732596","22.1637444430065","22.5026577814665","22.7628553946823","23.0127844943671","22.7277253389946","23.1193437999868","23.6290607781453","23.0184917157536","22.6439539857232","",
"Hong Kong SAR, China","HKG","Gross capital formation (% of GDP)","NE.GDI.TOTL.ZS","27.6886859175534","23.9839034205231","28.4448025785657","33.4899779418817","36.2466352624495","34.8957213502473","27.6431872286795","20.1098546042003","16.6152543398052","16.3554046406338","20.4059551631611","24.3431655485177","23.4191165057585","22.8833450286737","24.1828958509738","22.9466212264817","25.3815947811768","26.5214780852574","28.7298034552703","32.6352592487421","34.8533272060103","34.9393356300914","30.9833932807837","26.6696121612106","24.417921157898","21.5001725824081","23.4324935652445","26.0678369683613","28.3520284245488","26.523507244324","27.1705247840656","26.9214245728842","28.176873613916","27.2498684224659","31.3792742066101","34.2907008541509","31.800346636164","34.2001903745076","29.0038636957848","24.9795092484443","27.58240928418","25.4912038221478","23.1809524249985","22.3796401439042","22.3574337350953","21.0598211914668","22.2851483120043","21.3960754951065","21.0412143694213","21.846864085774","23.8904664218175","24.1431842971831","25.2201335356512","24.0303885554212","23.8224694193154","21.5414797271378","21.5074050489079","22.0690168599844","21.9946611253535","18.189947213062","18.9818868649406","16.776482902733","15.2301843910226","16.1515290771197","16.0647173800011","18.3485734626658",
"Honduras","HND","Gross capital formation (% of GDP)","NE.GDI.TOTL.ZS","35.0257542310522","30.9159546989867","34.0125833411588","12.7371273712737","13.0265606496363","13.9774210890101","15.3001517012208","18.7895332578734","16.5062235575449","19.0135007105637","21.1576735957541","15.6502686629454","15.242807936739","17.5706815563237","25.6476267095736","20.0067666629074","16.0668218712641","22.9441784605672","24.4250412549872","24.1840296520206","23.4392664238161","19.4514249814381","14.3279458488742","13.9342021325071","16.9383855678801","16.2858397061202","13.0256475638002","15.3050867696227","18.1677032254669","17.8840198264789","20.8145297308561","21.5461270559524","23.4645078748842","30.7930055845464","33.4611674810783","27.5106119916622","27.2382792837506","28.6162160833594","28.7126482507076","32.3507550525747","28.2884312103977","26.0009441315636","24.2583609075411","25.2808823550006","29.6655573270591","27.6229758897269","28.3419297293105","33.665300607277","36.0659698365463","20.599443751492","21.8798406875029","25.9999916424846","24.5642087901292","21.7603523031056","22.1838322277385","25.1180047488604","23.3771285357634","24.8207131723601","26.572086282814","22.9681696612318","19.666372727561","24.2309330499915","26.3262317410881","22.1864309601857","23.1954034193464","24.1646781235937",
"Heavily indebted poor countries (HIPC)","HPC","Gross capital formation (% of GDP)","NE.GDI.TOTL.ZS","","","","","","","","","","","","","","","","","","","","","","","","","","","","","","","15.6143166660615","15.5080976240374","17.0070503723829","17.0155176743424","19.0191570178984","17.7465334038911","18.9977706741789","18.2208886312189","20.473904241668","20.5611212853331","20.4448478673083","20.1905998120519","19.7102324352345","21.0793271433504","21.7652101014578","21.939096305851","21.5363013484799","22.1844151700875","23.7475108179455","22.3306282334434","23.3635238942212","24.2384399953732","25.7746112931265","26.9701379278198","27.6598278611528","27.1989637074464","26.6570467311596","25.9243844055442","26.6235096034535","26.1385609582441","24.4054162082799","24.9534081229362","25.4571661359738","24.0666906897984","22.558615048728","21.9495205797009",
"Croatia","HRV","Gross capital formation (% of GDP)","NE.GDI.TOTL.ZS","","","","","","","","","","","","","","","","","","","","","","","","","","","","","","","","","","","","16.1873250190888","19.4848694848695","24.6513994910941","20.9284136915716","20.404321126003","19.3198414354267","20.5000776518093","23.7622362794643","27.2298359919119","26.025034935926","26.0799867333683","28.0931881488985","28.1517266885488","29.5499946300075","24.3749580320971","20.3682057276447","18.9999778658226","18.0237101203367","18.7253117926413","18.0574128554872","19.4796153678806","19.8965647731573","20.839700796268","22.4888446291438","21.9666338833643","23.5436701876084","21.7935313576607","26.1828346619733","24.5586341019877","24.3198882486468","24.5851035224523",
"Haiti","HTI","Gross capital formation (% of GDP)","NE.GDI.TOTL.ZS","","","","","","","","","","","","","","","","","","","","","","","","","","","","","17.6607011336354","18.829864502571","19.9200669136332","24.3679814128451","22.1202164669501","13.8373197478629","10.2005694796458","26.0895832219771","28.1304263939803","24.528756064141","26.0044129085512","27.6980391024345","8.32239600531104","8.04811181920893","9.49595832222187","16.6792585587853","11.4076572923675","9.81592773095545","14.3527712251236","9.22466753259594","12.6171620718569","12.6069242243299","24.988217664925","20.9967494829716","17.5092344164627","17.880859322137","16.556866327765","13.9737286463314","16.8368465949706","20.1351064542864","16.0510920039064","18.5362500202298","17.70308377994","18.0804482133408","15.8819734745448","13.8845627892934","12.1387816868155","12.0595765408366",
"Hungary","HUN","Gross capital formation (% of GDP)","NE.GDI.TOTL.ZS","","","","","","","","","","","","","","","","","","","","","","","","","","","","","","","","21.1958705871222","16.6599937556592","20.679039803699","22.9964145435708","23.420550366966","25.1079029013767","26.4418752273102","28.8224890364809","27.2873039051869","28.1973908964954","26.3575592807833","25.7468753302212","24.7088343047099","27.5022265501896","26.164171343722","26.3418856770072","24.8978381794695","25.1420059545726","20.9966487581136","21.1892791243323","21.0337908782192","20.2865308170944","21.8946534040546","24.4405160787979","23.8567656111926","22.0321821931455","23.2730768860194","27.0910945827596","28.6983472177676","27.4644940725212","30.9364017933183","34.253984477795","26.1919852280501","23.6636684415802","22.1520837238855",
"IBRD only","IBD","Gross capital formation (% of GDP)","NE.GDI.TOTL.ZS","25.1616396414436","20.7834846280885","18.344490224974","19.6578549679103","20.93785705232","22.167679300245","22.6646051540788","20.7500271949425","21.0635912327562","21.7718791618762","24.4406151640847","24.6640347356662","24.2298543847569","24.5505831288523","25.9527874843568","28.1227157766446","27.5157757944963","28.2014131164951","27.6355564655708","26.2058563577606","27.1096769059507","28.0888976959169","26.0802712838713","24.6560176730494","24.6177901094507","25.2894292166269","24.603213494325","24.5549077092169","26.0613838872163","27.3239643364945","27.4410302908368","27.2540659513357","27.4835710213169","26.6142387250315","26.8532361715259","26.1428429029615","25.7427746638937","25.088391102633","24.1500425846681","23.9921233260196","23.9539996011452","24.8069108265061","25.3121492975392","26.8047597452512","28.2863250588871","27.867093806279","28.426312872217","29.9148901907875","30.9904317193182","31.0222114594589","32.3312354144323","32.9936991181551","33.0274908268491","33.1222478616579","33.1363589205337","32.7307999322365","32.2648137903942","32.5260614883876","33.4504304487613","32.9001841913202","33.2138184009414","34.2734590979543","33.9180029478596","32.9276837467672","32.3854519852049","",
"IDA & IBRD total","IBT","Gross capital formation (% of GDP)","NE.GDI.TOTL.ZS","23.6091577290676","19.6977597588065","17.4885068418195","18.5183821038994","20.0714156468785","21.1521178714547","21.4301937388971","19.89145859167","20.1782164945813","20.7295325848571","23.1054281241054","23.4688266661307","23.0103228817028","23.5329439453826","24.7342103181111","26.5292473263955","26.0531978723812","26.9199398120332","26.4172460084248","25.1044905188603","26.0850119626403","25.8949267257557","24.2749871013043","23.3513891162452","23.5836108044031","24.2040175332169","24.0460545509273","24.0828679643062","25.4957119140505","26.7220897985785","26.8299186392479","26.5041858497081","27.0378584558094","26.1388418946068","26.4326434653778","25.544068593753","25.0564786898749","24.4110798510228","23.4642800860482","23.8784706212446","23.8300985060133","24.6276452015364","24.9764356643348","26.4277726861117","27.8575093976316","27.4800651168862","27.9764740970451","29.4628444745184","30.5161616988612","30.5352180902143","31.8089032555047","32.4950900098492","32.5930499290529","32.6755370520575","32.6453701650856","32.2625358550885","31.9362023230479","32.2881672627942","33.2057165474149","32.4332906402071","32.6954153424278","33.85779072652","33.5203549669798","32.6744727140378","32.289041658352","",
"IDA total","IDA","Gross capital formation (% of GDP)","NE.GDI.TOTL.ZS","","","","","","","","","","","","","","","","","","","","","","","","","16.7470593696763","16.7090579731487","20.1704361254721","21.4857013820473","21.4867478142376","21.4013506889192","21.4833222436104","21.3864279519342","23.4053332121045","21.6563643597024","21.7320490034404","18.8158558949473","17.982436069032","17.1083052556896","17.4759778240616","23.2373452109278","23.7175227337684","23.1764692166476","21.6747188344048","22.6219455124096","22.9047259776889","22.7220557408523","22.2429324824763","22.5035000171835","23.021752430173","22.8973787626209","22.1783203190538","22.0246448100407","23.2607194797593","23.9984928886378","24.2733770932398","25.0981467243408","26.9315751905203","27.9967625739162","28.7447124611144","25.8295203767414","25.4001925791318","26.6100153275096","26.9733890491726","27.164693610069","28.9427880125122","28.0210044551064",
"IDA blend","IDB","Gross capital formation (% of GDP)","NE.GDI.TOTL.ZS","","","","","","","","","","","","","","","","","","","","","","","","","","","","","","","","","","","","","","","","","","","","","","","","","","","","","","","","","","","","","","","","","","",
"Indonesia","IDN","Gross capital formation (% of GDP)","NE.GDI.TOTL.ZS","7.86776012301384","10.2339927674963","5.60257658602352","8.19621042134131","12.0838298170603","6.69211303247575","4.52674897119342","8.00896437839113","8.80431153717747","11.6629874908021","13.622754491018","15.7952069716776","18.7773882559159","17.8872864038855","16.7818453492716","20.3417045679256","20.7212915489406","20.127612344627","20.5341598522817","20.9343208827993","20.8715015942102","21.3844929387158","22.5834526752146","29.4017715637958","24.8846749403824","25.3469459717401","27.6465173156606","27.2467189939824","29.0980220231829","30.6830325980787","32.7076900896332","31.8694254830288","30.1758273386831","28.2806731118536","29.5706877484337","30.4298110883689","31.6023606375148","30.3076757881764","27.4295066667294","22.1387593118175","22.2456969315568","22.539266316067","21.4040702075173","25.5984983869787","24.0563663747717","25.0814099389568","25.4002172943548","24.9202838487256","27.8162445798583","30.9851924139981","32.8801214533558","32.9843332593045","35.0715936108893","33.8313567879018","34.6003439149803","34.0627921803386","33.8587393039462","33.7105947957751","34.5705858319707","33.7801423773995","32.3434120537481","31.4488724858485","29.7453138212259","30.3426390629498","31.396316156558","30.6186915015727",
"IDA only","IDX","Gross capital formation (% of GDP)","NE.GDI.TOTL.ZS","","","","","","","","","","","","","","","","","","","","","","","","","","","","","","","17.169629840359","17.0408750334396","19.3978177216866","19.1529542257504","20.6282785597867","19.6899086264958","20.9963406721817","20.4672601952726","21.3442586371543","22.2326893370582","22.4679890729432","22.2003871481804","22.123575050583","23.0191794012403","23.9401852580675","24.154584306731","23.669915130638","23.4315137945706","24.0103886223835","22.8981629025442","22.5568022139887","23.2323541067122","25.316506064307","26.8803383233332","27.2571323427707","27.1153626819327","28.1946455442983","28.9012801395653","29.9038307677303","29.4441275406704","27.936885921039","28.8955643377964","29.1066813314341","27.5011430149414","26.4872494227363","25.6297932299279",
"Isle of Man","IMN","Gross capital formation (% of GDP)","NE.GDI.TOTL.ZS","","","","","","","","","","","","","","","","","","","","","","","","","","","","","","","","","","","","","","","","","","","","","","","","","","","","","","","","","","","","","","","","","","",
"India","IND","Gross capital formation (% of GDP)","NE.GDI.TOTL.ZS","17.9313352864798","19.2621458307568","18.1075707708237","18.9954571074823","19.5298284932289","20.0572229945507","18.3580138165654","18.1975444704354","17.7422497494354","17.6400952349903","18.2114387329179","19.2036157433701","19.5484319396904","18.7007586479695","22.5115175742591","19.5451062648376","19.4192719578704","21.0956125472627","22.6507207547063","23.5953767441188","19.5550034544046","25.5601376265736","25.1341943149098","21.0395721185203","23.2914173032296","26.4460769030045","26.0656839397328","25.8271313054029","26.2826349945907","26.8610369133845","27.3361977013687","25.1405052782292","27.44020415513","22.716410511618","26.3101665553988","29.1523371515588","22.7592531809279","25.6927329065132","24.9753699423901","30.9580879683861","25.677316683955","29.9078889827325","30.2513001207186","30.8396999424416","35.0964917017773","37.4282640165983","38.9985063717532","41.9507982267334","38.4224196528192","39.2567917551336","39.7856241847736","39.590421855219","38.3474156730403","34.0231978997548","34.2678056268836","32.1167301358276","30.172690580036","30.9821728344733","32.3432182154485","30.0961975685688","28.9223840080659","32.1158221755014","34.4117962357355","34.504684353812","34.3459060404746","34.6030048968457",
"Not classified","INX","Gross capital formation (% of GDP)","NE.GDI.TOTL.ZS","","","","","","","","","","","","","","","","","","","","","","","","","","","","","","","","","","","","","","","","","","","","","","","","","","","","","","","","","","","","","","","","","","",
"Ireland","IRL","Gross capital formation (% of GDP)","NE.GDI.TOTL.ZS","","","","","","","","","","","24.0135413025636","23.5371863049837","24.5850847824882","26.3242322614721","28.4703476625664","22.8959462542613","24.9172757463147","27.3899390388007","28.4887488050138","32.3990404137501","27.2990698020539","27.8369159989509","27.2497029614945","23.3754437724938","22.328918086108","19.5793124254936","18.380978532257","16.7377155459976","16.3158730758184","18.4099637261264","21.5271166857683","19.6727224029314","16.6369288990548","15.4691943027022","16.5139818932744","18.8729999996348","20.5306172977767","22.2290100151542","24.0979632507511","24.6355061654085","24.5079507553549","24.2562415894467","24.0825971908065","25.7442230479854","27.2182633667919","30.3097495862833","31.8932052929498","29.2481055759668","24.6670937529866","20.3036687538517","17.2913563758605","17.1044449032773","19.8882110372842","18.3655706866444","21.9360604785157","26.0839383373545","35.6293704495612","34.0348773847935","28.1743871487953","53.7020817171995","42.5912041670915","23.031901720559","22.8840856405086","26.6582803909323","18.2483791335529","22.93212457567",
"Iran, Islamic Rep.","IRN","Gross capital formation (% of GDP)","NE.GDI.TOTL.ZS","25.1499234966602","25.1817750988148","24.4290086267326","19.2420422553221","26.6117703841855","31.8564969889528","34.218593221345","34.1466439969401","41.4016624663623","40.1545779177138","40.6364036051821","34.8055958616121","40.1056276746431","35.0730599466076","31.0292858756385","41.3951512121503","48.0903358586154","48.4288843146384","39.1251191179392","25.0081710654864","47.8648931187431","40.075821434645","26.7731877059339","36.2682504282605","33.0452680891612","24.2749880460203","22.2131182484742","20.0929777858558","17.1339399943284","23.0479384291514","33.0218426264171","42.1745793936032","42.1998932885281","30.3952910243117","23.2945876948872","30.1801718644517","37.7860855954427","35.5428395113477","33.8589348069767","32.5416653826154","35.1005334892763","35.2518166911727","39.0541109969948","42.1052670447947","45.9987878391338","38.7176635773832","38.6491173626565","39.7289451366129","41.7574530941627","40.8981709173692","40.262449246465","36.0168035751403","36.3509581769324","34.9452115156879","36.9396571448965","31.9824085202657","33.8794450615252","35.340529085025","36.2050901154488","40.2029489850244","47.9209340647566","41.493032546299","40.7255733512162","43.772806898094","44.3461376412017","41.7726821761424",
"Iraq","IRQ","Gross capital formation (% of GDP)","NE.GDI.TOTL.ZS","","","","","","","","","","","17.3052308217425","15.3249414519906","19.9561883899233","23.0774176954733","27.9014378546855","35.7194977731928","24.7739843600992","25.4924720904032","20.7439076528431","29.3591947847267","30.819811422448","61.8820999568164","57.9651898983067","15.6952697884478","18.5569277501735","24.4114629824538","19.5761670761671","20.0778409090909","22.0165498502486","-3.74560831834731","44.3203132683075","-12.8800799027598","31.790990058067","59.3409418837862","58.1720491835802","51.4444088864748","58.0119326410892","4.20360065470786","7.39214687039576","38.3922988120077","29.1473474951006","43.4222872253888","18.2268757348604","10.6509542219875","16.916898692748","22.1552649539445","18.9175988102635","9.34171909242017","15.1841021528875","11.2966377544437","15.8678653909697","16.7595018107714","13.4461715093466","20.2677398214538","18.2159749362255","20.359651707882","17.8772047937279","17.8524768622366","17.5854705162866","22.7407245883586","22.3468589955872","21.4281806177598","24.3148601227151","20.2898355344199","19.1361226916833","",
"Iceland","ISL","Gross capital formation (% of GDP)","NE.GDI.TOTL.ZS","","","","","","","","","","","26.8685558951182","35.9317408156111","30.6262728460381","34.8200522255281","39.0935133376293","38.1601847759984","30.9544112115328","32.2982268296702","26.6731310503389","26.9618978455766","29.0975374813257","28.8176274559116","30.1613033073033","22.6095117363995","24.9228036458666","22.3394199076144","19.824471864178","22.2682994961197","22.4102226200621","20.2261090973945","20.4111384376855","21.5449985523037","19.4723815157361","18.1896405377412","17.2152184609068","17.5771002221107","20.055046687195","21.3593693970198","25.462234584976","23.2450819899207","24.6194667661392","22.6569252253114","19.5095367275369","21.1252538271133","24.596069073569","29.1309380362617","35.9714130790896","29.6512685107527","25.8874469911237","14.7799889271266","13.8337714379496","15.3142065291421","15.8900528697338","15.0113948326003","17.0733672335346","19.1932461301069","20.8155538899524","21.5754324923505","22.1950215110373","20.2034835852927","21.0463401608498","22.8196745243326","24.2427194310717","25.4249837598989","26.244095255716","26.5735971497726",
"Israel","ISR","Gross capital formation (% of GDP)","NE.GDI.TOTL.ZS","","","","","","","","","","","32.6031744583536","35.6474404254466","35.7225535571596","36.6953837831559","34.7278671115815","34.7760188726643","29.1913533184254","26.7512924013085","29.2947793720494","30.2197906154846","26.3504980130916","24.8352902405228","27.062567646148","27.5493033635813","25.7447001503006","21.8462981506237","21.445223715763","21.8486455464147","20.7523904228633","20.0408163713454","22.4214554401179","29.0369992822045","28.7758127592748","29.4908843198171","28.7956209556212","28.9238008910513","29.2452744098723","28.014631010173","26.327142974451","26.651352955135","25.7252537476368","25.5328169777136","24.2112357730076","22.8425391353038","22.7862664956991","23.6987463364646","23.629532084511","24.4622238069697","23.2574997076323","21.1775875014543","21.5643647121231","23.4772572787079","23.9326525531779","22.367712677715","22.8738626615703","22.1424461285642","23.1371837937667","23.2503716118668","24.1916664223315","23.8852070285614","24.9808151761248","26.1469038673945","27.6477944169544","26.4012938714102","23.7996513084829","24.3470505998991",
"Italy","ITA","Gross capital formation (% of GDP)","NE.GDI.TOTL.ZS","","","","","","","","","","","26.7016664925425","24.4717523440514","23.5488139464692","27.0639960069819","30.5672925269583","24.4133501687542","27.3091719839223","25.0956915578947","24.5266757168443","25.0745061553822","27.4836291074152","25.353792657669","24.3690987253303","22.8433121062117","23.9352377367696","23.7906140617664","22.3297672412374","22.7202896505285","23.1829569597943","22.9260234968629","23.1619903483889","22.7927997758163","22.1446366084139","19.5826008577128","19.5160307409463","20.5784047565276","19.8311918143473","20.0130655736926","20.2331937912659","20.7048925408414","21.3236101039876","21.3054469235642","22.0519500121835","21.5802501954429","21.6420048852847","21.5260216463093","22.3603695757618","22.6200727686655","22.0387757321995","19.7023773902113","20.7969716146664","20.6773631014391","17.9698064515339","17.0062223799047","17.0766736026264","17.2813174853484","17.7118639941996","18.1694222906025","18.6608716078644","18.3641315277239","17.8986868297166","22.0011382315208","24.5977298322393","23.0712585224817","22.2691077219978","22.2496175569641",
"Jamaica","JAM","Gross capital formation (% of GDP)","NE.GDI.TOTL.ZS","","","","","","","","","","","","","","","","","","","","","","","","","","","","","","","","","","","","","","","","","","","","","","","","","","","","","","","","","","","","","","","","","","",
"Jordan","JOR","Gross capital formation (% of GDP)","NE.GDI.TOTL.ZS","","","","","","","","","","","","","","","","","34.0973201692525","40.2520278099652","33.0818559034327","31.5419847328244","37.1705725813375","46.0306502830319","39.4400339373371","33.012425836785","29.9104571398649","21.0545011671572","19.8348582905601","22.5521493855775","22.6634320735444","23.2364460935889","30.7956973669914","24.9661933739013","33.4810547307778","36.6285655442282","33.3050283432401","32.962860839502","30.5256942747781","25.7294687871061","21.8189596777069","21.5686274509804","22.3615116608599","21.05693228782","20.0956726523403","20.8405384093959","27.383850993091","34.1478444026172","28.339921689117","30.2679844699249","","","","","","","","","","","","","","","","","","",
"Japan","JPN","Gross capital formation (% of GDP)","NE.GDI.TOTL.ZS","","","","","","","","","","","44.3386589688295","40.6285187776809","40.3703721669739","43.2590590981835","42.4034245905584","37.2443042801038","36.1837461645984","35.0572570890522","35.122559319106","36.9239155107398","36.6385197813648","35.4996639504283","33.9826441997754","31.5546192410627","31.5269052769932","32.3996837154277","32.0390809396143","32.4960982360115","35.0346227394282","36.579900065329","37.5337823369797","37.0380221923801","35.0490173492627","33.7182431303004","32.2754526715958","32.3064823346841","33.5297409744175","32.6522192813797","30.708682431935","29.2508562421282","29.6518295721637","29.0072549095213","27.1990800742612","26.7915010567475","26.6630018549135","27.0047258465622","27.0851292904104","26.8035156474517","26.957915866231","23.6595838247106","23.5722339532159","24.451572608163","24.9867673070268","25.3731148940256","26.3479533735846","26.5521482720668","26.2400385919687","26.6345672327421","27.1363524954164","27.3243645927693","26.8864795052794","27.3251613407145","28.3107762241995","27.7841122147677","27.6791711471936","",
"Kazakhstan","KAZ","Gross capital formation (% of GDP)","NE.GDI.TOTL.ZS","","","","","","","","","","","","","","","","","","","","","","","","","","","","","","","","","31.5091210613599","20.0250823332688","28.7040745386673","23.319259704789","16.1466394801284","15.5982639039436","15.8045617414779","17.7761650475639","18.139048031664","26.8764228364096","27.2877232823977","25.703912594675","26.3110896798392","30.9697680425121","33.9007913190431","35.5266994941709","27.5064843034904","29.4145645191248","25.3735490201768","22.9981460184012","25.2296602336096","24.5696053585629","25.7902472414133","27.9079156027413","27.8275828886455","26.3524825267661","25.258212709599","27.6275749485747","28.8069153648376","26.5334355873452","24.9759095791804","28.157135537565","27.2119249591734","",
"Kenya","KEN","Gross capital formation (% of GDP)","NE.GDI.TOTL.ZS","","","","","13.0642044886443","14.3939448355625","18.6102406094926","20.1726487960018","20.048828933212","19.3721800902371","24.3966751650194","23.9159870264823","22.3173000265745","25.811225663213","25.7556330724993","18.1398934570068","20.2442178040726","23.7233211462982","29.7892893210325","18.1327783022916","24.5071406229961","22.9134416924665","21.8602148394683","20.9250655214958","19.8110319511085","25.3248237306024","21.7680371734426","24.2894328729648","25.4490410212095","24.8620776143297","24.1640928963226","20.9705148585975","16.9208390832406","17.6104350597216","19.2932429676681","21.8197611034428","15.0038226855311","15.1409881437805","16.6927164077638","15.5214148674685","17.4140906154511","18.790340524259","15.1382158893462","16.4821493891933","16.962495556485","17.6496847904784","18.633585404403","20.4569783889085","19.6127114227698","19.0191724248254","21.2639987992095","21.8858122759467","22.1933629258823","22.4049681039862","24.9507189987733","22.1033982020293","19.3484358309332","20.6634949022773","19.3759862497025","19.3418324204191","19.6515841707054","20.3912447822361","19.0540638513609","16.5707504717762","16.4818345156985","16.9554961477297",
"Kyrgyz Republic","KGZ","Gross capital formation (% of GDP)","NE.GDI.TOTL.ZS","","","","","","","","","","","","","","","","","","","","","","","","","","","","31.2703583061889","31.0850439882698","35.4666666666667","24.0654205607477","15.3513513513514","19.9244570349386","11.6663865389284","9.01307907348243","18.3405491449418","25.1973349630117","21.6801311360015","15.4440719221565","18.0262186115214","20.010037072908","17.9992826544492","17.6066915405722","11.8300159529947","14.4883927729206","16.4182074783546","24.195760812161","26.6429970323691","28.9489600349802","27.2703554118343","27.4015935976563","25.4729638297404","34.961073696667","33.8988355585277","36.7567270785188","34.6714692626578","33.9391792937351","32.9020914624365","36.0166291525462","34.4462636342397","25.0304913984711","26.4936655518147","35.6406881799816","34.4590059457311","21.5271206231925","27.9650862325005",
"Cambodia","KHM","Gross capital formation (% of GDP)","NE.GDI.TOTL.ZS","","","","","","","","","","","","","","","","","","","","","","","","","","","","","","","","","","11.8804071012224","11.9385508104385","14.5523168445019","14.7200558132128","15.0204998406386","11.8337696618173","16.9837280190751","20.3442509411501","20.2055208570396","23.868414318253","24.0058224692333","23.9729963521885","24.3001536627765","25.2476635792145","25.6914602814207","23.0800200013877","26.3323279290139","22.317490039603","22.3677149230901","24.6712332656387","26.8520095001976","30.0126716073678","29.8714938168298","30.3850325759008","30.6334526919382","30.7394192448512","31.3945541935104","31.351227539335","30.3788112661952","34.5945264318735","33.2944796211269","32.1861316004857","31.5241909112165",
"Kiribati","KIR","Gross capital formation (% of GDP)","NE.GDI.TOTL.ZS","","","","","","","","","","","","","","","","","","","","","","","","","","","","","","","","","","","","","","","","","","","","","","","15.7544159059084","15.3649166957601","14.1246580305412","17.5720885152996","15.9163081562957","19.4615071231639","27.7265217537013","31.377071852949","28.6593579496587","37.7690573638693","29.9666166684789","27.0021649484536","18.9415015974441","15.9140674046536","14.6970481211532","17.763963018856","23.275366383485","24.7440984281941","29.9143158847463","",
"St. Kitts and Nevis","KNA","Gross capital formation (% of GDP)","NE.GDI.TOTL.ZS","","","","","","","","","","","","","","","","","","","","","","","","","","","","","","","","","","","","","","","","","","","","","","","","","","","","","","","","","","","","","","","","","","",
"Korea, Rep.","KOR","Gross capital formation (% of GDP)","NE.GDI.TOTL.ZS","10.6060606060606","12.8755364806867","14.2857142857143","19.021113243762","15.6960322797579","14.9259082217973","21.8217379156189","22.2322911946836","27.2082527401676","29.9932780640825","26.3946976678245","25.1921803472202","21.8452560153771","26.4589356462148","32.949509535428","28.8533009618078","27.9388554790607","30.2995684183803","34.8297819080697","37.6610646807839","34.5079829999456","32.9543522863389","32.8022632519357","33.3062921170539","33.1980028807475","33.2010368089325","33.5677032848044","33.5631009039512","35.6980658055905","37.4282109140499","40.1529466515345","41.6650097673713","39.1134328128938","38.0802818259482","38.9077981467888","39.3437583690468","39.7079062029067","37.3821324455577","28.1282300284005","31.2530573623569","33.0175871343191","31.8665946248999","31.3062897445161","32.3968627960539","32.6846860376336","32.7143604319037","33.0040207975187","33.2491377792946","33.7038348910437","29.5580079908835","32.7792421992313","33.2613430738444","31.2149587741292","29.8990183063853","29.7893883422049","29.3122032932439","29.9823963274728","31.9652912711332","31.2486531343572","31.1955884616555","31.5248657192138","32.4929253527445","33.3254869272348","31.8912200894147","29.9738499299961","29.1311226726896",
"Kuwait","KWT","Gross capital formation (% of GDP)","NE.GDI.TOTL.ZS","","","","","","15.7543391188251","17.6814988290398","21.3302752293578","17.981072555205","19.1102123356926","12.1212121212121","9.37907145600459","9.30327868852459","9.51312262327785","6.77681633298758","12.724404567697","16.5429590853452","23.3159720752358","20.2354430973431","13.6509843460623","13.9206817227572","16.630877877097","25.1935684108484","24.7859759480495","21.0241311251046","18.8542839158194","22.109975611448","17.5442334179569","15.6958015605869","12.2989258620749","17.6251130539644","41.8557109673369","22.3633412449439","17.1915420607294","16.1517621741909","14.7586240895254","15.1043047586726","13.6389803078193","18.451906659078","14.5555470735139","10.665237720716","14.3046728971963","17.1276962899051","16.6325557923068","18.1855029771589","16.4267670345693","16.1577223909466","20.4566521181317","17.6298214529099","17.9658449249415","17.6584741694241","13.5481349757935","12.8349439592807","14.3514402143401","16.2902579989347","25.4281227135199","29.9591125059994","27.730838747062","25.5469562847273","23.0019978533703","18.6506487501557","14.4677037382323","16.549333014952","17.7610824770708","15.1027079295437","",
"Latin America & Caribbean (excluding high income)","LAC","Gross capital formation (% of GDP)","NE.GDI.TOTL.ZS","22.4199100934263","23.8275078544937","22.0623082198013","20.753577202346","22.2978027001698","22.7477737366818","22.2213346463844","21.604037380853","22.0011860778503","23.7980707684902","23.8258830185519","23.4862809034519","23.240340859352","23.4124241714527","25.1158868892248","27.254712458549","26.2058905509051","26.8466952358203","27.265773808544","26.3044784355407","25.8712236128234","25.9354310659179","23.8887961345647","19.8387734571132","19.6218693817387","20.5351663602304","20.0647766666045","22.181991042384","23.9705646719098","24.5671760394974","20.5223494962963","20.0179337250976","20.1625400074163","21.8188469729261","23.164841361497","19.0971977795983","19.3318890634661","20.1294427648914","20.8635723669195","19.60562349129","20.1123449656839","18.9983136542963","18.9375782326178","18.9862362502429","19.8971476661428","19.6433332879012","20.3109027969187","21.3662021869042","22.3722206409306","19.6154424531873","21.5228149791634","22.4342708752658","21.733359358732","21.9456175161342","20.8886500245417","19.8441969214285","18.5772450985996","18.1428903096753","18.3779036401242","18.0863782896636","17.4013977073696","19.9952068854844","19.679221766523","18.7447244763419","18.9277815920064","18.6931771461394",
"Lao PDR","LAO","Gross capital formation (% of GDP)","NE.GDI.TOTL.ZS","","","","","","","","","","","","","","","","","","","","","","","","","6.17886196946263","7.04225395490314","6.93127969360667","10.1890751482395","13.5008518362251","","","","","","","","","","","","13.41565795568","13.5436071724261","29.0404231808259","27.7715216255189","31.754243509919","34.0580868030095","30.0695410386414","32.312243033777","31.68198579384","33.9384705525426","27.4624877401915","28.0678025249814","32.504255276611","30.6473220372757","29.8013514004447","31.556651604237","29.0076540961796","","","","","","","","","",
"Lebanon","LBN","Gross capital formation (% of GDP)","NE.GDI.TOTL.ZS","","","","","","","","","","","","","","","","","","","","","","","","","","","","","","","31.312690963823","29.2733383817258","29.2733383826505","31.0363960022752","36.6527933811506","36.4550836421911","34.7924986761368","29.2164948453608","28.4026157788061","22.8311024672997","20.4112221368178","22.8135453076258","18.748268218343","19.1610239471511","23.0676139622754","22.9660109644112","20.5480910787445","24.2820896201012","27.9963212002476","26.9210161655957","24.9372585130013","26.8463657489038","24.7872978801239","27.6124294369186","24.9671951418081","22.2227792570986","23.1425713718061","21.787935227326","22.4871034019622","12.3224742609761","8.09817736631194","5.35948434334897","1.22517144706489","1.89754409912655","1.44489295710122","",
"Liberia","LBR","Gross capital formation (% of GDP)","NE.GDI.TOTL.ZS","","","","","","","","","","","","","","","","","","","","","","","","","","","","","","","","","","","","","","","","","","","","","","","","","","","","","","","","","","","","","","","","","","",
"Libya","LBY","Gross capital formation (% of GDP)","NE.GDI.TOTL.ZS","","","","","","","","","","","","","","","","","","","","","","","","","","","","","","","18.6157605375687","13.1121255984857","12.1507179540929","16.2805400771539","16.3308919434133","12.1610486891386","15.5016420361248","12.3612976182062","11.9604457698948","9.48100203763634","11.8406285072952","10.7461240310078","13.5168383822851","19.358996133254","11.6389465616944","9.51658544855648","21.0482643995738","19.1096779450883","21.6648129995476","26.0180306878529","19.8007992326027","8.44242069649716","15.2187654168722","21.6855173162296","26.2237211424","17.382012837146","13.8004674607543","13.7077561764599","15.1337630488594","13.7553442934446","9.44983047721509","12.160907547063","10.5201970194858","16.8804253893346","14.2709460093897","14.2718932290827",
"St. Lucia","LCA","Gross capital formation (% of GDP)","NE.GDI.TOTL.ZS","","","","","","","","","","","","","","","","","","","","","","","","","","","","","","","","","","","","","","","","","","","","","","","","","","","","","","","","","","","","","","","","","","",
"Latin America & Caribbean","LCN","Gross capital formation (% of GDP)","NE.GDI.TOTL.ZS","21.9388232387498","23.346865470781","21.3859366924206","20.371190039718","21.6366252296817","22.2490214092615","21.9004176748146","21.3970182072312","21.7375108655009","23.288685986954","23.3214747823233","23.1664825716298","22.8183589637777","22.7754593441015","24.8424188641682","26.7883520175247","25.6924243769908","26.0225927386491","26.6021209016303","25.6794364643727","25.3284620300765","25.4520740808539","23.0749086429964","19.1751657299042","19.2259223583229","19.9908746474781","19.6065630815521","21.763248788268","23.3828523248561","24.0778428095551","20.4873764683503","19.9177917231525","20.1857329416962","21.8177735808693","23.0009367918589","19.4426400511068","19.682682446012","20.4778566136987","21.0768112023332","19.7646708530421","20.2058918017453","19.1306698458545","19.0195885734992","19.0862976608314","19.7939617707312","19.644494559549","20.2828093493539","21.3280708740851","22.5489977030919","19.6620957728864","21.4822818333475","22.456617153368","22.0034983915789","22.1440915066985","21.0602066817199","20.1406903389411","18.8636798214431","18.4364215563045","18.8982335501982","18.5867701632935","17.5090832328517","20.1499016322397","20.0257479106024","19.0482353514155","19.1110584083828","18.9504650331229",
"Least developed countries: UN classification","LDC","Gross capital formation (% of GDP)","NE.GDI.TOTL.ZS","","","","","","","","","","","","","","","","","","","","","","","","","","","","","","","","","","","20.575920049707","19.5570569974312","21.3002190912514","20.2859087360735","21.6912410955524","22.4295008682198","22.9988063136288","23.4770479882126","22.8296258828575","23.7791174181637","24.5920473992904","24.4229966393043","23.5667592887776","24.0281891284347","25.5401182787992","26.7112851369887","24.8880214343929","25.167149612972","26.5501142400881","26.7780378354584","27.2718081652085","26.4820870231831","27.388475178628","28.4160380033247","29.263985611485","29.6959286706455","27.8665589384065","28.3800278148558","28.9114011797638","27.7675335439973","26.5440243333828","25.4308728112487",
"Low income","LIC","Gross capital formation (% of GDP)","NE.GDI.TOTL.ZS","","","","","","","","","","","","","","","","","","","","","","","","","","","","","","","","","","","","","","","","","","","","","","","","","18.2692002506788","18.0606888279576","18.3787998932354","18.7592513429171","21.5264137080708","22.918837605462","23.4854228938731","21.930392856333","22.508116154366","23.0006797379889","24.002504195246","24.3056420961544","22.3472881575005","23.3871862998305","23.0451222864519","21.8996615731134","20.9410252426568","20.7021989625892",
"Liechtenstein","LIE","Gross capital formation (% of GDP)","NE.GDI.TOTL.ZS","","","","","","","","","","","","","","","","","","","","","","","","","","","","","","","","","","","","","","","","","","","","","","","","","","","","","","","","","","","","","","","","","","",
"Sri Lanka","LKA","Gross capital formation (% of GDP)","NE.GDI.TOTL.ZS","14.2065676352257","17.2910188218182","15.3339550645624","17.0045531834191","14.4438262286668","12.5309252845126","14.333693175003","15.2373575301538","15.8518380294831","19.2731936725096","18.9475995316159","17.067615658363","17.301764281498","13.7361443164529","15.7124226999285","15.5773789366746","16.2103102340827","14.4450243085121","20.0492206726825","25.8212915417947","33.7682444721692","27.7748367743074","30.7614018823435","28.8912097762354","25.8270133857141","23.8226327944573","23.6596944404203","23.332299731094","22.7775225018245","21.724476063059","22.205889665117","22.8701875948381","24.2753648746834","25.557234794271","27.0271670431233","25.7310878563342","24.2490834860857","24.3861426620179","25.1367897004477","27.2905151438158","28.0392736849136","22.0040128023487","23.2890507211333","22.0204689465055","25.2537615246688","26.8274555178569","27.9799093470538","27.9521433553302","27.5523830555003","24.4338657450541","","","","","","34.2757988099064","36.4530444585617","39.7266305229837","38.0567747749453","34.1087160600384","32.871123147531","36.7330983743583","27.2717494237454","24.2731934318829","26.3467005241507","29.6454009006075",
"Lower middle income","LMC","Gross capital formation (% of GDP)","NE.GDI.TOTL.ZS","19.176661133629","19.9211917772672","19.5900086651162","20.0086596982317","21.5203360914869","21.7117674560689","19.4719755561803","19.7873050542566","20.0767718543488","19.5873656828539","20.5481519547299","21.4856880838449","21.0935080650091","20.8575654694987","22.5278983194216","22.3975552897518","23.0497319120712","26.8548098689792","27.957367565988","26.0778087573225","23.0144811624082","22.1070977613744","23.2571919422384","20.2361935777082","22.6119065226975","24.3229338197895","26.2861915705405","26.54895226333","27.8433954239022","26.9426373839437","26.9255537329845","23.9353930650812","25.4817690905803","22.2517230535169","24.510031887733","24.166828697334","20.4314376876601","21.3297408968226","21.4543136810077","27.533634850166","23.7648351175585","25.92591855823","25.9595263457404","27.2200516646111","29.6366051524839","30.5715808542344","30.7839567298791","33.5904251532925","30.4689877823228","31.620941920156","31.7346309466974","31.9898544178899","30.5602497758106","28.6784678707236","28.1834057030811","27.718529401094","27.3339694736121","28.7128885321559","29.7002781806572","27.1938450017742","26.1739069495871","28.5853349837945","29.94382267359","30.5110072463047","31.2076772339869","31.0601054657361",
"Low & middle income","LMY","Gross capital formation (% of GDP)","NE.GDI.TOTL.ZS","23.2827370437301","19.3034043599574","17.1689357768508","18.1641177670113","19.7762048002438","20.8265503236216","21.0517008831274","19.4885675460607","19.7891596553367","20.3578046526986","22.7649678683149","23.1042548983562","22.7031923246751","23.2472832063082","24.211802183469","26.0322463912628","25.5700167840405","26.4547431252935","25.914503278278","24.6180092914123","25.5883023971871","25.3481811216689","23.8664723730942","23.0152936973727","23.189616327336","23.8485696259855","23.5716279626006","23.5319007778954","24.996623608621","25.3169378385075","26.2328763229633","24.8516434386049","25.9083254210056","25.9428373397803","26.5682429153565","25.6763743239837","25.2795686089767","24.5559171432335","23.8047880153972","24.2835637282141","24.1036855682635","24.9392317253305","25.5160766909461","27.077496683698","28.7506679454888","28.442755348995","28.8263606373218","30.0825102402853","31.1167590432671","31.8445553855805","32.9867267347811","33.6269895925085","33.6906634631173","33.9541870260851","33.8578573895155","33.1748139900556","32.7921578762337","33.2239908703271","34.3085672330471","33.4081822354216","33.6995841151908","34.8828217207585","34.5529440673447","33.5009963257578","33.1890566330063","",
"Lesotho","LSO","Gross capital formation (% of GDP)","NE.GDI.TOTL.ZS","2.02429149797571","3.92156862745098","7.02341137123746","8.63095238095238","9.70350404312669","11.4795918367347","10.1234567901235","11.5757146231987","12.3034859876965","11.6723259762309","10.183299389002","9.14076782449726","11.2540192926045","14.268727705113","12.6829268292683","18.0831826401447","34.2679127725857","23.7953599048186","25.0215703192407","32.7466230045027","37.0427551324011","37.5991076115486","","","","","","","","","","","","","","","","","","","","","","","","","","24.9246019342258","27.9814428627338","30.538219790262","31.3011900430751","25.3316425094885","35.7205960501896","32.6667455053055","34.0968182808394","30.4366347369568","28.7760063691053","22.2056129829322","21.4472792170962","26.7945041312681","26.2646701221778","28.4701352359002","27.3770081483323","27.0684655311306","29.6721348878596","31.2328945653591",
"Late-demographic dividend","LTE","Gross capital formation (% of GDP)","NE.GDI.TOTL.ZS","31.8403372190191","20.9090897102879","16.8851072507029","20.1664492306665","21.4690928444504","23.4806265621659","25.6324000560076","21.2803151403463","22.2664291595229","23.188675496487","27.0499675986782","27.4078637507144","25.848179730945","26.5575382764642","26.6668599756727","27.8711546036597","25.5738354653595","25.6421969373222","26.5422695776057","25.9047758357696","25.0681578371282","25.0927350907792","24.374041136695","23.7532230408052","24.9216758739482","27.3498459825578","25.9704345788267","25.6421978450828","27.7200670895638","30.5906578991769","27.7321531824636","29.7594044815291","29.6597709864708","29.1305685866579","28.7405286899213","27.4380172623549","27.1312418313239","26.2604242122388","25.0296651943859","24.8205399793578","25.3440301805531","26.7403636684159","26.8784939430778","28.391569815987","29.5404060394407","28.7533860429585","29.0460406192227","30.6774722717976","31.9789347638393","32.3007877783029","33.5850921902727","34.0194731267617","34.4422977584601","34.7132218069863","34.825899000313","34.7062200583601","34.4802260706358","34.4580589036263","35.3229677068992","35.4886488506521","35.8732255036136","36.281882241735","35.4371728287653","34.3220408414431","33.5608072180295","",
"Lithuania","LTU","Gross capital formation (% of GDP)","NE.GDI.TOTL.ZS","","","","","","","","","","","","","","","","","","","","","","","","","","","","","","","","","","","","22.4997485371002","20.8827003208451","24.4102794045778","24.1915315326061","21.2148735956134","19.1446223329092","19.3746140196783","21.064433775953","22.2317698184889","23.4409316851452","24.4085431146972","26.8802630577834","32.4396749969277","28.2461520781263","12.9798453346191","17.8578010235461","22.3672029077554","20.2704080461532","20.4182900930827","20.3004773754029","22.5552269115381","20.2876398712687","20.480115803004","22.4066386338902","19.5803862338798","16.5198227850463","21.8250880021544","27.7670656238994","22.6477329035527","20.6586329885889","22.2383972717709",
"Luxembourg","LUX","Gross capital formation (% of GDP)","NE.GDI.TOTL.ZS","","","","","","","","","","","21.9872223427476","25.2812237431209","24.2877150301069","23.0610605227822","18.0428545404864","19.5099424310713","19.3930054340594","17.3835367106925","21.2514156715794","18.7951946047415","21.4929474762229","20.9116234831966","21.1704214263022","20.7452646689846","21.0731540050789","17.2837877111523","20.6886272513962","23.5453081062902","24.3144748889298","24.0079552872063","24.7126947108772","26.4145586242013","22.9760003027068","23.148090454583","21.8974256143903","20.448335342484","19.6570289217152","21.3391964245058","22.3255779321847","23.6884713315939","22.5591343548168","22.2117941157897","20.4278637482976","21.3095582474848","21.3053196225941","21.5102395359257","19.0038721522318","19.5133253491461","20.5796394806551","16.1829007965354","18.0831934936242","19.2687977063888","18.7523048822473","18.1453726914237","19.0935860222457","18.9585060879567","17.9319132619894","18.8897175502242","16.9949135422123","18.653116084379","17.9294900539992","18.6878759943301","17.0331766630247","16.4259109763361","15.8427821306684","15.5020257191959",
"Latvia","LVA","Gross capital formation (% of GDP)","NE.GDI.TOTL.ZS","","","","","","","","","","","","","","","","","","","","","","","","","","","","","","","","","","","","16.0813187416783","19.5401610884107","21.33800236678","26.0984734784542","22.5687477933784","24.9631641629445","28.3001992418424","28.6201729296497","31.0011264637384","34.368915450929","36.383829405761","41.8198632239093","43.6658757384645","36.9756564896607","23.2112323411887","20.9313394628785","26.7745639280943","28.639673212023","25.298238178176","24.6659431197334","24.149732505911","21.7559480147378","22.7120380081921","23.8742877736126","23.3384745378809","22.1554259223647","25.7228281732445","24.6702240089291","24.6916298440452","21.4641880937761","24.0558692275565",
"Macao SAR, China","MAC","Gross capital formation (% of GDP)","NE.GDI.TOTL.ZS","","","","","","","","","","","","","","","","","","","","","","","22.0019682271897","24.393993141776","22.2497853258277","22.7260211106012","25.1690152317341","24.8198456731076","25.1317719936967","24.57100795878","22.8110599078341","27.6162983608733","32.0299139845325","31.9842271992202","31.985111168614","26.3243204730861","19.6173085668311","18.6832525318749","16.0074496136896","15.8359452641235","10.3794581271727","9.24118159384526","9.88855116514691","13.6347831345337","16.0689606708674","25.5371349381512","33.5204261683499","36.5478705097145","30.4045920575905","18.5036286743591","13.2455224408891","13.7719909836121","14.6458075564532","14.0629589797994","19.7863412477179","25.3975906300422","21.8986528399403","19.6168290048652","17.2841449919479","14.1724783202989","26.1685250836783","23.0842314294918","23.2050134288272","15.2974689049317","14.0846664654392","12.2514591905081",
"St. Martin (French part)","MAF","Gross capital formation (% of GDP)","NE.GDI.TOTL.ZS","","","","","","","","","","","","","","","","","","","","","","","","","","","","","","","","","","","","","","","","","","","","","","","","","","","","","","","","","","","","","","","","","","",
"Morocco","MAR","Gross capital formation (% of GDP)","NE.GDI.TOTL.ZS","10.2434744114687","9.69546401118119","11.4344909017302","12.0105502193013","10.4545644182828","10.6166219839142","10.0989289640011","13.2524649714582","12.5883412866204","14.1944910438877","18.4855901303631","17.9446388800509","15.2795031055901","16.8630051490092","20.4591532498509","25.3879322182857","29.19775238455","32.5093949076586","25.4342386771585","24.4926905533259","30.3534826527884","31.7188845673213","33.4285220296226","26.3485595036546","31.1128523022278","30.6779461220974","27.4821582933337","25.1169980630902","24.4438164718486","30.2708138766024","31.0602945352303","27.3221610641672","27.7103685909534","26.474195560737","25.6674729824651","25.3939420349467","24.4714406112807","24.9216637673309","24.999620047703","23.2448568962671","23.8068463049384","24.8603718465594","24.4137992922944","26.0506060390894","27.8984050253427","27.4168142643006","27.9527831008725","30.8038848648652","35.5127958030057","32.1852748633952","31.4907166374774","32.9462436922694","32.1793544302158","32.0046200923723","30.7742542343433","30.1771882324678","31.9579912798641","31.658071451264","32.1395672992051","30.594933523466","28.7769734233308","30.6763551818437","30.4603014984939","28.9983598724931","30.0743550064848","31.8712471269796",
"Monaco","MCO","Gross capital formation (% of GDP)","NE.GDI.TOTL.ZS","","","","","","","","","","","","","","","","","","","","","","","","","","","","","","","","","","","","","","","","","","","","","","","","","","","","","","","","","","","","","","","","","","",
"Moldova","MDA","Gross capital formation (% of GDP)","NE.GDI.TOTL.ZS","","","","","","","","","","","","","","","","","","","","","","","","","","","","","","","","","","","","24.8766959657948","24.2453602805595","23.8135466343687","25.8731282982353","22.8835502404973","23.9469590858874","23.2823598271446","21.6601824678981","23.1775987544806","26.3591502247752","30.8255630510995","32.7480806184922","38.1055549316863","39.227918692985","23.1418973846398","23.8517865932859","24.0486714251096","24.1985192443336","24.9382002000225","23.7825706600568","24.0620907895527","21.9868853235417","21.9389542125047","26.5918106703471","25.1036618823408","23.8644443526077","26.8561258664432","27.3104295249444","20.084591001224","22.3213195154173","24.1856235131564",
"Madagascar","MDG","Gross capital formation (% of GDP)","NE.GDI.TOTL.ZS","6.9613625378503","5.83551419991063","5.04449867942","6.75822990623454","7.07019636567601","6.50063403554351","8.53281324018945","9.26474203488408","10.3193215223837","10.7834546916479","9.91271736606304","11.2194733530156","8.81975924121034","9.09738352810989","8.66018399267729","8.13715829190873","8.13472611388401","8.07825703921239","9.5865743964621","16.0939307054503","46.5896581909409","35.687885955184","26.3480535956173","25.9991421358961","26.8216361350768","18.7639055880811","20.5055813794194","25.0007053617865","17.6010365040269","40.7488308955784","35.9623142146368","30.6747092543918","36.093866863912","37.8751249459515","32.8728710665706","8.87091919130073","9.52611618731957","10.1519133023369","12.2465309420613","12.2933453010977","11.9305464071932","14.5092173370671","10.9702431408945","13.7245656856915","21.1510251154033","19.3271126967742","20.3112680040621","26.5179313396028","38.7460962157139","37.2218957020948","27.0273897318508","23.3511667280009","20.1689187861962","16.5129132509756","16.4906896464725","15.9918879278761","16.3659933893067","15.8063768979378","20.7029752412397","22.6840481282938","17.7153251097795","16.3892313120054","20.6166810711294","21.4163392614893","23.5534748884883","24.1486885195054",
"Maldives","MDV","Gross capital formation (% of GDP)","NE.GDI.TOTL.ZS","","","","","","","","","","","","","","","","","","","","","","","","","","","","","","","","","","","","","","","","","","","","","","","","","","","","","","","27.8611798197388","31.9049232315583","39.7662853405846","42.8197158524795","48.970177770723","43.161162875967","35.5119966004124","25.1856622862565","32.9897963177697","33.0509347055178","30.7946843948579","",
"Middle East, North Africa, Afghanistan & Pakistan","MEA","Gross capital formation (% of GDP)","NE.GDI.TOTL.ZS","","","","","","","","","24.5043215733525","24.0079102094805","25.2573815327826","23.8833356271324","24.9558708772002","20.6967718576203","26.8569644148901","28.4015545654412","32.351304081695","33.1806072741875","32.179498390744","25.7098857279989","28.3404714595819","28.6366672007007","28.6544124325889","30.2744951614523","29.0009507846756","24.2244934331902","23.5874148982476","21.1597886690802","21.1086437060802","19.5199600886313","29.5590145419591","27.4978707161226","27.300343713313","24.7157789561818","23.0774974217878","24.3242200547518","24.810728903671","22.5871158068537","24.3484220574263","23.5983047944928","21.9868813137519","23.3450147055887","23.1603820492938","23.7037045788289","24.4988942065026","23.6617028288244","24.651538697474","27.1253116197552","27.9096350743255","29.0123027769376","27.9232644104486","25.5963068174088","25.2191249523427","25.0696754548694","25.9241246722009","26.4662657558154","26.6054360987206","26.2772279836026","25.481872150853","26.2694675433053","25.4817670681437","25.8802544836864","26.0137771498771","27.1040186911981","27.0086970247341","27.044097306272",
"Mexico","MEX","Gross capital formation (% of GDP)","NE.GDI.TOTL.ZS","18.3688343558282","17.5637288135593","16.4549473684211","18.3733962264151","18.8646613545817","20.2608424908425","19.4564473684211","20.1564759036145","19.3893188010899","19.664802955665","22.7391891891892","20.2417551020408","20.3132389380531","21.3820984081042","23.1722888888889","23.6922909090909","22.2885557986871","22.8457111952407","23.6054942233633","25.9466492829205","25.7298176698355","25.9443022589866","21.5598864632214","19.7815112646511","18.9307417598047","20.009776685914","17.8341987947217","18.3105787376877","22.7512685293159","23.1062411899557","23.270603544648","23.4262767281749","23.3205990261669","22.6240306711262","24.3372579448117","19.311543363515","19.7376269610509","21.1460171251619","22.8039516150861","22.2434377526015","22.2649246086997","20.2738215598554","20.4084256272915","20.8808458648635","22.0461782270566","21.5221459719898","22.5641029454858","23.0719146894422","24.1213158802068","23.2592508075838","23.3314894119207","24.2517581318792","24.3777390631793","22.6807316048179","22.2932759787798","23.7361297452632","24.3433923355958","23.8923507105876","23.4774930613878","22.1485426356359","20.2366593532112","21.7074939319357","22.7701948917166","23.3050041337289","23.9034064485777","22.610982698175",
"Marshall Islands","MHL","Gross capital formation (% of GDP)","NE.GDI.TOTL.ZS","","","","","","","","","","","","","","","","","","","","","","","","","","","","","","","","","","","","","","","","","","","","","17.6978179082017","18.0334057971014","29.1949022346369","26.6901661129568","19.8806275579809","37.831746031746","42.5252017380509","23.0809053975624","12.9106253458771","24.3244098712446","20.4606989247312","17.3935220468155","20.8306243805748","22.6604117922321","22.6444090909091","53.1513954486904","20.6942928039702","19.6887601891707","26.4394227814636","19.2791666666667","21.1154736842105","",
"Middle income","MIC","Gross capital formation (% of GDP)","NE.GDI.TOTL.ZS","24.1214420972194","19.9130201466375","17.712234168985","18.8995466434596","20.3233511416175","21.4793858122631","21.7196632023138","20.0291495250078","20.3459232120738","20.9509793953379","23.403001348399","23.7664164740714","23.3566780893005","23.8688891741431","24.835224363261","26.744876755738","26.2437565031017","27.2094183618746","26.6734272763648","25.2440270449857","26.0971163251259","25.8406350228882","24.3445245153128","23.501404715897","23.655662688974","24.3057198137248","24.008964468848","23.9399642548085","25.4787088908872","25.7847772998976","26.7488460290504","25.4107700464397","26.2219888423305","26.2651799545415","26.8180184831182","25.8934232245018","25.433349052876","24.7311051244933","23.9715819183425","24.4513711300016","24.2622686615814","25.1097602679079","25.707489477709","27.2800506109109","28.983604473785","28.6783485738793","29.0715839590765","30.3507940924559","31.3980034883624","32.1363383606551","33.2599746899922","33.8772977266957","33.8698661381513","34.112149605712","34.0106353471205","33.3423675730897","32.926368174698","33.3498162249402","34.4338450971533","33.5204512415558","33.8445118037726","35.0183309450403","34.7052797944701","33.6514611811418","33.3575385145804","",
"North Macedonia","MKD","Gross capital formation (% of GDP)","NE.GDI.TOTL.ZS","","","","","","","","","","","","","","","","","","","","","","","","","","","","","","","17.7631578947368","16.8078512396694","14.7211026922457","15.2046341972908","14.7032467532468","19.7346209712244","19.0979185637389","19.9395889871872","21.1653905377665","18.7271147661783","21.8801026358759","17.3554734085335","20.8302234116196","17.9293173647346","21.045921092932","19.845548830107","21.408135228766","23.7126866171971","27.9327050543518","25.7424835151053","24.4680948373642","26.9131339592319","28.9271763841244","28.8080479626054","30.2952252615938","30.4035752494839","32.5096882119049","32.2729434757145","32.3288110664903","34.2601160992835","29.9173738943342","32.2207980039619","36.0166355424196","29.6278058870411","30.5962109009491","31.7227439150438",
"Mali","MLI","Gross capital formation (% of GDP)","NE.GDI.TOTL.ZS","","","","","","","","17.3921637395324","17.0813258747538","17.3408456211522","15.2773172101041","16.0058256996659","17.0861291683679","16.8868740463655","13.5329545679191","15.5218721043303","13.3633796317428","15.5885840713829","15.9178359263865","15.4745263372056","19.9404937257404","18.7917261192709","16.5218505401315","14.5990427748405","13.3907876963613","13.3722207654108","17.14786275465","23.6417186735772","17.6160018049105","25.2815105309969","21.5056979094889","18.9494292267232","22.5855380035516","17.4095025930377","23.4653286613779","26.6200338262413","22.8369798373398","24.6381825414691","20.2497864482858","18.2687684995022","17.6850224015693","21.2264120612661","16.6102396151213","20.4609529653875","18.7459932640994","16.462314211956","21.1808010886194","18.814710371272","21.5543695860478","22.2671172994776","23.0142230991055","24.1469415010421","20.6933650613648","24.1390637304381","26.6250818543634","24.8949550301917","27.3161677115008","25.5449834134051","24.4943978534371","26.5074433150938","20.6517365321331","23.8157419439418","22.1819624772823","21.6677146022336","19.6106510841777","20.0219072254101",
"Malta","MLT","Gross capital formation (% of GDP)","NE.GDI.TOTL.ZS","","","","","","","","","","","30.0268419309424","26.6420115336282","22.8899154445025","20.2751571453255","24.8843556713471","21.5620366885652","25.2279960827519","23.8201491282166","21.5148252124755","23.3716451724714","22.5768650526351","24.8364278309448","28.9315230453448","27.4876509593313","26.5117277892307","25.7805608256389","23.3909466712188","25.2385298695718","26.4066163080034","27.1532317474863","30.6266775247271","28.960017601087","25.2780440388457","27.3768837797339","28.0976320532642","27.0214155137025","27.2050969666073","25.0930102896896","26.0342223431253","23.597643281474","27.3213661672154","21.0580770784444","17.512829769875","23.0000963839591","23.5801228472506","26.7956402658111","20.9091269140409","22.5228776793051","22.2299767218029","21.2352843365613","21.8643918682215","17.5046050197968","19.2733850981835","17.0987627782599","15.9078608339013","23.4549259783373","21.940176272756","19.1594164288903","19.6534110624299","20.9696312132109","20.1169017858745","23.0546047465186","26.352253013656","19.8659007493501","19.0100576140936","18.7083963999154",
"Myanmar","MMR","Gross capital formation (% of GDP)","NE.GDI.TOTL.ZS","","","","","","","","","","","","","","","","","","","","","","","","","","","","","","","","","","","","","","","","","","","","","","","","","","","","","","","","","","","","","","","","","","",
"Middle East, North Africa, Afghanistan & Pakistan (excluding high income)","MNA","Gross capital formation (% of GDP)","NE.GDI.TOTL.ZS","19.8849665832523","20.1599436588602","18.8689137793394","17.7026406294423","18.6880797622321","19.7962793912782","18.7701783205285","19.2685632181882","20.3058523140957","20.2283216139959","22.2349138252255","20.5256638632772","22.2781462995855","23.73671512232","24.2446542513383","31.0965281189973","32.8088589992582","34.2870448108065","30.2485495602807","24.9257818551368","31.6143723882109","33.747700374212","29.1866627113096","28.1828735673332","27.2915055442333","24.161055199888","23.1707684048985","21.0465203261335","20.8219529859572","19.1859785760171","33.3577949798191","29.540870092478","28.8256932261139","24.2945688477195","23.3009344771885","25.3529286279105","26.8409288594088","23.1047268736699","23.8642202871454","24.2514506046473","23.0466426509942","24.7553671349455","24.3160372048931","25.667033600269","27.4171810654295","25.6822906238345","26.3801461796407","27.0194537353171","28.7655069591427","28.7944421917967","28.2580483929771","26.4259481745325","26.0256576900393","26.2767799728878","26.331543734026","24.6014138524967","25.3893565877022","26.4561364488421","26.1816583004344","26.212746910001","25.7289336307807","25.3853930320887","25.4810804967098","25.7652316821823","25.462943478289","25.2203560042563",
"Montenegro","MNE","Gross capital formation (% of GDP)","NE.GDI.TOTL.ZS","","","","","","","","","","","","","","","","","","","","","","","","","","","","","","","","","","","","","","","","","22.3884042304628","23.4356927210816","18.7610862768708","15.4139251772035","16.6311430886528","17.7265048810079","23.6547243870948","34.4986756450316","40.8364739584696","26.6711101832825","22.2701240129796","19.1045005763001","20.0742817028936","18.8466986569303","19.4950094143958","19.7357949684861","24.9598939884942","28.6467194795715","31.3513275722887","30.9122493495261","30.0875172767022","25.4685729632185","27.5825933417284","25.4474865908397","25.880193688808","26.9347425678931",
"Mongolia","MNG","Gross capital formation (% of GDP)","NE.GDI.TOTL.ZS","","","","","","","","","","","","","","","","","","","","","","69.9558718786855","70.229340055089","58.0062974780677","57.8003324002949","62.7919911794413","63.8526573047986","50.8314408909772","46.8027904885571","47.8010959825887","29.0673253770095","30.9643591559953","25.6548697879487","21.0659575413413","19.0665976685934","26.784995815134","26.2010287581871","25.0346861382196","30.4655243154493","31.6881228223749","29.0107404848956","25.173949785278","24.6417075952243","32.2627884248842","31.1831570262103","37.528559156119","35.8851879544863","38.7051385960366","43.5661414829151","34.3709459159075","42.0869542882428","58.1507247959228","55.8986192180437","53.2757084028233","35.1752976434075","24.5138485191018","22.6294099437432","27.4062542965908","39.3779275132102","35.591845156927","22.3835976647751","36.7190295728399","42.3321000384678","33.9003731595217","35.5452639328236","31.4134320394491",
"Northern Mariana Islands","MNP","Gross capital formation (% of GDP)","NE.GDI.TOTL.ZS","","","","","","","","","","","","","","","","","","","","","","","","","","","","","","","","","","","","","","","","","","","","","","","","","","","","","","","","","","","","","","","","","","",
"Mozambique","MOZ","Gross capital formation (% of GDP)","NE.GDI.TOTL.ZS","","","","","","","","","","","","","","","","","","","","","","","","","","","","","","","","31.6011365745236","34.8577791542607","34.0763948960849","30.1617062031693","39.0848425172299","25.5217857542613","25.1781264491375","27.6954548193794","44.3028710892868","41.1306699228634","33.5003655629406","40.5930874570462","33.4266191606781","28.5978286726962","25.3698573633999","23.9349486697295","22.3504915090903","22.0302459322751","19.7560524022268","23.195521262122","29.4060839527514","50.5904295928331","56.3958108944659","53.6431747577994","42.245787501845","46.2803958702032","32.2043068430655","45.9807658182121","40.8461199313593","44.8266764679686","40.369313777893","43.2027361159671","19.5292827735495","17.6548787639945","24.1957507116392",
"Mauritania","MRT","Gross capital formation (% of GDP)","NE.GDI.TOTL.ZS","","24.7310167780868","30.1906157797482","18.4075918314899","8.1671792556274","7.06288271783056","6.96635683229278","10.8766218248817","13.9517303616812","11.3903434768142","11.1695335240344","11.5864678858307","15.416689285216","4.38030670634307","8.15954274939804","17.4888982369905","21.5025082058533","19.8305459508465","15.7171864006089","12.9430292734822","18.3739933752506","21.2463784908017","23.905985284101","18.4431861988831","17.0818112684686","19.6857245682283","20.8084991932414","19.7889250553624","19.5592164809848","12.9862448746265","13.9512795840132","14.6338512824731","14.4443502118254","10.0105901734436","34.3077171540955","14.2385720785393","12.3153931724853","10.5788353809704","9.76230646855597","11.1407459240874","11.2958008872593","12.5085469242344","9.54379992177407","21.4753295588021","35.2538232287992","48.9053399953357","26.0006568835603","28.1438610238182","33.0199276284352","26.4330171849138","32.2510831347375","38.6535658588818","49.1668225188386","47.5574424488877","41.7967195897633","38.4614769908791","31.2776418660843","37.8824922383055","46.4331362118471","40.0113579283691","38.6593231676652","40.6159856690742","49.0681215273204","44.5439783104002","43.0818501467663","44.3274839153538",
"Mauritius","MUS","Gross capital formation (% of GDP)","NE.GDI.TOTL.ZS","","","","","","","","","","","","","","","","","30.3943382398339","29.554300628941","30.3204292335799","30.8025481086982","20.4558662959587","24.9167462233744","17.9249672876542","17.2325250698937","21.7475778503756","23.1567428059525","21.6376026090953","25.2524346739138","30.6062863660894","30.7039866175256","29.8090928744593","27.8468258956405","28.6807204786962","30.1338286202766","31.3570890735194","25.2406484626794","24.3508308483947","28.9983460324586","25.4361341581941","26.3498149680411","25.6366228937284","20.4553975656282","21.7589512568517","23.3646604962179","24.0688056418522","22.3668917324186","25.1830348660985","25.58545976435","25.0021689113453","23.4178006085967","26.7282315985642","23.620010739216","24.0434130852371","21.2822749430924","18.8434092990307","17.2696292161448","17.0515093773708","17.4349834928399","18.5929173028616","19.1587201983377","17.9660771142475","19.5586402172747","20.411044705092","19.9232351140484","21.0802702839135","19.9019119764266",
"Malawi","MWI","Gross capital formation (% of GDP)","NE.GDI.TOTL.ZS","","","","","","","","","","","","","","","","","","","","","","","","","","","","","","","","","","","","","","","","","","","","","","","","","","","","","","","","","","20.2873149467203","21.276061190562","21.9119103002645","16.7106351396417","16.915576065163","15.9327969038503","14.4830771619003","13.7207306888371","15.7335546496801",
"Malaysia","MYS","Gross capital formation (% of GDP)","NE.GDI.TOTL.ZS","11.8479372655984","13.5520439711439","16.4517708503346","19.0265486725664","18.761451080982","18.3867403314917","18.1024628494233","16.379840196681","16.3707699852869","13.5942235692637","17.5078197649844","20.7487456580471","21.5260196905767","23.6393740319393","28.4889316650626","23.3790077019524","21.8444009257611","23.8466295609153","26.6694821306023","28.9139238325004","30.4213251294365","34.9868953187649","37.3136951069506","37.5702685821362","33.5600251414205","27.5809990964244","25.985417772439","23.0819510390331","26.3613727400671","29.8708580008172","32.3603261645435","37.7904739350522","35.3625515987311","39.1837113952867","41.2020812335965","43.6399023701753","41.4791985244273","42.9730832697528","26.6749751979749","22.3820005053796","26.8674891484592","24.398219973396","24.7773431485884","22.7633850643195","23.0495646010531","22.3964178094036","22.7035242231695","23.4095349745995","21.4583043811993","17.8356949570531","23.3865410976414","23.1882579658738","25.7486213670602","25.9371066959614","24.9776084262813","25.424263277142","25.9955119994004","25.5473434515187","23.8974199608763","21.0482403944815","19.6580082281542","22.1257083996672","23.5862921622175","22.8017590224926","21.9538831069426","20.4609568977283",
"North America","NAC","Gross capital formation (% of GDP)","NE.GDI.TOTL.ZS","","","","","","","","","","","21.4709927048746","22.014801790962","22.6273985048656","23.418351513805","22.9947077033254","20.7068258152924","22.3469651206371","23.5985634631867","24.719830443474","25.1160051422602","23.3517206804887","24.3674545944311","21.8867405477751","22.0793524510138","24.761278047117","23.9829416691368","23.5839633900457","23.5027034946836","22.8885074115514","22.6146127039243","21.5093792934275","20.0416047335742","19.9362456844622","20.2447897566311","21.149851516034","21.134115629769","21.4999995309442","22.3241346585741","22.8320801314259","23.2379730198112","23.4697786140194","22.012000615009","21.5921897587688","21.6514351273635","22.5522286187919","23.3126576246703","23.5394072517679","22.6785056940967","21.3229084024638","18.1294465978286","19.1365360399061","19.5586834803713","20.4445636548411","20.8223737022821","21.2673786526588","21.6006137085608","21.0259304561298","21.3389796816703","21.7057830943175","21.7703625484256","21.5238685843503","21.6316062933554","22.2578475347578","21.7184715207271","21.6471278824712","",
"Namibia","NAM","Gross capital formation (% of GDP)","NE.GDI.TOTL.ZS","","","","","","","","","","","","","","","","","","","","","23.9190485865886","23.046923691802","18.2415076777497","17.0827079809188","13.1959780349119","9.91591093049669","8.13585945266537","12.8251078562897","15.0198559006334","14.8250857128008","27.0575365252196","15.4214866479585","18.4509600248293","15.2887662020072","19.0676453255667","19.3480050447911","20.4759778969673","17.7196320713032","22.349702659318","20.5107182612744","17.0414659698036","22.2525424516009","18.5884486772501","19.3882824399724","19.0604614572453","19.669813393528","22.2120214706566","24.0613337128992","27.4739234636227","26.1159251664954","23.7799989593426","22.0540088688971","26.7226689596707","29.3954197576571","34.7765509650404","30.5564396891943","22.0299428254904","17.7664956160323","14.9163471003735","15.3291127102813","13.9292034235476","17.5126568387859","19.9742056445263","28.1048075110968","26.0132027492657","18.6754345701553",
"New Caledonia","NCL","Gross capital formation (% of GDP)","NE.GDI.TOTL.ZS","","","","","","","","","","","","","","","","","","","","","","17.0655567572194","18.1325334718632","16.7307575973508","14.5467192498755","14.0350862785033","20.8882824946643","","","","31.3999986004225","","","","","","","","21.2664855722331","22.3639043976261","22.9397967696956","22.9193844603045","24.4979751984607","29.4288037375607","26.6026771710216","29.8467414376013","33.8730980715663","37.5729019029881","41.3029052100014","34.0404047185836","42.4438821088297","41.6650421162352","40.917085959253","39.3440879548823","35.603196951695","34.7225325646771","29.2358447236138","27.7917371370667","27.5984468","29.4565600495049","27.3169426464646","26.2186187204724","26.1746329029304","25.5600389239332","22.1189475397667","",
"Niger","NER","Gross capital formation (% of GDP)","NE.GDI.TOTL.ZS","6.69554703672555","6.90879925769794","9.87660646636589","12.3164622255795","10.7993929358378","7.97006443439286","7.84211081122459","8.66827547078025","9.71582790976198","6.22264169024254","9.84969371869597","7.77845862336608","11.0692783266415","14.9372567741478","15.0551834499682","14.3141696484037","14.2097092185502","19.6823700595694","22.9935618953625","25.8328146933026","28.1132079696333","20.2915754833763","20.5882362137344","12.5454803684258","3.14800294788405","12.7472190737776","11.6014554220094","11.6525114138742","19.0518244038707","13.6775489737644","11.2847868096636","12.0903747791133","8.50126215541979","6.5313439333274","12.9826219518429","12.033346265753","14.6672771049093","13.6301846813521","14.6266294101088","11.1995269286568","13.1422096449305","13.7924282479468","14.6260219197075","13.930300225432","12.4971525069023","19.3354300345284","19.8084879016599","18.9137733233404","26.4435525343116","28.4722719649335","32.6404605165102","31.613128828242","29.3142436915252","29.7124814690798","31.1100819925506","32.3568228692158","29.7613155605302","29.3238973638956","32.8554436930846","34.4846899381682","32.5490666819081","31.7306770421115","33.7672235722905","30.108863592484","23.4971595485203","21.9767991617026",
"Nigeria","NGA","Gross capital formation (% of GDP)","NE.GDI.TOTL.ZS","","","","","","","","","","","","","","","","","","","","","","","","","","","","","","","","","","","","","","","","","","","","","","","","","","","","","","","","","","","","","","","","","","",
"Nicaragua","NIC","Gross capital formation (% of GDP)","NE.GDI.TOTL.ZS","14.88343555385","14.8413290566646","17.2234110367201","17.3864797017814","19.6244635805345","20.9188562010545","22.9896152582291","20.9925652913838","17.736539461726","18.9694027868707","18.5942136316761","17.7151747282766","12.8480828408694","23.9817105264083","31.4973276628354","21.4192052155446","17.3210881395423","25.6253602914859","12.339528480023","-5.73973794517383","16.7788530921313","23.5940180586924","18.7774691771266","22.4817060294502","22.2285149275129","23.1386058518006","16.8927824834266","15.7986930251941","26.7510612062569","27.4616817543057","19.2758024767105","20.7763790214245","20.9248103525212","19.4660216754268","17.531319764363","18.9290842452396","22.1768029647152","26.2856001166473","25.8244333825796","33.0026827089006","26.6547531947905","24.3069078331637","22.4323122258435","22.2505089888938","24.1110027775569","25.8852137273664","28.2526153890838","31.3040549268068","33.6019904976752","23.2004558310499","24.8398681398148","30.9826454263625","31.0116770587447","30.9047521156944","28.8793454871994","33.4766376040407","31.2003868955466","29.9154305259361","24.0746137195471","17.831076630152","20.3366366143416","23.78892500667","21.7441862253622","22.1543607329369","24.7470686435037","25.7585096351916",
"Netherlands","NLD","Gross capital formation (% of GDP)","NE.GDI.TOTL.ZS","","","","","","","","","","27.9694097439767","29.3003313331511","27.9428175575509","25.3681273293329","25.3834397628605","24.2555191134442","22.6144833010038","22.5232725922065","23.4476897620695","23.2918043778586","22.4244747341204","23.2806552170057","20.4066644405007","19.4072969597185","20.2550548603248","20.8366168248828","21.1656528250772","22.3970317706723","22.3073898301142","23.6589124812608","24.4111102377561","23.9012711605125","23.0045923528186","22.9958118547438","20.9693925297175","21.2124676655347","21.422165123382","22.2339994207935","22.5539685116053","22.7426875258017","22.9712264633708","22.4588724676077","22.6044175168395","20.9657566797441","20.4311120001709","20.2354145150337","20.3913422355285","20.9352721280667","23.2286138653607","22.2059299952863","20.5767305168581","20.0371060399178","19.9116480923396","18.5826577863124","18.3607360340882","17.7066341303839","22.1699860549934","19.7764432256049","20.2151929584837","20.4804432515785","21.7580356895369","21.3519779830807","22.1938197521171","22.8632951641142","20.0805040885297","19.673967025785","19.8199511979231",
"Norway","NOR","Gross capital formation (% of GDP)","NE.GDI.TOTL.ZS","","","","","","","","","","","33.1525736303062","34.3498414247377","31.3330991481514","33.380492933791","36.6727431772805","37.5097871942597","38.9122280954014","38.106851231187","30.0824650634537","28.7698827180757","28.4707018064117","27.9692064984073","28.928186883798","26.5247875606969","27.6853759011329","27.6926561976041","33.1194927132702","31.7602304892523","30.6393432709461","27.6679063507243","24.748480711054","22.1445405456335","21.3768663090219","21.8614181415695","22.7593161100873","23.7325588077042","22.330032215726","24.4367578456319","27.5067846955292","23.8264548144863","21.1263938589634","19.8231380030983","19.3942483081845","18.5016607815225","20.5503073798527","21.3471923026697","22.801746254571","25.9515026676628","25.0626873295723","23.4094315363354","24.0082068030157","24.4632060581118","24.8841937099589","26.1789626307442","25.9804539858352","25.5765362668571","26.1648857958756","26.004345157941","25.9594681444999","27.9153469198616","29.022434267812","23.4124848760523","20.9971803030648","23.6088047969408","23.6657865827048","23.2129704540775",
"Nepal","NPL","Gross capital formation (% of GDP)","NE.GDI.TOTL.ZS","","","","","","6.44412721249781","4.83427399524464","4.98830857383775","5.68799649552498","4.8465874119798","5.96487226277372","7.75341204952284","7.32953969217708","9.17845283665552","8.76015024828819","14.4952020336154","15.1316546805315","16.0243049768519","18.2799511137259","15.8181403744401","18.2861559798791","17.6072070722321","17.1485737614192","19.6327005331754","18.6620976592","22.5561327437428","20.2641590697007","21.1887761493173","22.2921488570463","21.5069060928206","18.1258219231067","20.2534712966777","20.7046617738733","22.5708951400827","22.4035489180617","25.1994981179423","27.2050877214127","25.3407150470745","24.8393691103392","20.4835163550036","24.3148663462349","22.3430462169922","20.2462111730944","21.4093789298114","24.5311495689792","26.4511581033301","26.8519028137059","28.6852507532697","30.3156469991099","31.6743770945651","38.271206448162","27.8102444811636","28.6027052424868","29.6766090182884","30.9860882254147","31.2774348228797","28.2409992005605","37.3250540069226","39.5478003347409","41.3787409098363","30.4402815093929","35.1635974648362","37.6438482531547","31.1493001530125","28.6012768197284","29.4037590216874",
"Nauru","NRU","Gross capital formation (% of GDP)","NE.GDI.TOTL.ZS","","","","","","","","","","","","","","","","","","","","","","","","","","","","","","","","","","","","","","","","","","","","","","","","","","","","","","","","","","","","","","","","","","",
"New Zealand","NZL","Gross capital formation (% of GDP)","NE.GDI.TOTL.ZS","","","","","","","","","","","24.3166205913662","24.4493070751276","23.9075203252033","27.2144332137811","35.0049455984174","27.6782578152441","27.3274133486107","25.2509109505849","22.1714608009024","23.6567452647855","21.5270281491323","25.2659574468085","26.4783892941106","26.8512260401741","29.0175900442743","27.03061203341","25.1082773972012","22.6313852946587","21.0901521308297","23.3708834150811","20.4710549476533","17.5444600945147","18.6659858300887","21.2249482707656","22.5816777041943","23.6533106114136","23.1451716600231","22.9289700901589","20.8114129519031","23.2325640957705","22.0345630387436","22.9520169059606","22.7465398243836","24.128385766287","25.2816076708571","25.4208681883182","23.7593311783447","24.7759451018626","22.9039037931743","19.926477761063","20.3756573267404","20.6685518929642","21.3145078742868","22.2334842250835","23.1338827182611","23.28475410927","23.2879639009117","23.8520623148973","24.1621704646094","23.9174996367189","23.2586206372416","25.2306071190627","26.4295090374982","24.0870929494473","23.0928035475405","",
"OECD members","OED","Gross capital formation (% of GDP)","NE.GDI.TOTL.ZS","","","","","","","","","","","26.8193073596108","26.4068244989601","26.7157207791846","28.1617048309871","28.1873576220752","25.0956411810737","25.9982318230467","26.1928974616696","26.5482623941607","27.2493911745065","26.5641535985701","25.9071113468389","24.364775488985","23.8618076514583","25.2058319518836","24.9728494560913","25.0015573503622","25.249899663436","26.2593609471507","26.7081973043246","26.278072525766","25.4168144090219","24.5608763707285","24.0768388221785","24.4095556813463","24.5436242330595","24.4698957283769","24.3221557886983","24.0578141577357","24.0697199992999","24.5510559579275","23.3930912522412","22.5819436215409","22.5280227117351","22.975629517045","23.4813924640955","23.9882403427356","23.9393408125191","23.380986504379","20.3040122940559","21.1179806219078","21.7894794707138","21.6959078354493","21.6664760229929","22.0154935652424","22.2866081473868","22.1286584663474","22.5432678526011","22.8484285828597","22.9597122155061","22.746233696874","23.1129349338402","23.7428378125914","22.9071071111419","22.4673183266703","",
"Oman","OMN","Gross capital formation (% of GDP)","NE.GDI.TOTL.ZS","","","","","","","","31.1855670103093","12.579415501906","9.3","13.7640449438202","28.4572342126299","29.8295454545455","26.2101534828808","30.6244503078276","35.6255227320523","35.858871423725","30.6189025539816","28.8959187642981","26.0100736719659","22.2932142684284","22.9569687330208","26.5961551852474","26.4827193139428","29.9714431061078","27.5789237992686","32.1120909278303","18.7887067586304","15.8505256628935","12.3265595515596","10.8405955684083","13.1867689396227","14.3574886313628","15.3940346516558","13.8211382113821","13.1509296632039","12.0234341139723","15.4909678070441","38.1439455341222","27.6430352793618","22.5837734261812","24.0557032595074","25.9564535952282","29.3792914901","33.6840272368192","28.4118543259793","33.6000635265804","39.7555394017715","42.0046274389994","34.0609039447334","29.3865546218487","27.6617736879904","30.2100349016772","32.3564793929509","28.6217693334979","36.3715664991426","36.0864748848963","33.8433678359827","31.675193269668","26.8649178662351","27.6206693345028","27.8559089826066","27.3208738967385","26.661898119622","24.8481263268644","",
"Other small states","OSS","Gross capital formation (% of GDP)","NE.GDI.TOTL.ZS","","","","","","","","","","","","","","","","","","","","","","","","","","","","","","","","","","24.0537067581894","24.4403339251137","25.0529586278893","26.1086413041312","26.0556852596811","25.7843839075257","23.3564693408725","24.7812359671576","23.3648749271053","25.4976378973682","24.6245073816217","25.8093316158127","26.5721139783542","29.5352783536228","29.919103686835","28.7623146021172","23.1965133739722","23.6896260308514","23.5093629139294","25.0158279878012","23.7922272068971","21.1303261748671","22.115874207374","23.5390243786312","24.3171553706061","25.2390938453797","24.1695958962498","24.3437516430011","23.8883383711594","24.190749578964","23.4630761789611","22.9552139866442","22.6947765764892",
"Pakistan","PAK","Gross capital formation (% of GDP)","NE.GDI.TOTL.ZS","13.5319816287667","14.1283842349462","15.5322777101096","18.4064937420642","21.0118615347374","22.7235700371879","18.87722442709","18.9725988859506","16.0617296845624","15.1539335896878","15.7923394274465","15.5381858990766","14.0160591151025","12.8118888164523","13.1824476175342","16.385598517759","17.4664784756528","18.3114298688463","16.9904839679245","17.1125875381577","17.6685356073773","18.7662655106472","19.26431164953","18.7882663212464","18.2707562136436","18.3254722475787","18.7636531838642","19.1343263246337","18.0142110694726","18.9114576905339","18.9353730330174","18.8964334705075","20.1334835745861","20.6850030820741","19.3974052458304","18.5455233391321","18.9966573482447","17.9191965447603","17.7111996462578","15.5649424393518","16.3106779166157","15.9969087412847","14.9624104299322","15.3148655927028","15.6507707143799","16.2664437881869","18.2822141634905","17.535936222635","17.996422608907","17.5777374307953","15.9615524272363","14.6316275197265","15.1689869381562","14.9823804459246","14.9075542099107","15.8109305453177","15.9357468463989","16.3328910849517","17.0682908414203","15.4996449690024","14.8155399944077","14.5346921503021","15.5605425943116","13.9681470393061","13.1992532780615","14.2828081828942",
"Panama","PAN","Gross capital formation (% of GDP)","NE.GDI.TOTL.ZS","21.3139752592912","24.919223079187","25.6092083538497","25.6520166107602","22.2351580744391","22.9376858463131","28.578732667767","27.4910661148108","29.119868050706","30.735703599844","34.4343742561101","37.5712210610918","39.3582583413275","41.5284586100046","41.5831394087376","38.1249183623515","39.1237994116161","29.3353203358671","32.8673644544438","34.7051448817719","35.3114497379156","35.628853396839","33.8124762349626","22.4710153907591","18.6268153905487","19.1210094062125","21.6517107757644","23.0945166571068","9.44043279650072","7.73179243053669","21.1406866090547","24.1073587050035","29.7586645733615","31.0611952603387","33.6833730441529","38.044095217771","26.7353924189405","27.0385979540573","29.8237024522318","29.0771343426857","28.4060431386061","22.3776158314375","21.2012571382655","25.4834955176096","27.1054924995249","27.0343390461882","28.6053781670857","35.3865142206627","41.3904764170808","30.8565496172702","37.3412025820706","37.6185178425835","42.5040223820497","43.0705309054805","43.5746774849074","42.2663686244598","40.2623341153563","41.4845748352147","41.1990909588856","38.0674659280543","23.9546077292725","31.2989342864308","35.8548981051469","37.492889933464","33.5339875819436","",
"Peru","PER","Gross capital formation (% of GDP)","NE.GDI.TOTL.ZS","46.2394167783707","45.2451566144729","45.2358934985738","40.830645291199","38.2615553054347","38.0440791589494","39.7750006017879","38.8411600664676","28.7435590919584","27.7796470002412","17.1313142760216","19.7833040954229","16.7925884871679","22.4945051561719","28.5784770990566","27.2740316502467","24.2356400457222","21.2394084517205","21.4154873654791","23.9663685110368","30.3400891347278","34.7717875464152","35.0990316868866","26.5259065004688","23.4446143317988","20.9248952063703","22.4177275843622","22.5034395344002","26.4317804192821","23.1737672132763","16.1644055092045","17.3980924261389","17.784731115296","19.0714045693532","22.2471317420546","24.7391134430373","22.5867586979927","23.7894193215196","23.2049499956946","20.6612543344774","19.6279847605546","18.1595051690983","17.9681458916088","17.5102893749052","16.8556825410753","17.2838176822241","19.6506023681318","22.0323873215866","26.178345935433","19.9786779797935","23.7605090406542","24.200875596397","24.6060563122502","25.5741818690255","24.6661205071214","24.3051143583227","22.0213133889585","20.7118137063238","21.3111751422932","20.8336395514866","18.1912588877919","22.3072203928835","22.3569175495124","19.572988492574","19.72883590637","20.3393534084364",
"Philippines","PHL","Gross capital formation (% of GDP)","NE.GDI.TOTL.ZS","","","","","","","","","","","","","","","","","","","","","","26.4011130956707","26.6861789864717","28.2326345302981","19.8310631674001","14.1658438395527","15.052368593471","17.1600296634357","18.3004943503436","21.0095892110108","23.3317105849887","19.7170925076743","20.7483312409355","23.1855368033691","23.3114526483211","21.7942950820214","23.2823367017063","24.0644880296074","19.9889156434332","16.2006540383433","15.684364157955","18.9451758766766","20.4591371369749","19.5287356084063","20.731007446127","18.5665300720434","16.0153377703844","16.1286471132386","18.9671469154789","17.4317211991991","20.4417711390659","20.7399365678349","19.5607279687897","20.642224107669","20.9239704373705","21.3409478711064","24.618503101685","25.5587738639602","27.1505820415621","26.4018084647284","17.4333790282876","21.1407371483135","24.6858616763102","23.4061516161597","23.6782004674363","22.1409469966766",
"Palau","PLW","Gross capital formation (% of GDP)","NE.GDI.TOTL.ZS","","","","","","","","","","","","","","","","","","","","","","","","","","","","","","","","","","","","","","","","","","","","","","43.7874612137915","39.0748544913473","35.6034549416197","32.1363226846543","25.9358656817089","26.1102567261303","30.0308082907055","28.214293269754","24.5409409522502","31.3815122404028","28.4164078174665","28.9179839026394","32.7792611587916","28.7972372599112","34.5726607886393","42.1552745248217","37.9055423479613","44.2218552162716","35.7028148801293","34.9671396264766","",
"Papua New Guinea","PNG","Gross capital formation (% of GDP)","NE.GDI.TOTL.ZS","13.4110787172012","13.1290027447392","13.2075471698113","16.0714285714286","19.1122523844461","21.6075496257729","22.4004583213979","21.9320431206787","21.7220633143898","29.0532421996108","41.6030462173757","42.7556795314645","27.8343443735927","15.4804854050508","17.4215005380025","20.0424587474669","18.6467561026828","21.6018482864844","22.6229270765443","23.4778927184924","25.2092968795738","27.2483940042827","32.1575577406815","29.4375682613769","26.9956826526711","19.8300433220559","19.7372001710531","20.5059040922785","27.2073436169206","23.2229044226286","24.4424972368507","27.404592855558","23.3033388586313","17.6347311540753","21.3665642008571","21.939185109852","22.7455163583381","21.0575795242669","17.9066853759803","16.3683366937768","21.892017091559","22.9518867289324","21.1919831839046","19.9214691833082","20.0013064999479","","","","","","","","","","","","","","","","","","","","","",
"Poland","POL","Gross capital formation (% of GDP)","NE.GDI.TOTL.ZS","","","","","","","","","","","","","","","","","","","","","","","","","","","","","","","","","","","","19.862521327671","21.8581629640564","23.7783189882881","25.2181635520769","25.5001823677686","24.6999676719407","20.6408974856903","18.5444793558839","18.9111542221715","20.4890653221513","20.1073600639489","21.9561662978922","25.4186459060222","24.7561450970576","20.7579141114998","20.8586688863455","22.3450463094694","20.8019518666142","19.1280449978263","20.8272789201168","20.8016958781231","20.0873009067718","19.9081446848915","21.443880969665","20.7076794491101","18.8394051569485","21.8106734577786","22.059467565345","17.6684506133329","17.8032326864165","17.8874733244136",
"Pre-demographic dividend","PRE","Gross capital formation (% of GDP)","NE.GDI.TOTL.ZS","","","","","","","","","","","","","","","","","","","","","","","","","","","","","","","","","","","","","","","","","","","","","","","","","","","","","","","","","","","","","","","","","","",
"Puerto Rico (US)","PRI","Gross capital formation (% of GDP)","NE.GDI.TOTL.ZS","23.4647437791832","","","24.2543709290367","25.714841470531","29.3250043380184","26.9042737738527","26.8633056868684","27.1710175812467","27.7310735983142","28.6412298647387","30.2383650917334","29.9767732149347","25.6026505198218","23.4124505517385","27.0531695595428","22.0067792074571","15.0975188933397","16.6117330944917","16.4007843137255","17.1362071473597","14.3390763175542","9.03651829493802","10.1073127814501","13.7533528853078","12.3247836287286","10.2620255982698","13.6303473765702","15.3540919737131","16.9978552050339","16.9543645701062","15.5975939689221","15.4534610167994","16.0490407247015","16.3290429000497","16.8692854425052","17.4552188992549","18.5658388347954","16.9175615311797","20.7001953631507","19.7145610014619","17.5690537564804","16.193840010611","15.5278186867377","15.3173676659436","14.5964259942695","13.9914627137303","13.3905727827244","12.146158717547","10.430914991451","9.16037905577584","10.0696849181429","10.3344859636409","9.52952659834065","8.94121574530142","8.59855575063724","8.07529852870562","7.79415247642478","15.3314097630601","15.3486659868501","10.880928994123","11.3679286945181","14.8152247335601","14.2399370270239","14.1765984690411","14.2344560519083",
"Korea, Dem. People's Rep.","PRK","Gross capital formation (% of GDP)","NE.GDI.TOTL.ZS","","","","","","","","","","","","","","","","","","","","","","","","","","","","","","","","","","","","","","","","","","","","","","","","","","","","","","","","","","","","","","","","","","",
"Portugal","PRT","Gross capital formation (% of GDP)","NE.GDI.TOTL.ZS","","","","","","","","","","","28.0652022282216","26.1098272155646","28.7381847658257","31.2646024872452","29.6513011420485","19.4508314348027","24.7780063277206","30.1207362676697","31.6193404467528","30.5966562643166","34.022549320018","35.8475338351011","35.3778988236045","29.3203360927402","23.0583842511206","21.4032884623938","23.1721064910143","27.378501750037","30.4707780242322","28.2934760225759","27.721131452629","25.738680472155","24.9460022225038","22.1454534250659","22.950768391851","24.1933776372451","24.4083515242472","26.5243441476558","28.3167621107077","29.0278207613076","28.7766387963597","28.1574917811274","25.9043294973227","23.1147053583821","23.8243238411168","23.3586139281485","22.9256733300806","23.0998862393828","23.5794931626439","20.8425074783613","21.1994526798182","18.6613799007397","15.7536608050077","14.6835299275763","15.3444039472278","15.9379888733382","16.0283624571119","17.44628649988","18.5247214985093","18.76826598288","19.4185791809348","20.9347674224953","21.3735177177842","20.4972768619235","20.3401770013662","21.0356725757463",
"Paraguay","PRY","Gross capital formation (% of GDP)","NE.GDI.TOTL.ZS","","","12.53520506953","11.165550318366","11.8557101764752","15.0826594145853","15.8086606929917","16.5359150732155","15.8622592910585","16.0358381008089","14.7275129803393","14.5636285468616","15.0569149320426","19.0230952589746","20.9925186143857","24.098530238029","24.6257047961171","24.6847639712911","27.1955280242573","28.563995595962","28.7628533041668","28.8254791594056","25.6317160534028","21.226731362755","22.3012356215448","20.7735070365931","22.9025578896384","22.4410809866611","20.3182366672335","18.8409093238553","17.8089132669601","19.1088821478828","18.4930645370958","19.6686179608213","24.4135653897535","22.0208311357834","22.1294363736811","22.9182364662212","20.1120681390739","18.9705834507195","17.3392448147808","17.9677838077187","18.0997007043384","20.6270244034487","20.0681902485099","20.9031844113431","21.9503842549058","21.3245681130039","22.2482943436606","18.9159699698974","23.8349584406541","24.6615700086435","21.2642113309923","22.0169832494239","22.6588064100185","21.8786824129486","19.8061739561247","20.6000429018101","22.7820847953337","21.6853116218616","20.0414603496168","24.0062650943673","27.7603530415666","20.2689235256814","23.1088857330178","25.2866462584826",
"West Bank and Gaza","PSE","Gross capital formation (% of GDP)","NE.GDI.TOTL.ZS","","","","","","","","","","","","","","","","","","","","","","","","","","","","","","","","","","","40.2630745964196","38.0589740465456","36.46175504458","35.0417575402947","34.4682629431142","42.875538490354","31.5026891691395","29.5776406823688","26.1685134147027","28.8054435483871","25.0157502552628","24.2171800924752","21.5975169680085","20.7180562958887","18.7664149704531","18.6106335876919","19.847131126375","16.6617498502606","19.4824874676452","22.6939439902334","22.528717556488","25.0880306890727","25.2528334220468","27.5725446428571","28.3265546858681","26.8012957072402","24.3038431079663","25.4514329891214","26.5231796718061","25.0806274181518","23.6400302180821","25.5890628003565",
"Pacific island small states","PSS","Gross capital formation (% of GDP)","NE.GDI.TOTL.ZS","","","","","","","","","","","","","","","","","","","","","","","","22.2701420139855","20.3578210053529","20.7459171657622","21.5508586716569","19.0683734688247","15.3135996166959","16.0766817069879","17.0222246208069","17.4116783022056","15.1432149460564","18.7979384315649","16.7442534800095","16.9694181856355","18.6539881009114","18.8791189267844","24.04485053983","24.5362710911468","19.7207696956651","19.5830518983765","22.0778055788276","26.1394489894858","27.9925266175122","22.0704076857591","22.0700651970384","20.7459643595518","25.6217533977908","22.8923946239806","21.7032825306307","23.8915873082318","21.6267025182962","22.9294413894886","21.7363905395505","24.2711629025592","23.6086568568512","23.975047930988","22.5911484657728","22.4725814042107","19.7823876713931","22.7663566666393","23.5892149228045","22.8852881375568","23.2079213200782","",
"Post-demographic dividend","PST","Gross capital formation (% of GDP)","NE.GDI.TOTL.ZS","","","","","","","","","","","26.9668613205357","26.5820724869881","26.8900350936848","28.3894201004859","28.3294135283178","25.1607962130222","26.1314248048121","26.3065853228246","26.7059015960557","27.4328627067879","26.6929976376525","26.0172654357835","24.5336567205884","24.0288834752624","25.4218724828468","25.1587560381345","25.1433982021554","25.3343606128088","26.3190913494497","26.7756698393965","26.3306452403632","25.4975402823316","24.673814194411","24.1685853389307","24.5103410431662","24.6727259471761","24.559573754268","24.4488098699892","24.0803797812074","24.1597737034497","24.6802536661935","23.5454388489609","22.6649526118979","22.544546249165","22.9559998166302","23.4267751756328","23.8847392429315","23.8046280493248","23.2469230611912","20.2071912383678","20.966237619063","21.5257184842915","21.4789142985422","21.4778282614785","21.842077167564","22.0422567768265","21.8345681167099","22.269632545184","22.6407059654258","22.6154532414749","22.4414236716579","22.8916347263449","23.4082077307099","22.6273426505381","22.3076808103107","",
"French Polynesia","PYF","Gross capital formation (% of GDP)","NE.GDI.TOTL.ZS","","","","","","","","","","","","","","","","","","","","","","","","","","","","","","","","","","","","","","","","","","","","","","24.8555430885454","21.9680547326289","22.3199023199023","23.9672290255229","20.883221176291","21.1616841006284","18.1944154581742","18.2394492723473","19.3028649662983","18.9560603620347","19.9706011745564","18.3657938165901","19.6741291312004","27.4598586301122","25.4985138057167","21.095927488638","22.0083668171371","22.50674340275","22.6504245108896","21.9053653809211","",
"Qatar","QAT","Gross capital formation (% of GDP)","NE.GDI.TOTL.ZS","","","","","","","","","","","","","","","","","","","","","17.0358999406901","17.72681196148","27.4535282439993","21.9275577208219","16.5826935380678","17.8498080185731","18.5342249768934","14.4161412358134","15.9879885345102","15.2947154471545","17.9680501642281","19.0772669220945","20.6309284277091","19.7658349328215","24.5240844913013","35.0854091553575","35.7654051431344","35.4318646046104","31.9716046075542","18.8823125180111","20.1512854623643","29.1196741854637","32.6471255887861","34.8680293709069","31.5110118429254","34.3078887785256","41.8887149103609","46.0167292203025","41.1180651219547","42.9640491480002","31.2768830484471","29.0318354942345","27.1444239233133","27.8279049329909","31.7900727516147","37.0671762300681","49.4866575042678","43.4077974097269","41.6182421359004","43.7354058328665","43.8492040252077","36.8015620866184","30.6432344815998","","","",
"Romania","ROU","Gross capital formation (% of GDP)","NE.GDI.TOTL.ZS","","","","","","","","","","","","","","","","","","","","","","","","","","","","","","","30.2482806853946","28.0457371024094","31.405493266105","28.9277193823057","24.809134731324","23.3161642971645","23.0950938293071","21.2987400049412","18.3829311197399","15.6493077726824","19.6695811091698","22.7560110876947","22.1726981083131","23.1953192411743","24.2165645026754","22.9306854622381","27.4669698502695","31.3370187913254","33.0936844355478","27.2026875632393","27.1890794202952","27.809701397226","26.7222427286412","25.2514905784046","25.2257196462876","25.4960152893431","23.6646873522112","23.9867377562262","23.0435742456948","24.4073793139433","24.3319634913981","26.4231138988583","27.0611653434665","26.2097285719548","24.9970256084173","25.9006434391814",
"Russian Federation","RUS","Gross capital formation (% of GDP)","NE.GDI.TOTL.ZS","","","","","","","","","","","","","","","","","","","","","","","","","","","","","27.2693243496163","33.8394415357766","30.1303942874884","36.2674293886307","34.6133613887428","27.0071715934931","25.5374539500614","25.4388784044713","23.6674001136852","21.9763894687502","14.9641222334913","14.8303000466388","18.6937601947688","21.9498173349418","20.0295461890033","20.8589584807348","20.9012750797344","20.0774969178103","21.1715918033474","24.1645140334655","25.5012197086864","18.9263757354968","22.6150505519736","24.2607379312639","24.5536933545168","23.2716819870194","22.3908642287739","22.148725318159","23.0954224731096","23.6067558621651","21.9180891512463","22.6615137722235","23.4558291480158","23.0093392226061","23.1732337652661","27.303131349175","26.4795760497971","25.8916433341468",
"Rwanda","RWA","Gross capital formation (% of GDP)","NE.GDI.TOTL.ZS","17.7043601131641","19.1877869040713","23.4091015948303","22.8604522392704","24.3094543339498","28.7107693139638","28.2784827221241","21.3830307778395","23.9596631177095","19.3835275097656","20.6253460687548","26.7209177540967","27.9723310358793","27.5824484224004","30.6081352885559","40.2018229102723","40.4371846395141","44.0779358693641","48.5944607169459","35.2037172869308","47.2289863712961","38.914960983019","52.0215242933468","39.5923496085053","46.2522159200445","50.6495466584002","46.4518968094726","45.8368134121486","42.40686851698","39.2863714169379","42.8678709258124","41.0295738168701","45.7475207565924","49.0040922839796","29.2101978660115","39.2369720825508","42.0498490484315","40.4093188110317","43.3292582173319","35.0358601081305","33.724326157962","35.4516918194555","34.494788613033","35.407627263228","41.1571318205586","42.5281950333956","15.223529173052","16.9726530604297","21.6054164678522","21.2919177169638","20.7975067696821","21.132844673941","23.6103719068749","24.737742989597","23.5391290102077","24.5202040834518","26.1973754984079","24.0924291823173","17.907365878004","21.663350800403","18.185991482508","36.0702055277954","37.7552457661422","38.362567406166","34.7208554747776","34.1257782993714",
"South Asia","SAS","Gross capital formation (% of GDP)","NE.GDI.TOTL.ZS","16.9296100582271","18.2251028424401","17.6241906576091","18.3624332421608","19.1106502074155","19.3888588426711","17.2733661633831","17.387971996028","17.4889762639547","17.2863684570489","17.6403890677251","18.1898654498471","18.5706407122533","18.0141928340451","20.9860658212006","17.6245398670897","18.8578246145889","20.6126523899088","22.0859605868417","22.9411532191603","19.8021258271762","25.29313934966","25.072412948859","21.3333698686702","23.2676904675548","26.0078174418855","25.7341800716726","25.4713870982311","25.8813882488707","26.3320841841005","26.7468455277223","24.7188081204104","26.8776334248966","22.7998317119551","26.1336997267328","28.6870464424877","23.1257668429308","25.7898358333085","25.207339991804","30.580920878294","26.1066188047596","29.6730585014082","30.0450492499104","30.6241629887214","34.6488556309542","36.9471493768797","38.4951974574366","41.4057562301016","37.9414330508267","38.6643831527652","39.189571682824","38.8851663178079","37.7307820853006","33.6267425472628","33.8859355263062","31.9449594508094","30.4067900207345","31.3448895002414","32.5827015595367","30.5798864358008","29.340101685823","32.1325895669563","34.0385694534715","33.8836427876394","33.7309311621962","33.8264305839971",
"Saudi Arabia","SAU","Gross capital formation (% of GDP)","NE.GDI.TOTL.ZS","","","","","","","","","27.6296316417559","24.4507096339258","22.3985453343252","23.9631479356019","20.1592770121829","-13.4051693018555","30.9305527987297","17.3980429101076","30.7665751969549","30.5983075928893","36.2878429734197","26.2819933074071","22.9094542923485","21.1589641415089","25.8534570387601","34.3504642741907","32.8289345712808","21.4531327228567","19.4593503509099","17.718138789958","19.6884294095044","19.4449189923403","15.6840133931105","19.9856212740521","22.963649750484","25.0549737431346","20.3571499120953","20.2861294288588","18.5713011472742","18.7775729083204","22.9493393991366","21.513622969499","19.3169649955465","19.6231513824444","19.6933428220224","19.4924123818856","19.8646168179799","20.1748334986768","22.2151611310309","26.4729184187854","27.2957945617723","31.7152823567211","30.9262320159049","26.765793867763","26.4578386746131","26.2949562527888","28.5328325808043","32.4339384933454","28.1170520868555","25.4757265766537","22.3727056762612","25.5522842268021","23.3158218039549","26.3426467287873","26.5159908508109","29.7627433615344","31.6758054598016","31.625031115982",
"Sudan","SDN","Gross capital formation (% of GDP)","NE.GDI.TOTL.ZS","10.6833248342682","14.5843118835134","15.027027027027","13.3900106269926","13.3223003723624","","","","","","","","","","","","19.748782118636","15.5675551470588","13.7702887686591","14.2406377148551","10.7241001809692","14.8088986505599","17.1957671957672","16.0759682966951","13.2529322112517","10.6419572601797","11.3751213808684","12.1003307607497","9.19963201471941","8.04471825320621","10.4369308817555","10.512988259954","12.3698610342809","15.1992923724007","10.6553007246765","5.5391670895105","12.006718003226","8.97458620000376","10.2263950817264","10.3437659226407","24.8880308630392","20.5310077647122","21.5663517910828","22.074814442888","23.6117319230397","21.2067763046123","22.8891769937744","21.3061261282548","20.668907969621","22.325908295006","20.3985392323003","23.2624340175259","19.7241316199789","17.1950466966314","15.0415341466529","12.8081335322639","9.3059152625505","10.7686344431485","9.9893502376745","14.3050078362201","5.78653523341068","3.46580920270714","2.17826429341476","2.17279846218936","2.88674000548273","0.734291872696879",
"Senegal","SEN","Gross capital formation (% of GDP)","NE.GDI.TOTL.ZS","","","","","","5.70157234498663","8.52397669575614","9.92595504656772","7.3485949556097","8.16925840126087","9.54329231600746","10.1853891019399","10.3356143344955","10.7444754665048","12.1861122747438","11.1799594410999","10.3319502171583","9.94824802437044","10.475576849936","11.2763838621152","11.9962958995098","12.7337450766716","16.8371747041627","16.9800999555589","16.4708770266329","15.2686166795207","11.0797002765633","12.4189043706086","13.8761472167194","13.635120100554","14.5972584845911","14.6927405145281","15.3394151148933","14.6596389049948","17.1399920981717","15.2995419739429","16.3904751259118","15.8480598951591","18.7449802067005","22.0105963596568","22.3732272873417","25.5702135059709","23.1150021289388","23.9262712508604","23.6336696840746","24.5728792485602","22.4168252607608","24.6184148818474","26.2267083321653","20.3974883741685","20.0869466642817","21.0003400122128","24.6240972538796","24.0663485140699","25.8807867671935","25.8333087504104","25.3616730282266","29.7767900729772","32.6479409412239","31.9656603434826","35.632965093467","38.3530133013182","44.9151866064373","42.314987698199","34.7270526468632","26.8773140866567",
"Singapore","SGP","Gross capital formation (% of GDP)","NE.GDI.TOTL.ZS","11.3330861221841","11.5264664416628","15.4667299252758","17.3406906372375","19.8085634955429","21.708674084998","21.7316172089143","21.931977097021","24.635688754468","28.2880365260858","38.17631350671","40.0886015671222","40.8645796947834","38.9126168763708","44.4986517449382","38.8077531011676","39.5963581588173","35.2414206393856","37.8603291633492","42.1168145611413","45.0281411386338","44.7832103321033","46.2702906312903","46.4506805402281","46.9276594521021","41.0992394060123","36.5581142844566","36.5193909922173","33.4082568034691","34.06069305235","35.6531138861975","33.9799446925753","35.5156959121622","37.2020493632248","32.9120593059062","33.8813128046581","35.0401245569948","38.1697972076704","31.4900376302754","32.6914753593956","35.1740359977879","27.6094317950146","25.0736127933875","17.2245248736318","22.8924616706012","21.506936250429","22.3792634447668","23.0659529090098","30.1596763689779","27.3701152111674","27.6582275190447","26.6919943455279","29.2629426703058","29.9795021855415","29.4300082792766","25.353193018866","26.3428829842065","27.1803110118491","24.6650062452141","24.3414821182522","22.930549192946","24.1177810588483","21.8791987960219","21.1305685622627","21.8490850721263","22.4864260878508",
"Solomon Islands","SLB","Gross capital formation (% of GDP)","NE.GDI.TOTL.ZS","","","","","","","","","","","","","","","","","","","","","3.29520528189773","3.5588215942153","3.73676274485125","3.84352733109945","3.45917470767682","3.67191258674271","6.61271950450753","11.2624292490977","8.97830736465849","11.3504169972949","7.54537821282825","9.55132257487468","7.87041538782995","9.07479729562696","6.86336207598753","5.25368874621093","5.71135472235677","6.59114710842544","7.21564930020228","6.90346862875386","7.62912028660779","7.91161202565028","5.94570985166908","9.03530112322162","9.919334226527","12.6024542516893","11.6455358146348","13.1013577931934","13.3782751047418","12.7912014764892","17.9438827663601","15.0193617167081","14.6175751916862","14.6468665253319","12.6368122909552","15.9448743231964","17.2166310250018","19.5610450341936","19.1385054031549","22.6955770076321","16.7238168967909","22.4863242077795","20.8786484926908","21.2240411030554","19.4589054322805","",
"Sierra Leone","SLE","Gross capital formation (% of GDP)","NE.GDI.TOTL.ZS","","","","","","","","","","","","","","","","","","","","","16.2094331458243","19.0914719083733","13.3811156123403","14.2796226213954","12.7056237406118","10.9232531500573","10.6364097363083","10.186009255963","5.89418469302389","8.32556820883034","13.0059154757791","10.9088699140053","8.36977422841006","7.74811426056782","8.66377045690347","5.57286605626242","11.03600434571","-2.42435790046364","5.31347525555798","0.292869776037837","1.09681037230364","10.9930810148955","11.8061528715886","11.3298833061018","10.4298347150006","11.4096079062413","10.5468598425727","10.1591673004271","10.3794057886037","11.2088615902087","34.433555789299","46.5454157294241","29.4098051807138","17.6517899195356","15.982290990834","18.0613249475414","17.6618966541204","19.1399846347627","15.6172570458345","16.0259388628865","15.341210674455","14.0995510989195","14.8768677642474","19.7051016443165","20.4557869148372","23.1972792226218",
"El Salvador","SLV","Gross capital formation (% of GDP)","NE.GDI.TOTL.ZS","","","","","","15.180239711981","16.576297443842","14.7715632042614","11.5393745504502","13.1122546216886","13.2471842672033","15.5937004687553","14.1645301174311","18.2788840201897","22.6258794150839","22.1217320488222","19.6196325347625","23.415508919667","26.0745022314863","18.0850209053199","13.2737919079618","14.2441513880978","13.2214121303225","12.055138968245","11.9604496664021","10.8458242708352","13.2511699347916","12.3614537254723","12.7917482123593","15.3275571767932","13.8129021152629","15.4554851564894","18.8329726464859","18.9576297314485","20.3581224744068","20.9442219176574","15.3549641813834","15.0832034797636","18.651055747783","17.3014845451564","17.6690604559246","17.7140700026255","17.0646701352869","18.4292273233695","18.1407410137797","18.6047081235542","20.0754505187223","20.80003526974","20.1725812522343","14.0546154274436","16.6715814032151","17.7899287016523","17.7095456638993","17.0194025181256","16.397215655674","16.0169876236441","15.967514115536","16.6769619030881","18.3715366715538","18.3447949008115","17.2116179042815","23.3549127263788","24.4716130568737","21.497475229723","20.1220020911859","26.332110261193",
"San Marino","SMR","Gross capital formation (% of GDP)","NE.GDI.TOTL.ZS","","","","","","","","","","","","","","","","","","","","","","","","","","","","","","","","","","","","","","","","","","","","","","","","","","","","","","","","12.0862064854973","15.7692011952972","19.1193560418814","20.6091878712611","24.0244755743653","18.0508704925175","22.2349508792548","23.0259588963445","16.5828788451836","","",
"Somalia, Fed. Rep.","SOM","Gross capital formation (% of GDP)","NE.GDI.TOTL.ZS","9.66639703751015","9.63475749936047","9.67807688857001","9.60553407805852","9.97864109831259","11.1896147728575","11.4501740644038","12.0228714700108","12.1728515625","12.3525195366289","10.8789459209487","11.3990518119135","12.6348040219783","15.0410102412963","21.9483696923724","21.1524076936748","27.693145693845","21.4244186046512","28.7094809051988","23.0161380077908","42.4716061126809","27.5571325353645","29.2741500601147","22.3746740072305","24.226945503028","29.8242645343109","25.5769942465546","33.0009852365454","23.5974316082343","28.0180463070803","13.783028588497","","","","","","","","","","","","","","","","","","","","","","15.7360330751388","14.3695600150118","13.4104063533751","13.1480812127699","12.8456368959279","13.8251070470324","16.1056776324146","16.0813308687616","16.006026889198","17.9795423389223","23.6499068901304","23.6083226866216","26.7485585359739","28.1142267908557",
"Serbia","SRB","Gross capital formation (% of GDP)","NE.GDI.TOTL.ZS","","","","","","","","","","","","","","","","","","","","","","","","","","","","","","","","","","","","13.17077399576","13.265301224482","13.7460593712061","8.67046343948887","7.70935558979106","9.06363107933195","14.7411020982562","17.3776527581948","18.3879552623779","24.8595661186449","21.7943857064162","21.7288994079008","24.898939060219","25.9133962645148","18.554576515854","17.3241841893613","18.149940401775","18.8103783793047","17.1235575159888","16.4778532272023","18.5143098449514","18.1669241245312","19.7183969139317","22.4992604945944","24.9266250234247","24.0974936172696","24.9450929619478","26.3842034681714","24.6160934874749","25.0264449793479","23.3807803980233",
"Sub-Saharan Africa (excluding high income)","SSA","Gross capital formation (% of GDP)","NE.GDI.TOTL.ZS","","","","","","","","","","","","","","","","","","","","","","","","","","","","","","","23.2647741040881","22.4547735894481","22.3571504013737","21.0357677347004","22.4808725567489","20.1540288778058","18.0147702277065","17.2013945026967","17.6665667831834","23.3524567313033","23.025922595696","22.2481068379455","20.6277810587091","22.299563376375","23.2972154135515","22.4843257442363","21.9571016517345","23.1365340787654","24.7162995052966","25.2681630700467","23.5782224185703","24.1547749822954","24.6330482890564","24.6880601139091","24.836978777883","24.4791788855005","24.2029497765083","24.5347487739522","24.1978358631929","21.0872693774778","19.8089489832435","20.6593141367259","21.6143942253441","22.4898995652816","23.9691419750371","23.1175612490474",
"South Sudan","SSD","Gross capital formation (% of GDP)","NE.GDI.TOTL.ZS","","","","","","","","","","","","","","","","","","","","","","","","","","","","","","","","","","","","","","","","","","","","","","","","","13.7699875260258","13.6521309804579","10.2896550768433","9.48877706805626","7.0742528372385","11.3677738263753","7.9945088302124","5.75075637151052","","","","","","","","","","",
"Sub-Saharan Africa","SSF","Gross capital formation (% of GDP)","NE.GDI.TOTL.ZS","","","","","","","","","","","","","","","","","","","","","","","","","","","","","","","23.2647556615806","22.4512070017661","22.3568297730448","21.0566240030361","22.4957778784223","20.1735811187887","18.0501022102191","17.2271356115777","17.7006695696783","23.41828523976","23.0379794059369","22.3080984500947","20.6563427947242","22.2817439662482","23.2911124148664","22.491301788028","21.9748830588817","23.1471449197418","24.7189849877646","25.269415635428","23.5903228861984","24.1632883594591","24.6435866183311","24.7022931691774","24.841014085968","24.4830151791878","24.2070969681782","24.5373122989839","24.1971118552433","21.0899735928805","19.8102229887589","20.654524060868","21.6115356836893","22.4952313553101","23.9685760014727","23.1134807220348",
"Small states","SST","Gross capital formation (% of GDP)","NE.GDI.TOTL.ZS","","","","","","","","","","","","","","","","","","","","","","","","","","","","","","","","","","22.6431404748111","22.6551315291034","23.8104980752183","24.6995390205953","25.0155145799011","25.1855124028435","23.0219026970008","23.73120016173","23.6867020775122","24.2805862090667","24.3907413306031","24.1189819737612","24.0924782871572","27.2633551254284","28.7438752654024","27.5601701492388","24.6998207848182","23.4326248776139","23.4831101522708","24.2630535686361","23.3203171698778","21.414012994227","22.5202248318013","22.954430805641","23.9482662288168","24.8284090293442","23.7012092354535","23.650858468249","23.4784584356776","22.6377129955457","22.2207199306573","21.6084646223585","",
"Sao Tome and Principe","STP","Gross capital formation (% of GDP)","NE.GDI.TOTL.ZS","","","","","","","","","","","","","","","","","","","","","","","","","","","","","","","","","","","","","","","","","","","","","","","","","18.7857875236744","21.3371255943894","25.7158326122362","22.4489867997261","16.5558937115758","17.1080459100707","16.2190837351036","14.5502307918632","13.1023402352826","15.303904220694","13.7536956718475","11.9753186750673","11.8050231657312","10.2866385323613","8.2925116011365","6.20476462377871","6.92136880359529","8.74210888038525",
"Suriname","SUR","Gross capital formation (% of GDP)","NE.GDI.TOTL.ZS","","","","","","","","","","","","","","","","","","","","","","","","","","","","","","","","","","","","","","","","","","","","","","","40.1609769636414","46.1853368068478","44.3081047638688","50.1880052641474","36.2044525973484","","","","","","","","","","","","","","","",
"Slovak Republic","SVK","Gross capital formation (% of GDP)","NE.GDI.TOTL.ZS","","","","","","","","","","","","","","","","","","","","","","","","","","","","","","","29.8754184448103","28.1067038693956","25.9816664070658","23.8741457665104","20.3090050171094","24.0544141900947","34.5070223435691","35.4088096834732","35.0370947134417","29.9860460577947","27.8153225458448","31.4531074581958","30.8750199344027","26.5046804353507","27.5953334016425","30.5761492545056","29.2662149111272","29.0013589753236","29.292929955951","21.4028753757641","25.3783368279954","26.5333923090075","21.474904237703","22.1131489252307","22.7798159146212","25.7777282551685","24.5392697834922","23.5559590901028","24.2014212638106","24.0619105210669","20.2268098788151","22.6863824228676","23.3083572565552","19.7276184665634","20.1257200812979","20.0837637938612",
"Slovenia","SVN","Gross capital formation (% of GDP)","NE.GDI.TOTL.ZS","","","","","","","","","","","","","","","","","","","","","","","","","","","","","","","17.4529352051393","17.1814162058285","17.8660812435688","19.6537032397846","21.2722098093561","25.258028068208","25.0155793219414","26.1603855436481","27.2139263723358","29.1616388039395","29.0574911701523","26.8861602046924","25.70100156278","26.8382582282831","29.0471155904874","28.6986499842107","30.5745557357793","33.2981260591771","33.1452787386717","23.7456185537015","22.5601344858632","21.8690049997807","18.8609355850954","19.7842267864778","19.7452653119649","19.4686216573949","18.8479088939625","20.2503347880345","21.5608446841882","20.8345240702316","20.1896719461532","21.7979271644933","24.5714885958339","22.510001872287","21.5339676972715","22.0285678943431",
"Sweden","SWE","Gross capital formation (% of GDP)","NE.GDI.TOTL.ZS","32.8293715875043","32.3147915752019","32.0579409192582","31.9553506423007","34.3487358654131","35.059324514251","33.5752330971401","32.511505330583","31.4962993288986","31.7753906756732","32.9097586232617","29.8496341214303","28.7887647498418","27.7983255536546","30.5458579052473","31.0614033234846","30.1708104790836","26.5019926313895","23.1089621963319","25.8327122463555","27.1652053601716","23.5795700754315","23.1460155230378","22.9791731255347","23.959161711365","26.2819934835405","24.5191809378664","25.7073386013059","26.9402213119942","29.6800692338888","29.1105249361854","24.6555310368538","22.6710211839454","18.7234834432765","20.0212847705087","20.458951437596","20.1959941036278","19.9815532657995","21.1029627211546","21.2259014669133","22.2311755975548","22.3039192201803","21.60471563059","21.245941934027","21.1628436942009","21.277313898577","22.4549230007772","24.0781550268935","23.9610681178216","20.4603001983975","22.4219023210946","23.2373150954555","21.9937736525354","21.899375975039","22.8644895912017","23.7906694877918","24.3491111935187","25.0919649215298","25.3360254860097","24.4772455073125","24.4207542408468","25.2716067156906","26.9218066455024","25.2626527566229","25.1194850237718","25.4668351283759",
"Eswatini","SWZ","Gross capital formation (% of GDP)","NE.GDI.TOTL.ZS","","","","","","","","","","","","","","","","","","","","","","","","","","","","","","","","","","","","","","","","","","","","","","","","","","","","","","16.1345781176745","19.6275885076679","17.2217061828251","17.3577663965022","17.6967903356276","19.8490383026284","16.2318349707561","15.2902282173586","19.7885871413021","22.0925604538439","20.8277519082123","14.9720984162991","",
"Sint Maarten (Dutch part)","SXM","Gross capital formation (% of GDP)","NE.GDI.TOTL.ZS","","","","","","","","","","","","","","","","","","","","","","","","","","","","","","","","","","","","","","","","","","","","","","","","","","","","","","","","","","","","","","","","","","",
"Seychelles","SYC","Gross capital formation (% of GDP)","NE.GDI.TOTL.ZS","","","","","","","","","","","","","","","","","38.9228517895485","40.0040551500405","43.2918628110289","32.9445340612979","37.5773442072173","32.3524955744275","31.7934649566537","21.1436858902832","21.8271959682585","22.2928371577106","22.8963228310005","19.5936717198583","25.46827015667","27.2548147559979","24.2633008167867","22.0366510941658","21.2917079085588","28.0941242267158","26.9424629748869","30.0161166378703","39.0761097711862","31.3988822674612","34.433684667664","42.906222053203","24.9183939465335","40.395100282651","27.588134558915","10.9629831806923","17.4160642655973","23.8691409523337","30.3222238580205","29.2244294345938","27.643033995501","28.0272254229443","37.0314238165867","34.816249355555","37.7299203495349","38.5669057079413","29.0548988749451","26.8795153716518","25.1347394249892","24.5351766928824","21.9869866164983","22.0855945287218","21.3213198960022","16.4677161262206","18.4987415919283","24.3522026214645","21.3041209351163","18.7112375533428",
"Syrian Arab Republic","SYR","Gross capital formation (% of GDP)","NE.GDI.TOTL.ZS","13.70636991335","14.4243622223201","16.3050253855056","12.418360772165","11.7440256081645","10.3345904794728","12.5293867574274","12.2643019893737","13.905886815566","15.9720176024474","","","","","","","","","","","","","","","","","","","","","","","","","","","","","","","","","","","","","","","","","","","","","","","","","","","","","","","","",
"Turks and Caicos Islands","TCA","Gross capital formation (% of GDP)","NE.GDI.TOTL.ZS","","","","","","","","","","","","","","","","","","","","","","","","","","","","","","","","","","","","","","","","","","","","","","","","","","","","","","","","","","","","","","","","","","",
"Chad","TCD","Gross capital formation (% of GDP)","NE.GDI.TOTL.ZS","13.5736311608589","14.7800441516735","11.6723096113828","15.1239938544365","14.9853210763874","11.0319398322771","13.1527315784861","15.6561652941607","15.0434606297846","16.8543400799357","16.0926226734141","15.8907709674102","14.7506385071844","15.2303365893454","18.4747648844581","20.5280559594986","17.0543138245466","18.5147556530845","16.2312452735238","","","","3.16176390466728","2.73289727485606","4.83039724539578","7.30237247332203","8.13293998554757","9.12948306784842","7.03549730258918","8.03107436981493","6.75350745613147","6.54307025873686","7.46811391470718","9.75930185156408","16.6399110712347","13.1924876039231","20.2501604910022","19.4847788586122","16.9342205128578","13.6915005957516","23.2739022193722","40.2503769127795","60.1561730301281","52.1217743230429","24.2838719183309","19.1098438642877","17.7039292404167","18.3692276250245","18.5468847123789","19.7181814380475","21.8544482247032","24.9696238126319","24.9268683598444","23.9026222562092","29.4795971629017","22.8922387955511","18.3585890168831","18.5366518857505","21.9262549263931","24.2909930911624","22.7874455493419","19.9485528388339","17.971522488907","19.2864714749473","19.5820945527789","20.3565004354769",
"East Asia & Pacific (IDA & IBRD countries)","TEA","Gross capital formation (% of GDP)","NE.GDI.TOTL.ZS","35.3602997325669","20.1231505344722","15.2716043749286","20.6373087356735","22.9937471238787","25.5537536767291","28.6710726904261","22.5969842354793","23.0986247999172","23.371009757526","31.06937607605","31.9337331923852","30.0150601459454","31.3811018883729","30.4423104066275","32.2265968443734","29.7654912776372","30.4149857408689","31.7769387882423","31.3757346642527","29.9904820191702","29.1801356441703","28.8544092681745","30.8516225146376","30.4446040112082","32.7983934444842","31.4287056268991","30.0860380435159","33.0452144663356","34.1191096983986","33.8015309803153","34.7424966845044","35.9832430782757","37.9531424859159","37.0482241648584","37.0752052403139","36.4649516740577","34.4048874544981","31.8714699259135","30.2155449962843","30.3318276411096","32.2075178181207","32.5411755649622","35.3339919240249","37.1820512612447","36.4765717758291","35.8578329497016","36.4662770277279","38.4243916010097","40.905481556047","42.2319796603079","42.5975180226123","42.6564274045182","42.8555349567217","42.4419884622511","40.4596796319234","39.9357046859214","40.3880690044122","41.2531396766446","40.4671976862431","40.2278359415771","40.8201980314881","40.418870504936","39.1445406865256","38.5693393009643","",
"Europe & Central Asia (IDA & IBRD countries)","TEC","Gross capital formation (% of GDP)","NE.GDI.TOTL.ZS","","","","","","","","","","","","","","","","","","","","","","","","","","","","","","","29.3339594729904","32.6842857160439","32.0434788051706","27.3840470396488","24.2928908724011","24.2506716550906","23.8700135814906","23.1199198012852","20.9861619671804","19.8372432677299","21.7709406707854","21.2496325561166","20.6961401363495","21.7606884868673","22.8688109514705","23.2078421759603","24.8750780363274","26.8607545627016","27.2994322102496","21.9250960147835","24.1305006238806","25.5324166951792","25.0910752879501","24.5400708580975","24.1529862632237","24.4643805330403","24.6040735301694","25.2657633375633","24.3135874506007","23.8370641365056","24.8343338298327","25.2629891272643","26.0001109201721","26.8249697477467","25.8839957289712","26.1013082154757",
"Togo","TGO","Gross capital formation (% of GDP)","NE.GDI.TOTL.ZS","","","","11.7283950609314","21.3541666664854","23.6781609190898","16.3841807912467","12.6315789476823","10.8514190317886","13.218390804241","14.3826322928159","18.0708180707041","20.0913242009629","21.6814159290237","16.9089517977726","28.5268901010447","26.9992663244496","38.8625592417624","49.2055084745636","50.7048872179951","34.7734899327819","30.6589147287436","25.361512792144","21.8120805369217","15.0414276608504","27.4452554745114","28.3614589004377","24.1076185401994","22.4217422954985","16.9601482853707","36.1405141327804","37.4254388530191","36.6292329480502","7.83623038965214","33.2638322628292","37.7241690516579","27.3625391935796","26.1903864591866","20.9660389265605","20.4000271297644","29.4974703074911","29.3205669194724","30.669067157494","32.0951600439821","35.5641648807502","25.1114080668295","19.0238222894344","18.7845380616733","17.0859273927781","14.4916428488121","15.8404247844887","19.9043015015358","17.6964729054914","22.1146688275227","22.3769666612391","25.1850151673938","20.1572457451871","16.8360654544298","19.1360002540754","18.6009271602702","19.8105297114895","21.5046308367343","24.4982811109098","22.3879847944848","","",
"Thailand","THA","Gross capital formation (% of GDP)","NE.GDI.TOTL.ZS","14.463657681387","13.9594715986748","16.9879622925769","19.8246416879074","18.5279724196964","18.6351386323248","21.7725482499222","21.9005801824792","23.2715348915602","24.3259156086286","25.5976934382554","24.2086048754609","21.6766609534371","26.9959481723846","26.6350280713694","26.7504134208903","23.985280976874","26.8847578712585","28.1638665867808","27.2052252102184","29.1419241331751","29.6753095180367","26.5165420099713","29.975276320559","29.4731136833054","28.2445805413169","25.8723109118161","27.8747119905774","32.5908899192024","35.0661167116578","41.3537625860488","42.8413775479448","39.9639476511796","39.6561466385326","40.9077848466695","42.8626944049408","42.5326887141045","34.2747292641036","20.0714955249893","20.1734050464464","22.2826056940878","23.1124372100211","22.7441937694577","23.829298673817","25.6814147024811","30.4207508630674","27.0116433930542","25.4960142904031","28.2264349517752","20.6363983767118","25.3566546340746","26.7914582468449","28.0241657146011","27.4571011829666","23.9190195478501","22.3556406383245","21.1054892015174","22.9342956887695","25.2195901594439","23.8147525746375","23.7642761877022","28.6772507306111","27.8232930802592","22.3940359236883","21.4528153883175","22.0706663098923",
"Tajikistan","TJK","Gross capital formation (% of GDP)","NE.GDI.TOTL.ZS","","","","","","","","","","","","","","","","","","","","","","","","","","","","","","","","","","39.1579215342404","32.3193069306931","28.6683381088825","22.3203307392996","19.6888653029718","15.4240612503657","17.3349814126394","9.41400347008451","16.3827950698182","9.29571889906082","9.13672029235099","11.7772898999562","11.6476563150445","15.9664495672294","24.6329386773297","26.5087253628508","24.8447536175679","23.8461818667509","29.2094402931719","23.2673636939311","24.9057147542124","26.5156987249439","44.6894530560362","40.5223187316003","29.9295561525461","37.2634366837792","35.3886623401905","33.4749512555638","34.8738527231408","35.4675046982739","31.6513056719952","32.4253661642827","",
"Turkmenistan","TKM","Gross capital formation (% of GDP)","NE.GDI.TOTL.ZS","","","","","","","","","","","","","","","","","","","","","","","","","","","","36","33.3333333333333","35.7142857142857","40","45.7627118644068","","36.9261477045908","","","49.4207741935484","38.6768676867687","45.4948195784209","39.6709050112191","34.7386559448593","31.7126612120372","27.5596816976127","25.4187357966501","23.0536196152804","22.9195946475561","19.5019564924266","18.6","31.7","46.6","","","","","","","","","","","","","","","","",
"Latin America & the Caribbean (IDA & IBRD countries)","TLA","Gross capital formation (% of GDP)","NE.GDI.TOTL.ZS","21.6344094595259","23.0213231697827","21.1239273763309","20.1354954161777","21.3893149437221","21.9116521433636","21.6249523306287","21.1018533564349","21.4371838569014","23.0123090859521","23.0027538263135","22.7653861097093","22.3877336564171","22.5151079992059","24.7667563834641","26.7244524030262","25.6834405646371","26.1979702732889","26.7656527787046","25.8051968978816","25.3926938703619","25.5810667774381","23.2399569099419","19.1202411490541","19.0806171930035","19.8347513259875","19.6092651042513","21.9048296744082","23.5278310450954","24.1389820696027","20.3853360687241","20.1198119575578","20.537146511431","22.1966095551268","23.4512824947241","19.6861891568339","19.7517939957327","20.5496033226198","21.2261229720673","19.7843935013809","20.268867292881","19.2408343412962","19.2453338044651","19.3661535717572","20.1035746739232","19.8857651520745","20.5225382485957","21.6396800049818","22.8372375649271","19.9617288348752","21.8285165240117","22.8118694808298","22.3469749935465","22.5072608690199","21.4302933700636","20.5583848501403","19.255671181343","18.7625910178891","19.0754603645194","18.7756469704007","17.8428275495624","20.5419946458414","20.3335259193441","19.3295026437651","19.3865754663318","19.2189373506137",
"Timor-Leste","TLS","Gross capital formation (% of GDP)","NE.GDI.TOTL.ZS","","","","","","","","","","","","","","","","","","","","","","","","","","","","","","","","","","","","","","","","","33.5311943090169","30.2100535173401","27.9094610671299","22.3030749383563","17.0930776002105","15.7907966807134","12.1372019452067","18.6637359122793","31.3273873148178","48.8640706261251","42.7178169002187","70.3349318094574","60.0291239967085","41.7887762323789","43.1474067090044","36.9492802033148","39.8487599183792","35.6344562459808","35.9232516227947","26.7767825093046","16.4657004802325","14.3998179543238","10.6054855889013","20.4884517844113","30.1076509546051","",
"Middle East, North Africa, Afghanistan & Pakistan (IDA & IBRD)","TMN","Gross capital formation (% of GDP)","NE.GDI.TOTL.ZS","19.770002217097","20.0433895205988","18.7598236934396","17.6002933184364","18.5800351630355","19.6818277675894","18.6616590708629","19.1571625704764","20.188454609113","20.1113721505406","22.1063633062325","20.4069953241032","22.1493458332772","23.5994819820368","24.1044844754934","30.9167444301556","32.6191755183564","34.0888152408693","30.0736684352481","24.7816741595114","31.4315947975224","33.5525890087251","29.0179208547545","28.0199350890341","27.133720484692","24.0213687495704","23.036807269392","20.9248404702012","20.7015714596859","19.0750553890544","33.1649378412296","29.3700803960689","28.659038304324","24.1541104920616","23.1662207902541","25.249065891197","26.768446125254","23.0079231993817","23.7731472939347","24.0948084964917","22.9843452485489","24.7244170662703","24.3076380605271","25.6502794272266","27.4366673288543","25.6952947230463","26.4110119007414","27.0555051465764","28.8219988350082","28.8587000693295","28.3136607130853","26.4889863418909","26.0693665867744","26.3049951837618","26.3622257957509","24.5985790910914","25.3912674160734","26.4466276293837","26.1626631043269","26.2067582910094","25.7425811070511","25.3846016227911","25.4717061018502","25.7717588683614","25.4782377692827","25.2138286485609",
"Tonga","TON","Gross capital formation (% of GDP)","NE.GDI.TOTL.ZS","","","","","","","","","","","","","","","","27.5927335403251","19.6689830260224","20.197551556019","29.5091897845391","31.1668681226554","30.0558014238984","29.5607702675258","31.2225254522576","29.3462010982993","23.9376596413107","26.3843345194074","24.1313062996834","22.1739242264462","23.1675759687873","20.4453244666941","18.4932996276061","16.7380346766854","17.727819239393","18.0935983722022","20.3685217198402","25.9729521011094","25.903042224632","17.3515332881513","20.4553114477437","19.3034503975617","20.2585110596869","23.4882946134657","24.2790513677234","20.4410390934732","20.0226658814699","21.9887117022834","20.8303893305934","20.5428386523307","20.3560838021782","24.6640364368878","29.15474136719","35.2538323322593","36.4235322935616","23.4827148315196","22.596914200603","25.3614840465699","24.6899464621996","27.903074127248","24.5166643129828","27.5972014371187","24.5728749966033","33.1404826145665","27.3260181331013","25.9304511318589","26.390288542124","",
"South Asia (IDA & IBRD)","TSA","Gross capital formation (% of GDP)","NE.GDI.TOTL.ZS","16.9296100582271","18.2251028424401","17.6241906576091","18.3624332421608","19.1106502074155","19.3888588426711","17.2733661633831","17.3879719960281","17.4889762639547","17.286368457049","17.6403890677251","18.1898654498471","18.5706407122533","18.0141928340452","20.9860658212006","17.6245398670897","18.8578246145889","20.6126523899088","22.0859605868417","22.9411532191603","19.8021258271762","25.29313934966","25.072412948859","21.3333698686702","23.2676904675548","26.0078174418855","25.7341800716726","25.4713870982311","25.8813882488707","26.3320841841005","26.7468455277223","24.7188081204104","26.8776334248966","22.7998317119551","26.1336997267328","28.6870464424877","23.1257668429308","25.7898358333085","25.207339991804","30.580920878294","26.1066188047596","29.6730585014082","30.0450492499104","30.6241629887214","34.6488556309542","36.9471493768798","38.4951974574366","41.4057562301016","37.9414330508268","38.6643831527652","39.189571682824","38.8851663178079","37.7307820853006","33.6267425472628","33.8859355263062","31.9449594508094","30.4067900207345","31.3448895002414","32.5827015595367","30.5798864358008","29.340101685823","32.1325895669563","34.0385694534715","33.8836427876394","33.7309311621962","33.8264305839971",
"Sub-Saharan Africa (IDA & IBRD countries)","TSS","Gross capital formation (% of GDP)","NE.GDI.TOTL.ZS","","","","","","","","","","","","","","","","","","","","","","","","","","","","","","","23.2647556615806","22.4512070017661","22.3568297730448","21.0566240030361","22.4957778784222","20.1735811187887","18.0501022102191","17.2271356115777","17.7006695696783","23.4182852397599","23.0379794059369","22.3080984500947","20.6563427947242","22.2817439662482","23.2911124148664","22.491301788028","21.9748830588817","23.1471449197418","24.7189849877646","25.269415635428","23.5903228861984","24.1632883594591","24.6435866183311","24.7022931691774","24.841014085968","24.4830151791878","24.2070969681782","24.5373122989839","24.1971118552433","21.0899735928805","19.8102229887589","20.654524060868","21.6115356836893","22.4952313553101","23.9685760014728","23.1134807220348",
"Trinidad and Tobago","TTO","Gross capital formation (% of GDP)","NE.GDI.TOTL.ZS","","","","","","","","","","","","","","","","","","","","","","","","","","","","","","","","","","","","","","","","","16.7852491790067","26.7132302680376","22.6251554450169","25.188354480181","16.624019381715","11.363899726627","17.921380553648","26.5072464540625","23.0445264115121","31.4254022882359","23.1421157657785","21.8928313859828","20.810738800028","20.7680434052336","19.6970291174537","25.5109091379097","19.5545327203286","20.9091100828023","22.9190828613135","20.9735099987528","20.5150375079653","20.2761339172081","17.1792577403861","18.985717034243","","",
"Tunisia","TUN","Gross capital formation (% of GDP)","NE.GDI.TOTL.ZS","","","","","","27.9069767441861","25.288197621226","25.1929824561403","22.9261408185667","22.4453632604843","21.148755955532","21.5161143894689","22.7166276346604","21.2802918440024","25.8043674893397","28.0176869185713","30.6570098292809","30.5442766549569","30.7580820483916","29.4284736481862","29.3602598503036","32.3282075925036","31.7271667637999","33.4962333056933","35.8991953090886","30.1625749825456","26.6004692475281","23.4838773910122","20.7098815324573","23.9116153453112","27.0680584705567","25.9884610268688","29.1942097506165","29.2395826229285","24.6442980181866","24.7006181165625","25.0137677472819","24.4588857797885","24.9171281844729","24.6202573505096","25.8988088362201","26.1793463195827","23.8112895578277","23.3233069103163","23.3018782908712","21.6794440065917","23.449499739926","23.6821787042886","25.52358104832","24.2886504468516","25.8362686991415","25.0372425723868","26.0970264685305","23.8678486722665","23.8646110150307","21.7389997127019","20.4750075823644","21.294559927067","22.9635661213165","19.803398083912","12.6882289097848","15.8458804086219","16.6738021219912","8.20796640437897","7.85819532475466","15.231584384231",
"Turkiye","TUR","Gross capital formation (% of GDP)","NE.GDI.TOTL.ZS","9.98531571218796","10.0139082058414","10.7098381070984","11.6952789699571","10.934393638171","11.3277623026927","12.8447596532703","12.6420454545455","13.3968253968254","13.3561643835616","14.7073791348601","13.7319587628866","16.8107921134556","15.467032967033","17.8902783380395","18.7092770710518","20.3231292517007","20.6664773265171","15.1463430052469","14.5027176847486","18.1642641379574","17.869889887356","16.9525933550638","16.2852910296423","16.1803146778439","16.5132281916485","18.8475566423189","25.6665047328829","25.14260066783","23.4725869123308","24.5492675167824","22.7120396231239","23.3622714401738","26.6156090890252","21.3205329264016","27.4023252690356","29.0861159032907","27.0279861254657","25.2997631419224","21.5049637841958","24.011318241332","19.6143621979648","21.525989356389","22.8567811256469","25.167773403717","27.5674708715615","30.1577149171837","29.5493413273707","29.7262007474574","23.6948756749495","28.4520777825517","31.958286232969","29.421538205313","31.3649431990856","30.2115390664919","30.062899150791","29.8288300175216","32.7946921972451","31.3408009091416","27.5058303832163","34.1540560799477","34.3761444701623","38.602139717568","34.5882765114043","30.7311559549208","31.6666169240923",
"Tuvalu","TUV","Gross capital formation (% of GDP)","NE.GDI.TOTL.ZS","","","","","","","","","","","","","","","","","","","","","","","","","","","","","","","","","","","","","","","","","","","","","","","","","","","","","","","","","","","","","","","","","","",
"Tanzania","TZA","Gross capital formation (% of GDP)","NE.GDI.TOTL.ZS","","","","","","","","","","","","","","","","","","","","","","","","","","","","","","","17.9814198491277","18.1352206240194","18.7525701085471","17.3020323198502","16.9743701832328","13.6278212738224","11.4571208610568","10.2603824139834","21.0338676209662","18.2183314204882","17.462796824131","18.3167930926191","18.0880950947047","20.6843865054193","24.4935805724156","27.3958979170045","30.3239644518197","32.6512173460431","37.4895216967723","34.3556768729289","32.0172443063631","34.7360333035223","34.8451015083251","37.470607348423","37.6539665632561","32.7586922845607","32.1747860509655","32.354141404315","38.3765744836496","39.7264057276571","38.7464874924603","39.6866788606001","41.0677624080732","41.0023887360591","39.5681895058567","40.6816628149363",
"Uganda","UGA","Gross capital formation (% of GDP)","NE.GDI.TOTL.ZS","10.9641927889976","10.1803358862716","11.1481517795862","12.8055157847707","12.0876930742402","11.2377334599557","11.4977307110439","13.4607034303083","13.0904183535762","14.0170121001557","14.0046682227409","16.1019460634199","11.6431924882629","8.71997367555117","11.6152696644478","8.05236391034093","6.25178768438688","6.04967948717949","8.28153630582402","6.58010074683559","6.15453836944906","5.60831526209527","9.09299655568312","7.40961166493081","8.13983536390445","8.73201845394909","8.44692452702994","9.71821588881624","10.7923497166665","11.1362280233226","12.7040800379721","15.1712651209099","15.9389277365969","15.2457864755434","14.6818263424744","12.4120253617356","20.1726894202289","18.1785564881152","16.4471450744691","19.5491206383786","19.483821715744","19.3020594186146","20.2174228036338","20.9841415782684","20.1456899167115","22.355145856388","21.130370024996","22.0830552692819","22.9777738426393","26.6160387564841","27.1039553534011","26.7549805283512","26.1771756452378","31.9739798099079","26.853454663727","23.8597944507535","25.4152882648293","24.6140426859449","24.3285989781833","25.5294607796946","24.2159505553913","24.0863683469285","24.201342621546","22.8160132458418","22.3995184838424","22.6462066202612",
"Ukraine","UKR","Gross capital formation (% of GDP)","NE.GDI.TOTL.ZS","","","","","","","","","","","","","","","","","","","","","","","","","","","","","","","","26.3879598662207","34.4506258692629","36.2925144834191","35.3314464818416","26.6832084718696","22.6707881598155","21.4459381995394","20.8172104334604","17.5129546465096","19.8037790697674","21.8131881141234","20.1906567921482","21.9426366930468","21.0958651242924","22.5065325534357","24.5427579298359","27.781165374794","27.3925913814733","17.0684087928518","18.3723680042121","20.4440036822421","19.6146792260413","16.4257610216877","13.3964957165318","15.9333160342442","21.7241623615989","19.9647326419625","18.5883388544006","14.8903574828309","8.93229932738453","14.4674526848937","12.1132886209386","18.0705046393604","19.2236716130871","20.7791701759026",
"Upper middle income","UMC","Gross capital formation (% of GDP)","NE.GDI.TOTL.ZS","26.9058974712295","20.7447340722848","17.7322531395507","19.332496832711","20.7365621956698","22.2821989768539","23.1415968631155","20.7637474902603","21.1040035440708","22.0949034355457","25.2004094292086","25.2752652029562","24.6901856386636","25.200913820202","25.9354157447545","28.4143482486568","27.5412450731526","27.7739861785966","26.8170778358852","25.4795367711314","27.50928518627","27.8097364634082","25.4491114736792","25.2104128530123","24.4713056179969","24.9012408041448","23.8877929930699","23.7469784475991","25.3826966678831","25.9067040684047","27.053969609831","26.0436521095821","26.657887729437","27.2163076337366","27.3980463910699","26.4078957381523","26.6398631800118","25.6049527294763","24.78529455816","23.9990999992259","24.530068169516","25.1328185065998","25.8684846022803","27.5340875692762","29.0883794116431","28.4936657861451","28.9264634176816","29.8958655511892","31.7072395774348","32.4407631550813","33.7418076714054","34.2745131436916","34.5106698001545","35.0975302946263","35.1181695042548","34.4267856326681","34.0581240415465","34.275324793113","35.3248038641793","34.8346819475488","35.3989948188907","36.2405404942584","35.6261851329301","34.2103646160472","33.722069345502","",
"Uruguay","URY","Gross capital formation (% of GDP)","NE.GDI.TOTL.ZS","22.0689655172414","23.8636363636364","19.5876288659794","17.1673819742489","14.3283582089552","13.6612021857924","16.5128205128205","18.783542039356","13.8565629228687","14.9466908066787","3.39622641509434","17.7391554151106","17.1571158148339","34.1082989994114","15.8534413676431","18.8977373277715","20.9589787627572","21.4853944925338","22.7102288672273","24.0415004841131","17.3463190317123","21.3904635717161","19.7965187835167","14.2535420051883","12.1267005046183","11.3787729384631","11.1816622849821","14.2951204069497","14.6697475489971","12.0664635543336","12.2008510128042","15.1253447103372","15.3848955969299","15.6412955091165","15.8716341305374","15.4077114197278","15.2402122742298","16.8452933890758","17.3375780810385","15.0753309600382","14.4570209010912","14.3279397868346","13.0729059521491","15.2063088501279","17.468462801397","17.6988581639875","19.4605734296218","19.5260552843706","23.2080945884283","19.6247745177406","19.4076054759968","20.8823110125109","22.9153797295437","22.4844120119644","21.2028122395297","19.7053903958941","17.3891865703063","15.9240093229089","14.8534139816678","14.1208113485001","16.2336557099158","18.1967019774225","18.6148403942578","17.6566283807228","15.9230113680645","16.1783539610716",
"United States","USA","Gross capital formation (% of GDP)","NE.GDI.TOTL.ZS","","","","","","","","","","","21.4147356338331","21.9198180023179","22.580622464057","23.3318085894529","22.6949418311554","20.2774757493602","22.038398387541","23.5262697266726","24.8317846707708","25.1111298034927","23.3102708249411","24.2768645614446","22.070082771371","22.2529868977705","25.0958177517261","24.1883401602082","23.7406245175648","23.6202310299338","22.827807757869","22.5137993257208","21.5292134484762","20.1106050230516","20.0775819985715","20.39362787431","21.2790967659069","21.2726491406982","21.7018149855781","22.4097154992473","22.9583362435764","23.4191332062183","23.6783666531655","22.17672222144","21.7226602573604","21.7456280086763","22.6521453858971","23.3757186121201","23.5375300484967","22.5575761277216","21.0374883665128","17.768753245858","18.6722135353972","19.0335385248926","19.9507258841994","20.3792642750296","20.9011935276745","21.4151895660781","20.8879562484549","21.1557690246563","21.5690729259474","21.6698091948266","21.4377205146449","21.4064022284747","22.0268164402666","21.5701430454153","21.5325967668865","",
"Uzbekistan","UZB","Gross capital formation (% of GDP)","NE.GDI.TOTL.ZS","","","","","","","","","","","","","","","","","","","","","","","","","","","","","","","","","43.9301488105631","14.6502375108632","18.2004266495678","24.1998260825338","23.000095157758","18.8993990766049","20.9006339688086","17.1003354222844","19.6000122865217","21.0999939090005","21.1999946310166","20.8","24.5","28","29.6100809944662","28.2057467186946","32.0363460936417","29.9477879762474","25.544196023924","24.939068190188","28.061546236388","25.4549637024881","25.9149119018393","24.424590799647","23.7962055076888","26.2597739110439","33.4959684906661","37.5511039982581","35.6185340527013","35.9146303184061","33.3171368327978","33.0290737657093","39.0472249923559","33.277986337555",
"St. Vincent and the Grenadines","VCT","Gross capital formation (% of GDP)","NE.GDI.TOTL.ZS","","","","","","","","","","","","","","","","","","","","","","","","","","","","","","","","","","","","","","","","","","","","","","","","","","","","","","","","","","","","","","","","","","",
"Venezuela, RB","VEN","Gross capital formation (% of GDP)","NE.GDI.TOTL.ZS","24.56818978614","23.7992155121374","24.0443691786622","22.3420120549307","29.0122625361282","27.9654581410679","27.2557951209637","26.8744744744745","32.4670579116377","33.975541775598","36.5499279192696","36.2410528342171","37.7621865955579","35.4033281913369","29.056346561648","37.364392284374","41.6143859545239","50.2780881918487","51.858807523956","38.244125986223","29.9213221033749","27.754095256795","31.2963319005177","14.1909243628052","16.9369298596431","17.9032622471441","20.2602969916512","23.7773990158252","27.0534637683317","12.2902868916769","9.88970986648743","0","0","0","0","0","0","0","0","0","0","0","0","0","0","0","0","0","0","0","0","0","23.8728323699422","31.7622950819672","19.7297297297297","19.4339622641509","10.2506963788301","5.11494252873563","4.27688895929035","6.80095495959519","9.20649250274934","8.85637884091793","6.16853810249129","5.3259688045833","4.86458355999449","5.92724285755004",
"British Virgin Islands","VGB","Gross capital formation (% of GDP)","NE.GDI.TOTL.ZS","","","","","","","","","","","","","","","","","","","","","","","","","","","","","","","","","","","","","","","","","","","","","","","","","","","","","","","","","","","","","","","","","","",
"Virgin Islands (U.S.)","VIR","Gross capital formation (% of GDP)","NE.GDI.TOTL.ZS","","","","","","","","","","","","","","","","","","","","","","","","","","","","","","","","","","","","","","","","","","","","","","","","","","","","","","","","","","","","","","","","","","",
"Viet Nam","VNM","Gross capital formation (% of GDP)","NE.GDI.TOTL.ZS","","","","","","","","","","","","","","","","","","","","","","","","","","","","","","","","","","","","27.1442426996138","28.1028981458336","28.2995826198971","29.0498785375758","27.6297563146656","29.6099138223826","31.1727734549497","33.2205344910613","35.444857957463","35.46533166878","33.7574028912441","34.5366510764767","39.5662708970146","36.4931217965814","37.1625554335215","37.0990761715168","32.3711434429224","30.5592897696566","30.2129034609593","30.2890267860991","32.1089158178217","31.7245390951042","32.305300920099","32.019502902433","31.9799606565797","31.915688393806","32.8956023366901","32.3404994444961","31.6683495522758","30.5847264337631","30.7951346149846",
"Vanuatu","VUT","Gross capital formation (% of GDP)","NE.GDI.TOTL.ZS","","","","","","","","","","","","","","","","","","","","","","","","22.3317625375054","18.6370928367162","24.225734925971","26.8217054263566","31.0639686684073","25.0604741170779","30.9758281110116","31.1649552329405","24.4563042028019","19.7730819520014","19.9253363964555","21.7725334509631","21.2356455478839","18.4931506849315","17.6706954375751","17.1465303315693","18.9922816754835","19.9139980235571","18.3537886872999","19.5414877027877","16.8458035133377","23.238487366125","24.1193102808937","28.547036678941","32.8934931377368","41.7403070343952","41.6412412855494","37.0068927318604","28.7250562368478","24.088455209446","19.59129167024","18.1571053618298","28.2316975060338","28.8838841885284","28.6272907126868","22.8844719406783","16.3587697259307","18.6731182062903","16.8907970130803","20.8892768980673","22.2749819816","26.085691564676","",
"World","WLD","Gross capital formation (% of GDP)","NE.GDI.TOTL.ZS","","","","","","","","","","","26.5844637304508","26.3499489839501","26.554972331007","27.7147623275284","27.8630764557359","25.4921559461412","26.2929600316455","26.5669277849617","26.9104815129583","27.1750554493045","26.5988243215404","25.9350251379973","24.5588611349498","24.1114658958558","25.2418646732848","25.0017993235563","25.0548635102155","25.2694861530503","26.3864816605789","26.94066139777","26.5690357300186","25.8764579279235","25.258779433635","24.7053018992384","25.0242281225919","25.0471727652033","24.846469414526","24.6310490642503","24.2086888735647","24.3388184581013","24.6981047767044","23.8905553735713","23.2538634341458","23.4272164242693","24.0949312925986","24.4593884198792","25.0071717327576","25.4662270948936","25.4602081837739","23.423493191284","24.6267715827383","25.3495427594254","25.4871607487971","25.5970375883502","25.8794720491122","25.9245408633197","25.66630536978","26.1215186983744","26.6618995256248","26.5641173360643","26.4574260762578","27.2373053893195","27.4739393514853","26.6577465889384","26.2876909759521","",
"Samoa","WSM","Gross capital formation (% of GDP)","NE.GDI.TOTL.ZS","","","","","","","","","","","","","","","","","","","","","","","","","","","","","","","","","","","","","","","","","","","","","","","","","","31.7413750566996","14.6447083760345","37.1493303117706","40.299132906469","9.01812018037557","37.3331843934814","35.8616376044544","35.4648827223798","32.1825880825996","33.1401642944483","33.6506492980512","33.1905048867063","35.2314181058421","32.187971798949","36.0680837032175","29.0207314789872","30.0361587833274",
"Kosovo","XKX","Gross capital formation (% of GDP)","NE.GDI.TOTL.ZS","","","","","","","","","","","","","","","","","","","","","","","","","","","","","","","","","","","","","","","","","","","","","","","","","37.2836774320662","32.619616274023","33.1284870466064","36.0573444918945","31.9017216861076","29.9978585507713","27.8460008694681","30.4324686404239","33.5220002547509","34.6926494889605","36.2945421291487","34.5581995450224","33.4061275308265","35.9511804344753","35.2326459658665","33.9456293075627","33.9651432750713","34.5995236556823",
"Yemen, Rep.","YEM","Gross capital formation (% of GDP)","NE.GDI.TOTL.ZS","","","","","","","","","","","","","","","","","","","","","","","","","","","","","","","12.4400167615134","13.8157745327368","19.9478886560466","18.4820289666321","19.134419370368","21.7486859674444","23.0398548135484","24.6310756034888","23.6503380265952","18.7062815111396","18.9276615951282","19.5604238250263","18.4838501666927","20.7266658273967","20.2796968195702","18.5296186599287","16.3837695995646","17.1942959985092","15.4159109184981","13.5448141590362","11.66108310249","5.5005264777992","8.70430583413214","8.1057860253692","6.69826178718153","1.65634244893033","1.42925784388708","2.07229521886868","6.17671942043548","","","","","","","",
"South Africa","ZAF","Gross capital formation (% of GDP)","NE.GDI.TOTL.ZS","19.331092974876","18.4673748103187","17.5178316690442","21.2304914226751","22.3770491803279","24.1456882699518","22.0175352182051","24.3518272719228","22.5392413342054","23.3151581243184","25.2837160200581","27.4128045867176","23.6548869786692","24.0003465754018","27.230380827081","29.3539237314844","27.6695637593271","27.3036330424193","24.7259114003031","25.6066314996232","29.6839323922627","31.9039870808304","24.8177451863287","25.2647390862186","23.8013849065947","20.720595298589","19.8015726234653","16.7239888069194","19.8647985515339","21.3094797014767","18.2312412035802","17.8354850806236","15.7145549853145","14.161207817224","16.4704957860317","17.7000132325077","16.5683988950434","16.2941004369842","16.4278913701127","15.6550464913797","15.0602810875446","14.5737803066035","15.036119660525","15.6571145272722","16.9603513170499","16.8318153447643","18.4902026867601","19.3259650755187","21.2872491181391","18.7669441984248","17.5956446037105","18.8532376550132","18.5845354435045","19.1687625943111","18.4879638168327","18.6332066638376","16.9604522948246","16.6107340612402","16.1705829786619","15.8207933783179","12.3455441478462","12.8355522251838","15.6721092997041","15.3913174995668","14.0695508769888","13.8713160276315",
"Zambia","ZMB","Gross capital formation (% of GDP)","NE.GDI.TOTL.ZS","","","","","","","","","","","","","","","","","","","","","","","","","","","","","","","","","","","","","","","","","","","","","","","","","","","29.8775153023967","32.889211245159","31.5179510511994","33.8029886804422","34.0692641856177","42.8051164515408","38.2062329128451","41.0018208583077","38.5885582958265","39.2619086467844","32.2448509806584","31.3669178305336","26.980508150543","31.4450686240954","23.7884862636697","",
"Zimbabwe","ZWE","Gross capital formation (% of GDP)","NE.GDI.TOTL.ZS","20.4337760344254","20.0499778141837","15.5987070884652","11.5132085342476","11.7423250280576","13.652441087852","14.9489038224708","17.4255799204296","21.1232779888672","16.8915390559764","18.3377796794332","20.1710888195953","23.7047141507277","22.8755367815636","24.7439493537354","23.6324831188118","16.1108677066264","17.1856996663972","10.695175257931","11.4096307544198","16.9369789330473","20.8158980173912","19.0537356888866","14.3051573357108","17.0355046016957","17.8199768103624","18.0563589970714","14.9361648466016","18.7017233144035","15.0379805990418","17.3769427588351","19.1042100393245","20.2368615840118","22.7758955422742","23.7299198607535","19.6591707659873","18.542214431785","18.1333489571127","20.7486046602396","14.3955403337463","13.5696410562881","10.2680381963647","4.99980300224577","8.00104702905506","4.5106309718516","1.52390049060044","1.5697434249782","7.11081731904245","5.12675418741512","12.7472016131117","18.7628395343529","17.3984690623007","9.85633778141151","9.20906247136893","9.63958883391864","10.0359230470755","9.86174106545716","14.7022431781545","14.1484443423452","6.58581233934153","7.34496201039336","9.97052205275027","7.63751490457867","10.0230432587302","8.84991575620184","",
